type,PTaggE1,metroaggE1,taxiaggE1,moreaggE1,bundleaggE1,PTaggE2,metroaggE2,taxiaggE2,moreaggE2,bundleaggE2
0.5,0.05898660232570337,-0.02099208692988318,-0.12477938626517777,-0.17649309149960063,-47.83671204126075,0.15496991223713671,-0.08924466552828925,0.007579178936478073,-0.1293560201574633,-41.57673702497286
0.51,0.060005234816078744,-0.021566210579940594,-0.12744182491192918,-0.18020903268852656,-48.82946143390422,0.1576772621751851,-0.09136986248129436,0.007703806115142822,-0.13192624375240902,-42.41969592114986
0.52,0.06101774224835819,-0.02214620093736474,-0.13011064636458572,-0.1839321054489874,-49.823473426949114,0.1603693066110847,-0.09350830495190937,0.0078271908069821,-0.1344955781876034,-43.26299004120159
0.53,0.06202413610420664,-0.0227320470863543,-0.1327858406391764,-0.1876622992875983,-50.81873931070203,0.16304605152639795,-0.09565998377231533,0.00794932130087883,-0.13706401172893132,-44.10661342296068
0.54,0.06302442789058478,-0.023323738089238273,-0.13546739769905616,-0.19139960364307645,-51.815250373572866,0.1657075030771781,-0.09782488950016888,0.008070185810307728,-0.13963153275055235,-44.95056014648454
0.55,0.06401862913948916,-0.023921262986729322,-0.13815530745516055,-0.19514400788651973,-52.812997902384254,0.1683536675959663,-0.10000301241724517,0.008189772473453349,-0.14219812973569235,-45.79482433415673
0.56,0.06500675140769177,-0.024524610798177564,-0.14084955976626168,-0.19889550132168884,-53.81197318268065,0.17098455159377107,-0.10219434252810548,0.008308069353327908,-0.1447637912774458,-46.63940015078796
0.5700000000000001,0.0659888062764794,-0.02513377052182447,-0.14355014443922617,-0.20265407318529077,-54.81216749903696,0.17360016176202886,-0.10439886955878908,0.008425064437889741,-0.1473285060795879,-47.48428180371685
0.5800000000000001,0.06696480535139265,-0.025748731135057094,-0.14625705122927457,-0.20641971264726575,-55.81357213536663,0.1762005049745454,-0.10661658295553098,0.008540745640161716,-0.1498922629573971,-48.32946354291043
0.5900000000000001,0.06793476026196436,-0.02636948159466252,-0.14897026984024248,-0.21019240881107595,-56.81617837522941,0.17878558828941715,-0.1088474718835058,0.008655100798350369,-0.15245505083848748,-49.174939661064265
0.6000000000000001,0.06889868266145821,-0.026996010837082324,-0.15168978992484333,-0.21397215071399703,-57.819977502138535,0.18135541895093502,-0.11109152522559633,0.00876811767596514,-0.15501685876365093,-50.02070449370248
0.6100000000000001,0.06985658422660633,-0.027628307778667652,-0.15441560108493285,-0.21775892732741178,-58.82496079986737,0.1839100043914662,-0.11334873158119009,0.008879783961938444,-0.15757767588770943,-50.86675241927741
0.6200000000000001,0.07080847665734727,-0.028266361315933963,-0.1571476928717751,-0.22155272755710656,-59.83111955275561,0.1864493522333193,-0.1156190792650003,0.00899008727074625,-0.16013749148037645,-51.71307785926906
0.6300000000000001,0.07175437167656312,-0.028910160325816475,-0.15988605478631007,-0.22535354024356974,-60.838445046014854,0.18897347029058528,-0.11790255630591673,0.00909901514252922,-0.1626962949271286,-52.559675278284246
0.6400000000000001,0.07269428102981676,-0.02955969366592525,-0.16263067627942296,-0.229161354162293,-61.84692856603371,0.1914823665709622,-0.12019915044588121,0.009206555043214878,-0.16525407573008585,-53.40653918415555
0.6500000000000001,0.07362821648508856,-0.030214950174800942,-0.16538154675221511,-0.23297615802407426,-62.8565614006822,0.1939760492775568,-0.12250884913879272,0.009312694364640443,-0.1678108235089019,-54.25366412804004
0.6600000000000001,0.07455618983251293,-0.03087591867217028,-0.16813865555627625,-0.23679794047532382,-63.8673348396157,0.1964545268106668,-0.12483163954943885,0.009417420424676613,-0.17036652800166302,-55.10104470451765
0.6700000000000002,0.07547821288411466,-0.03154258795920195,-0.17090199199395853,-0.24062669009837234,-64.87924017457814,0.19891780776954163,-0.12716750855245745,0.009520720467352386,-0.17292117906579632,-55.948675551689355
0.6800000000000002,0.07639429747354486,-0.03221494681876242,-0.17367154531865212,-0.24446239541178102,-65.8922686997047,0.20136590095412274,-0.12951644273132545,0.009622581662980972,-0.17547476667898665,-56.796551351275184
0.6900000000000002,0.07730445545581684,-0.03289298401567199,-0.17644730473506212,-0.24830504487065433,-66.90641171182372,0.20379881536676178,-0.13187842837737723,0.009722991108286883,-0.17802728094010245,-57.64466682871181
0.7000000000000002,0.07820869870704167,-0.033576688296960866,-0.17922925939948722,-0.2521546268669553,-67.92166051075809,0.20621656021391896,-0.13425345148885207,0.00982193582653426,-0.18057871207013013,-58.49301675325005
0.7100000000000002,0.07910703912416356,-0.03426604839212537,-0.1820173984200998,-0.2560111297298222,-68.93800639962585,0.20861914490783767,-0.13664149776997203,0.0099194027676565,-0.18312905041311656,-59.34159593805199
0.7200000000000002,0.07999948862469504,-0.03496105301338417,-0.18481171085722733,-0.2598745417258888,-69.9554406851401,0.21100657906819922,-0.13904255263004875,0.01001537880838729,-0.18567828643712056,-60.190399240287896
0.7300000000000002,0.08088605914645196,-0.035661690855934645,-0.18761218572363558,-0.26374485105960516,-70.97395467790831,0.21337887252375426,-0.1414566011826213,0.010109850752393275,-0.18822641073517163,-61.03942156123292
0.7400000000000002,0.08176676264728831,-0.036367950598209194,-0.1904188119848131,-0.2676220458735624,-71.99353969273074,0.2157360353139332,-0.14388362824462378,0.010202805330408151,-0.19077341402623743,-61.8886578463634
0.7500000000000002,0.08264161110483086,-0.03707982090213171,-0.19323157855925707,-0.2715061142488184,-73.01418704889817,0.21807807769043264,-0.14632361833558546,0.010294229200368356,-0.19331928715619864,-62.73810308545303
0.7600000000000002,0.08351061651621355,-0.037797290413374006,-0.19605047431876094,-0.2753970442052263,-74.03588807048892,0.2204050101187818,-0.14877655567686005,0.010384108947550765,-0.19586402109883133,-63.58775231266861
0.7700000000000002,0.08437379089781219,-0.03852034776161217,-0.19887548808870295,-0.2792948237017649,-75.05863408666514,0.22271684327988303,-0.1512424241908885,0.010472431084711955,-0.19840760695679727,-64.43760060666571
0.7800000000000002,0.08523114628497823,-0.03924898156078317,-0.20170660864833653,-0.28319944063687136,-76.08241643196799,0.2250135880715331,-0.15372120750049179,0.010559182052229549,-0.20095003596264108,-65.28764309068383
0.7900000000000003,0.08608269473177321,-0.039983180409341186,-0.20454382473108207,-0.2871108828487761,-77.1072264466124,0.22729525560991715,-0.1562128889281983,0.010644348218245366,-0.20349129947979477,-66.13787493264131
0.8000000000000003,0.08692844831070264,-0.04072293289051412,-0.20738712502481954,-0.29102913811583964,-78.1330554767808,0.22956185723108424,-0.1587174514956006,0.010727915878810853,-0.20603138900358867,-66.98829134523005
0.8100000000000003,0.0877684191124498,-0.041468227572559906,-0.21023649817218332,-0.29495419415689145,-79.15989487491598,0.23181340449239518,-0.16123487792274824,0.01080987125803447,-0.2085702961622701,-67.83888758600985
0.8200000000000003,0.08860261924560976,-0.042219053009023004,-0.21309193277085747,-0.2988860386315711,-80.18773600001322,0.23404990917394994,-0.16376515062757072,0.010890200508231524,-0.21110801271802748,-68.68965895750227
0.8300000000000003,0.08943106083642303,-0.04297539773899052,-0.21595341737387322,-0.3028246591406716,-81.21657021791138,0.2362713832799891,-0.1663082517253366,0.010968889710076101,-0.21364453056802166,-69.54060080728446
0.8400000000000003,0.09025375602850914,-0.04373725028734861,-0.2188209404899071,-0.3067700432264844,-82.24638890158326,0.2384778390402734,-0.1688641630281434,0.011045924872755507,-0.2161798417454227,-70.39170852808238
0.8500000000000003,0.0910707169826004,-0.04450459916503856,-0.2216944905835806,-0.3107221783731465,-83.27718343142492,0.24066928891143713,-0.17143286604444444,0.011121291934127291,-0.21871393842045303,-71.24297755786371
0.8600000000000003,0.0918819558762754,-0.04527743286931288,-0.22457405607576147,-0.3146810520069898,-84.30894519554411,0.24284574557832014,-0.17401434197860732,0.01119497676087858,-0.22124681290143663,-72.0944033799306
0.8700000000000003,0.0926874849036927,-0.04605573988399127,-0.22745962534386563,-0.31864665149689236,-85.34166559004792,0.2450072219552717,-0.17660857173050937,0.011266965148688392,-0.22377845763585286,-72.9459815230117
0.8800000000000003,0.09348731627532415,-0.04683950867971648,-0.23035118672216076,-0.32261896415463126,-86.37533601932911,0.2471537311874338,-0.17921553589516553,0.011337242822392303,-0.22630886521139681,-73.79770756135407
0.8900000000000003,0.09428146221768866,-0.0476287277142101,-0.2332487285020713,-0.3265979772352382,-87.40994789635192,0.24928528665199712,-0.18183521476239353,0.011405795436150242,-0.2288380283570437,-74.6495771148146
0.9000000000000004,0.09506993497308551,-0.048423385432528145,-0.2361522389324843,-0.33058367793735594,-88.44549264293649,0.25140190195943335,-0.18446758831651286,0.011472608573617024,-0.23136593994411886,-75.50158584895097
0.9100000000000004,0.09585274679932802,-0.0492234702673165,-0.23906170622005657,-0.3345760534035975,-89.48196169004257,0.25350359095470193,-0.18711263623608093,0.011537667748115907,-0.23389259298737242,-76.35372947511213
0.9200000000000004,0.09662990996947729,-0.05002897063906619,-0.2419771185295232,-0.33857509072090713,-90.51934647805209,0.2555903677184326,-0.18977033789366365,0.011600958402815081,-0.23641798064605804,-77.20600375052858
0.9300000000000004,0.09740143677157546,-0.05083987495636868,-0.24489846398400722,-0.3425807769209229,-91.55763845705064,0.25766224656808207,-0.192440672355643,0.011662465910907468,-0.23894209622501641,-78.0584044784019
0.9400000000000004,0.09816733950837964,-0.05165617161617066,-0.24782573066533034,-0.34659309898034113,-92.59682908710809,0.25971924205906477,-0.19512361838206194,0.011722175575793631,-0.2414649331757625,-78.9109275079939
0.9500000000000004,0.09892763049709556,-0.05247784900402895,-0.2507589066143247,-0.35061204382128275,-93.63690983855797,0.26176136898585933,-0.19781915442650458,0.011780072631268013,-0.2439864850975769,-79.76356873471534
0.9600000000000004,0.09968232206911143,-0.05330489549436499,-0.2536979798311463,-0.3546375983116617,-94.67787219227584,0.26378864238308913,-0.20052725863601387,0.011836142241708487,-0.2465067457386003,-80.61632410021411
0.9700000000000004,0.1004314265697317,-0.054137299450719205,-0.2566429382755889,-0.35866974926555445,-95.71970763995661,0.26580107752657633,-0.2032479088510472,0.011890369502269411,-0.2490257089969318,-81.46918959246285
0.9800000000000004,0.10117495635791117,-0.05497504922600527,-0.25959376986739946,-0.36270848344357237,-96.76240768439074,0.26779868993437,-0.2059810826054695,0.01194273943907817,-0.2515433689217302,-82.32216124584596
0.9900000000000004,0.10191292380598894,-0.05581813316276384,-0.2625504624865944,-0.3667537875532344,-97.80596383973923,0.2697814953677495,-0.20872675712658298,0.011993237009435338,-0.2540597197143182,-83.17523514124629
1.0000000000000004,0.10264534129942289,-0.056666539593416304,-0.26551300397377736,-0.3708056482493431,-98.85036763180771,0.2717495098322009,-0.21148490933519606,0.012041847102018556,-0.256574755729289,-84.0284074061309
1.0100000000000005,0.10337222123652363,-0.05752025684051818,-0.26848138213045725,-0.3748640521343607,-99.89561059831902,0.2737027495783666,-0.21425551584573005,0.012088554537090072,-0.25908847147561603,-84.88167421463659
1.0200000000000005,0.10409357602818926,-0.05837927321701223,-0.2714555847193684,-0.37892898575878836,-100.94168428918506,0.275641231102969,-0.2170385529663653,0.012133344066708207,-0.2616008616177636,-85.73503178765448
1.0300000000000005,0.10480941809763986,-0.059243577026481344,-0.2744355994647907,-0.38300043562154584,-101.9885802667771,0.27756497114970824,-0.2198339966992245,0.0121762003749426,-0.26411192097680103,-86.58847639291422
1.0400000000000005,0.10551975988015234,-0.06011315656340104,-0.27742141405287124,-0.38707838817035406,-103.03629010619515,0.2794739867101325,-0.222641822740596,0.01221710807809372,-0.2666216445315174,-87.44200434506733
1.0500000000000005,0.10622461382279542,-0.06098800011339184,-0.2804130161319473,-0.39116282980211764,-104.084805395536,0.2813682950244818,-0.2254620064811967,0.012256051724915992,-0.26913002741953795,-88.29561200577004
1.0600000000000005,0.1069239923841647,-0.06186809595347109,-0.2834103933128694,-0.3952537468633108,-105.13411773616006,0.28324791358250484,-0.22829452300647365,0.012293015796845386,-0.2716370649384419,-89.14929578376525
1.0700000000000005,0.10761790803411804,-0.0627534323523047,-0.2864135331693261,-0.39935112565036385,-106.18421874295709,0.28511286012424997,-0.23113934709694497,0.012327984708231118,-0.2741427525468812,-90.0030521349641
1.0800000000000003,0.10830637325351102,-0.06364399757045847,-0.2894224232381696,-0.403454952410051,-107.23510004461045,0.2869631526408269,-0.23399645322858237,0.012360942806571601,-0.27664708586569947,-90.8568775625262
1.0900000000000003,0.10898940053393305,-0.06453977986064878,-0.2924370510197418,-0.40756521333988066,-108.28675328386046,0.2887988093751434,-0.23686581557323177,0.012391874372754566,-0.279150060679052,-91.71076861693982
1.1000000000000003,0.10966700237744283,-0.06544076746799359,-0.2954574039782019,-0.4116818945884862,-109.33917011776609,0.2906198488226137,-0.23974740799907543,0.012420763621302127,-0.2816516729355257,-92.56472189610079
1.1100000000000003,0.11033919129630511,-0.06634694863026228,-0.2984834695418544,-0.415804982256019,-110.39234221796568,0.2924262897318397,-0.24264120407113404,0.012447594700619503,-0.28415191874925855,-93.41873404539078
1.1200000000000006,0.11100597981272675,-0.06725831157812583,-0.3015152351034784,-0.4199344623945424,-111.44626127093619,0.2942181511052642,-0.24554717705181053,0.012472351693249142,-0.28665079440105967,-94.2728017577546
1.1300000000000006,0.11166738045859383,-0.06817484453540604,-0.3045526880206573,-0.42407032100842773,-112.50091897825132,0.2959954521997987,-0.2484652999014726,0.01249501861612871,-0.28914829633952754,-95.12692177377714
1.1400000000000006,0.11232340577520841,-0.06909653571932478,-0.3075958156161098,-0.428212544054751,-113.55630705683808,0.2977582125274197,-0.2513955452790794,0.012515579420854323,-0.29164442118216843,-95.98109088175855
1.1500000000000006,0.112974068313026,-0.07002337334075247,-0.3106446051780213,-0.43236111744369127,-114.61241723923226,0.2995064518557424,-0.2543378855428457,0.012534017993948257,-0.29413916571651283,-96.83530591778951
1.1600000000000006,0.11361938063139311,-0.07095534560445653,-0.3136990439603763,-0.4365160270389311,-115.66924127383241,0.30124019020856063,-0.25729229275095244,0.012550318157131398,-0.29663252690123126,-97.6895637658248
1.1700000000000006,0.11425935529828513,-0.07189244070934903,-0.3167591191832919,-0.44067725865805685,-116.72677092515256,0.30295944786636564,-0.2602587386622928,0.012564463667600853,-0.29912450186724776,-98.54386135775644
1.1800000000000006,0.11489400489004468,-0.07283464684873407,-0.3198248180333516,-0.4448447980729619,-117.78499797407353,0.3046642453668301,-0.26323719473726626,0.012576438218312008,-0.3016150879188517,-99.39819567348543
1.1900000000000006,0.11552334199112006,-0.0737819522105548,-0.32289612766393977,-0.4490186310102502,-118.84391421809286,0.3063546035052703,-0.26622763213860945,0.012586225438266265,-0.304104282534807,-100.25256374099297
1.2000000000000006,0.11614737919380412,-0.07473434497763985,-0.3259730351955776,-0.45319874315164127,-119.90351147157338,0.30803054333507424,-0.2692300217322736,0.012593808892803128,-0.3065920833694599,-101.10696263641023
1.2100000000000006,0.11676612909797368,-0.07569181332794916,-0.3290555277162587,-0.4573851201343766,-120.9637815659904,0.3096920861681083,-0.2722443340883394,0.012599172083897957,-0.30907848825384265,-101.96138948408733
1.2200000000000006,0.11737960431082901,-0.07665434543481975,-0.33214359228178664,-0.46157774755162734,-122.02471635017743,0.3113392535750889,-0.2752705394819795,0.012602298450464514,-0.31156349519677484,-102.81584145666115
1.2300000000000006,0.11798781744663371,-0.07762192946721057,-0.33523721591611216,-0.4657766109529032,-123.08630769057046,0.3129720673859312,-0.27830860789445894,0.012603171368662935,-0.31404710238596123,-103.67031577512213
1.2400000000000009,0.11859078112645546,-0.07859455358994691,-0.3383363856116714,-0.46998169584446176,-124.14854747145105,0.3145905496900658,-0.2813585090141821,0.01260177415221293,-0.3165293081890863,-104.5248097088798
1.2500000000000009,0.11918850797790627,-0.07957220596396475,-0.3414410883297249,-0.4741929876897206,-125.21142759518756,0.3161947228367301,-0.2844202122377789,0.012598090052712391,-0.3190101111549046,-105.37932057582732
1.260000000000001,0.11978101063488406,-0.08055487474655383,-0.34455131100069714,-0.478410471909669,-126.27493998247529,0.31778460943522857,-0.2874936866712373,0.012592102259961227,-0.32148951001432635,-106.23384574240477
1.270000000000001,0.12036830173731411,-0.08154254809160083,-0.3476670405245166,-0.4826341338832813,-127.339076572575,0.3193602323551657,-0.2905789011310773,0.012583793902290887,-0.3239675036815001,-107.0883826236612
1.2800000000000007,0.12095039393089096,-0.08253521414983171,-0.35078826377095645,-0.48686395894793155,-128.40382932354996,0.3209216147266507,-0.29367582414556676,0.012573148046899118,-0.32644409125488943,-107.94292868331561
1.2900000000000007,0.12152729986682088,-0.08353286106905362,-0.35391496757997626,-0.4910999323998092,-129.46919021250162,0.322468779940474,-0.29678442395598353,0.012560147700190559,-0.3289192720183446,-108.79748143381654
1.3000000000000007,0.12209903220156493,-0.08453547699439609,-0.3570471387620634,-0.49534203949433586,-130.5351512358035,0.3240017516482527,-0.29990466851791925,0.012544775808122723,-0.3313930454421698,-109.65203843640029
1.3100000000000007,0.12266560359658216,-0.08554305006855178,-0.36018476409857575,-0.4995902654465821,-131.60170440933408,0.3255205537625505,-0.30303652550262655,0.012527015256557476,-0.33386541118418417,-110.50659730114818
1.3200000000000007,0.1232270267180734,-0.0865555684320166,-0.3633278303420846,-0.5038445954316871,-132.66884176870755,0.3270252104569675,-0.3061799622984097,0.012506848871618815,-0.33633636909077697,-111.36115568704216
1.3300000000000007,0.12378331423672555,-0.08757302022332936,-0.366476324216718,-0.5081050145852778,-133.73655536950355,0.3285157461661998,-0.3093349460120611,0.012484259420055642,-0.3388059191979567,-112.2157113020191
1.3400000000000007,0.12433447882745656,-0.0885953935793105,-0.369630232418505,-0.5123715080038895,-134.8048372874952,0.3299921855860739,-0.3125014434703385,0.012459229609610892,-0.34127406173239394,-113.0702619030238
1.3500000000000008,0.12488053316916044,-0.08962267663530062,-0.3727895416157201,-0.5166440607453873,-135.87367961887543,0.33145455367354876,-0.31567942122148823,0.012431742089396108,-0.3437407971124572,-113.92480529606061
1.3600000000000008,0.12542148994445318,-0.09065485752539802,-0.3759542384492273,-0.5209226578293884,-136.94307448048207,0.33290287564669163,-0.31886884553681133,0.0124017794502722,-0.3462061259492416,-114.77933933624351
1.3700000000000008,0.12595736183941902,-0.091691924382696,-0.379124309532827,-0.5252072842376859,-138.013014010021,0.33433717698462356,-0.3220696824122741,0.012369324225235723,-0.34867004904759114,-115.63386192784463
1.3800000000000008,0.1264881615433574,-0.09273386533951895,-0.3822997414536002,-0.5294979249146723,-139.08349036628815,0.33575748342743583,-0.325281897570164,0.012334358889811589,-0.3511325674071122,-116.4883710243416
1.3900000000000008,0.12701390174853017,-0.09378066852765853,-0.38548052077225553,-0.5337945647677651,-140.15449572938954,0.33716382097608,-0.3285054564607856,0.012296865862451387,-0.3535936822231796,-117.34286462846306
1.4000000000000008,0.12753459514990953,-0.09483232207860855,-0.38866663402347557,-0.5380971886678313,-141.22602230095998,0.3385562158922269,-0.3317403242642052,0.012256827504937898,-0.35605339488793497,-118.19734079223274
1.4100000000000008,0.12805025444492665,-0.09588881412379946,-0.39185806771626375,-0.5424057814496159,-142.29806230438007,0.33993469469809573,-0.33498646589203823,0.01221422612279543,-0.35851170699127627,-119.05179761701196
1.4200000000000008,0.12856089233322063,-0.09695013279483225,-0.39505480833429163,-0.5467203279121673,-143.37060798499158,0.3412992841762581,-0.33824384598927926,0.012169043965706712,-0.3609686203218382,-119.90623325354053
1.4300000000000008,0.12906652151638814,-0.09801626622371136,-0.3982568423362464,-0.5510408128192666,-144.44365161031126,0.34265001136940954,-0.3415124289361786,0.012121263227935514,-0.363424136867964,-120.76064590197605
1.4400000000000008,0.12956715469773372,-0.09908720254307736,-0.40146415615617886,-0.5553672208998557,-145.51718547024305,0.3439869035801148,-0.34479217885016067,0.0120708660487555,-0.3658782588186682,-121.61503381193143
1.4500000000000008,0.13006280458202046,-0.10016292988643831,-0.4046767362038518,-0.5596995368484672,-146.5912018772886,0.34530998837052235,-0.34808305958778996,0.012017834512885323,-0.36833098856458846,-122.46939528251086
1.4600000000000009,0.13055348387522156,-0.10124343638840107,-0.40789456886508785,-0.5640377453256534,-147.66569316675617,0.34661929356205157,-0.3513850347467778,0.01196215065093,-0.37078232869892974,-123.32372866234394
1.4700000000000009,0.13103920528427235,-0.10232871018490133,-0.411117640502119,-0.568381830958419,-148.7406516969678,0.3479148472350496,-0.3546980676680363,0.0119037964398284,-0.37323228201839603,-124.17803234961826
1.4800000000000009,0.13151998151682298,-0.10341873941343337,-0.4143459374539352,-0.5727317783406504,-149.81606984946515,0.3491966777284226,-0.35802212143777357,0.011842753803307016,-0.3756808515241123,-125.03230479210993
1.4900000000000009,0.13199582528099174,-0.10451351221327855,-0.4175794460366331,-0.5770875720335483,-150.8919400292132,0.3504648136392327,-0.3613571588896372,0.011779004612340167,-0.3781280404225366,-125.8865444872125
1.5000000000000009,0.13246674928511892,-0.10561301672573371,-0.4208181525437663,-0.5814491965660611,-151.96825466480254,0.35171928382227297,-0.36470314260689823,0.011712530685616089,-0.38057385212636013,-126.74074998196409
1.510000000000001,0.1329327662375217,-0.10671724109433818,-0.4240620432466945,-0.5858166364353163,-153.04500620865022,0.3529601173896074,-0.36806003492468187,0.011643313790010169,-0.3830182902553958,-127.59491987307248
1.520000000000001,0.13339388884624917,-0.10782617346510051,-0.42731110439493325,-0.5901898761070556,-154.1221871371983,0.3541873437100884,-0.37142779793223957,0.011571335641063656,-0.3854613586374558,-128.4490528069386
1.530000000000001,0.13385012981883848,-0.10893980198672404,-0.4305653222165037,-0.5945689000160674,-155.19978995111137,0.3554009924088385,-0.37480639347527045,0.011496577903469142,-0.38790306130921687,-129.30314747967768
1.540000000000001,0.1343015018620715,-0.11005811481083203,-0.43382468291828297,-0.5989536925666223,-156.27780717547188,0.3566010933667115,-0.3781957831582802,0.011419022191562581,-0.3903434025170736,-130.157202637139
1.550000000000001,0.1347480176817319,-0.1111811000921918,-0.4370891726863544,-0.6033442381329079,-157.3562313599741,0.3577876767197177,-0.38159592834698947,0.011338650069821524,-0.3927823867179788,-131.01121707492317
1.560000000000001,0.13518968998236378,-0.112308745988938,-0.44035877768635684,-0.6077405210594637,-158.4350550791161,0.35896077285842726,-0.3850067901707827,0.01125544305336961,-0.39522001858027167,-131.86518963839805
1.570000000000001,0.13562653146702977,-0.11344104066279542,-0.4436334840638367,-0.6121425256616171,-159.51427093239025,0.36012041242733794,-0.3884283295252045,0.01116938260848779,-0.39765630298449195,-132.71911922271164
1.580000000000001,0.13605855483707108,-0.11457797227930051,-0.44691327794459634,-0.6165502362259191,-160.59387154447188,0.3612666263242232,-0.39186050707449505,0.011080450153131877,-0.40009124502418186,-133.57300477280418
1.590000000000001,0.1364857727918673,-0.1157195290080225,-0.4501981454350461,-0.6209636370105812,-161.67384956540616,0.36239944569944277,-0.39530328325417435,0.010988627057456384,-0.40252485000667354,-134.42684528341712
1.600000000000001,0.13690819802859788,-0.11686569902278332,-0.4534880726225542,-0.625382712245912,-162.75419767079333,0.3635189019552326,-0.39875661827366593,0.010893894644345216,-0.4049571234538633,-135.28063979910075
1.610000000000001,0.13732584324200323,-0.11801647050187712,-0.4567830455757968,-0.6298074461347538,-163.83490856197218,0.3646250267449622,-0.4022204721189673,0.010796234189948321,-0.40738807110297043,-136.13438741421913
1.620000000000001,0.13773872112414778,-0.11917183162828851,-0.46008305034510905,-0.6342378228529204,-164.91597496620187,0.36571785197236545,-0.40569480455536217,0.010695626924225075,-0.4098176989072829,-136.98808727295324
1.630000000000001,0.1381468443641828,-0.12033177058991018,-0.46338807296283524,-0.6386738265496343,-165.9973896368417,0.3667974097907434,-0.4091795751301759,0.01059205403149426,-0.4122460130368877,-137.8417385693019
1.640000000000001,0.13855022564811084,-0.12149627557975953,-0.46669809944367935,-0.6431154413479645,-167.07914535352944,0.36786373260213867,-0.4126747431755756,0.010485496650990217,-0.41467301987938593,-138.6953405470805
1.650000000000001,0.13894887765855005,-0.1226653347961948,-0.470013115785055,-0.647562651345264,-168.16123492235778,0.3689168530564818,-0.4161802678114123,0.01037593587742571,-0.4170987260405928,-139.54889249991712
1.660000000000001,0.13934281307450022,-0.12383893644312957,-0.4733331079674363,-0.6520154406136092,-169.24365117604907,0.369956804050712,-0.4196961079481057,0.010263352761561,-0.4195231383452224,-140.40239377124718
1.670000000000001,0.13973204457110897,-0.12501706873024734,-0.47665806195470733,-0.6564737932002364,-170.32638697412807,0.37098361872786584,-0.42322222228957335,0.01014772831077988,-0.4219462638375553,-141.25584375430512
1.680000000000001,0.14011658481943903,-0.12619971987321424,-0.47998796369451263,-0.660937693127981,-171.40943520309327,0.37199733047614303,-0.4267585693362008,0.010029043489671171,-0.4243681097820921,-142.109241892114
1.690000000000001,0.14049644648623627,-0.12738687809389176,-0.4833227991186071,-0.6654071243957165,-172.4927887765861,0.37299797292794196,-0.43030510738785616,0.009907279220618114,-0.4267886836641889,-142.96258767747298
1.700000000000001,0.14087164223369872,-0.12857853162054772,-0.4866625541432052,-0.6698820709787917,-173.5764406355586,0.37398557995886866,-0.4338617945469445,0.009782416384392693,-0.4292079931906761,-143.8158806529422
1.710000000000001,0.141242184719246,-0.12977466868806706,-0.49000721466933117,-0.6743625168294699,-174.6603837484392,0.3749601856867185,-0.4374285887215068,0.009654435820757689,-0.43162604629046153,-144.66912041082537
1.720000000000001,0.14160808659529,-0.13097527753816135,-0.4933567665831682,-0.6788484458773681,-175.74461111129654,0.37592182447043004,-0.44100544762836075,0.009523318329074002,-0.43404285111511537,-145.52230659314992
1.730000000000001,0.14196936050900638,-0.13218034641957704,-0.49671119575640726,-0.6833398420298946,-176.82911574800193,0.3768705309090125,-0.44459232879628174,0.009389044668915554,-0.4364584160394378,-146.3754388916449
1.740000000000001,0.14232601910210688,-0.13338986358830376,-0.5000704880465967,-0.6878366891726875,-177.91389071038958,0.3778063398404473,-0.4481891895692265,0.009251595560689345,-0.43887274966200884,-147.22851704771637
1.750000000000001,0.14267807501061208,-0.13460381730778057,-0.5034346292974904,-0.692338971170054,-178.99892907841513,0.37872928634055997,-0.4517959871095991,0.009110951686262938,-0.4412858608057207,-148.08154085241998
1.7600000000000011,0.14302554086462585,-0.13582219584910196,-0.5068036053393965,-0.6968466718654083,-180.08422396031258,0.37963940572186766,-0.45541267840155636,0.008967093689597631,-0.4436977585182912,-148.9345101464318
1.7700000000000011,0.14336842928811017,-0.1370449874912226,-0.5101774019895258,-0.7013597750817094,-181.16976849274917,0.38053673353239914,-0.45903922025435645,0.008820002177388315,-0.44610845207275923,-149.78742482001576
1.7800000000000011,0.14370675289866064,-0.13827218052116147,-0.5135560050523389,-0.7058782646219005,-182.25555584097842,0.3814213055544894,-0.4626755693057459,0.008669657719709418,-0.4485179509679614,-150.64028481298945
1.7900000000000011,0.14404052430728345,-0.13950376323420444,-0.5169394003198946,-0.7104021242693457,-183.34157919899167,0.38229315780354683,-0.46632168202538826,0.008516040850667385,-0.45092626492898885,-151.49309011468665
1.8000000000000012,0.14436975611817296,-0.14073972393410644,-0.5203275735721969,-0.7149313377882688,-184.4278317896675,0.38315232652679293,-0.46997751471833515,0.00835913206905913,-0.45333340390762655,-152.34584076391752
1.8100000000000007,0.14469446092849012,-0.1419800509332923,-0.5237205105775421,-0.7194658889241905,-185.51430686491932,0.3839988482019793,-0.4736430235285336,0.008198911839036819,-0.45573937808277176,-153.19853684892655
1.8200000000000007,0.1450146513281419,-0.14322473255305687,-0.5271181970928644,-0.7240057614043659,-186.60099770584137,0.38483275953607715,-0.4773181644423756,0.008035360590779158,-0.4581441978608329,-154.05117850734717
1.8300000000000007,0.14533033989956193,-0.1444737571237638,-0.5305206188640839,-0.7285509389382215,-187.68789762285266,0.3856540974639392,-0.4810028932922872,0.007868458721168337,-0.4605478738761088,-154.9037659261546
1.8400000000000007,0.1456415392174913,-0.1457271129850438,-0.5339277616264503,-0.7331014052177925,-188.77499995583912,0.38646289914693854,-0.48469716576035626,0.007698186594473514,-0.4629504169911478,-155.7562993416151
1.8500000000000008,0.1459482618487613,-0.14698478848599136,-0.5373396111048898,-0.7376571439181591,-189.86229807429416,0.38725920197158237,-0.4884009373819986,0.007524524543040305,-0.46535183829708654,-156.6087790392335
1.8600000000000008,0.14625052035207653,-0.14824677198536082,-0.54075615301435,-0.7422181386978829,-190.94978537745695,0.3880430435480957,-0.4921141635496665,0.007347452867986191,-0.46775214911396734,-157.46120535369732
1.8700000000000008,0.14654832727779885,-0.14951305185176136,-0.5441773730601432,-0.7467843731994429,-192.0374552944493,0.38881446170898826,-0.4958367995165883,0.007166951839902204,-0.4701513609910357,-158.31357866881842
1.8800000000000008,0.1468416951677327,-0.15078361646385094,-0.5476032569382917,-0.7513558310496709,-193.12530128441037,0.38957349450758705,-0.4995688004005551,0.006983001699560522,-0.4725494857070156,-159.16589941747202
1.8900000000000008,0.14713063655491124,-0.15205845421052916,-0.5510337903358709,-0.7559324958601868,-194.2133168366298,0.390320180216552,-0.5033101211877383,0.006795582658627956,-0.47494653527036523,-160.0181680815329
1.9000000000000008,0.14741516396338336,-0.15333755349112907,-0.5544689589313521,-0.7605143512278341,-195.30149547067873,0.3910545573263607,-0.5070607167365492,0.006604674900385365,-0.47734252191950904,-160.87038519180857
1.9100000000000013,0.1476952899080017,-0.15462090271560824,-0.5579087483949458,-0.7651013807351122,-196.3898307365393,0.39177666454377486,-0.5108205417815312,0.006410258580452984,-0.4797374581230497,-161.72255132797036
1.9200000000000013,0.147971026894212,-0.15590849030473825,-0.5613531443889431,-0.7696935679506132,-197.47831621473193,0.39248654079027573,-0.5145895509372947,0.006212313827521796,-0.4821313565799572,-162.5746671184808
1.9300000000000013,0.14824238741784268,-0.15720030469029375,-0.5648021325680574,-0.7742908964294525,-198.5669455164411,0.39318422520048285,-0.5183676987024831,0.006010820744089877,-0.4845242302197369,-163.42673324051893
1.9400000000000013,0.1485093839648966,-0.1584963343152398,-0.5682556985797654,-0.7788933497137039,-199.65571228363908,0.3938697571205404,-0.5221549394637787,0.0058057594072058,-0.48691609220257326,-164.2787504199023
1.9500000000000013,0.14877202901134254,-0.1597965676339188,-0.5717138280646477,-0.7835009113328307,-200.7446101892078,0.39454317610648915,-0.5259512274999412,0.005597109869216402,-0.4893069559194533,-165.1307194310066
1.9600000000000013,0.1490303350229087,-0.1611009931122358,-0.5751765066567276,-0.7881135648041183,-201.83363293705906,0.3952045219226064,-0.5297565169858858,0.005384852158521034,-0.49169683499226546,-165.9826410966817
1.9700000000000013,0.14928431445487664,-0.16240959922784332,-0.5786437199838117,-0.7927312936331044,-202.92277426225266,0.3958538345397287,-0.5335707619967919,0.005168966280330807,-0.49408574327387744,-166.83451628816553
1.980000000000001,0.14953397975187668,-0.16372237447032442,-0.5821154536678272,-0.797354081314011,-204.01202793111278,0.3964911541335472,-0.5373939165122502,0.004949432217434133,-0.4964736948481884,-167.6863459249949
1.990000000000001,0.14977934334768384,-0.1650393073413753,-0.585591693325161,-0.8019819113301736,-205.10138774134265,0.39711652108288364,-0.541225934420442,0.0047262299309667076,-0.4988607040301606,-168.53813097491292
2.0000000000000013,0.15002041766501537,-0.1663603863549864,-0.5890724245669955,-0.806614767154471,-206.19084752213703,0.3977299759679409,-0.5450667695223521,0.004499339361187651,-0.5012467853658253,-169.38987245377427
2.0100000000000016,0.15025721511532883,-0.16768560003762267,-0.5925576329996465,-0.8112526322497536,-207.28040113429324,0.39833155956853206,-0.5489163755360184,0.0042687404282608105,-0.503631953632267,-170.24157142544703
2.0200000000000014,0.15048974809862176,-0.16901493692840258,-0.5960473042248979,-0.815895490069272,-208.3700424703199,0.3989213128622871,-0.5527747061008096,0.004034413033041099,-0.506016223837582,-171.09322900171142
2.030000000000001,0.15071802900323183,-0.170348385579276,-0.5995414238403384,-0.8205433240571038,-209.45976545454445,0.39949927702283905,-0.5566417147817401,0.003796337057866508,-0.5083996112208145,-171.9448463421564
2.0400000000000014,0.15094207020563857,-0.17168593455520156,-0.6030399774396945,-0.8251961176485814,-210.5495640432181,0.4000654934179831,-0.5605173550738157,0.003554492367354598,-0.5107821312518676,-172.79642465407227
2.0500000000000016,0.15116188407026582,-0.1730275724343217,-0.6065429506131651,-0.8298538542707158,-211.63943222461933,0.4006200036078217,-0.5644015804064096,0.0033088588092047184,-0.5131637996313905,-173.647965192341
2.0600000000000014,0.1513774829492853,-0.17437328780813777,-0.6100503289477538,-0.8345165173426239,-212.72936401915544,0.4011628493428818,-0.5682943441476722,0.0030594162150050365,-0.5155446322906415,-174.49946925932326
2.070000000000001,0.1515888791824218,-0.17572306928168357,-0.6135620980276018,-0.8391840902759513,-213.81935347946262,0.4016940725622146,-0.5721955996089692,0.002806144401044276,-0.5179246453913258,-175.35093820474276
2.0800000000000014,0.1517960850967585,-0.17707690547369778,-0.6170782434343194,-0.8438565564752971,-214.90939469050343,0.40221371539147033,-0.5761053000493552,0.0025490231691283924,-0.5203038553254092,-176.20237342556712
2.0900000000000016,0.15199911300654412,-0.17843478501679508,-0.6205987507473159,-0.8485338993386349,-215.99948176966302,0.4027218201409593,-0.5800233986800694,0.002288032307402509,-0.522682278714906,-177.0537763658862
2.1000000000000014,0.1521979752130011,-0.1797966965576364,-0.6241236055441298,-0.8532161022577356,-217.08960886684335,0.4032184293036839,-0.5839498486690686,0.0020231515911768357,-0.5250599324116438,-177.90514851678682
2.110000000000001,0.15239268400413455,-0.1811626287570981,-0.6276527934007582,-0.8579031486185891,-218.17977016455558,0.40370358555335784,-0.5878846031455845,0.0017543607837576941,-0.527436833497001,-178.75649141622532
2.120000000000001,0.15258325165454262,-0.18253257029043993,-0.6311862998919846,-0.8625950218018229,-219.26995987801055,0.40417733174239934,-0.5918276152047134,0.0014816396372831079,-0.5298129992816208,-179.6078066488963
2.1300000000000017,0.15276969042522792,-0.18390650984747134,-0.6347241105917061,-0.8672917051831215,-220.36017225520746,0.4046397108999085,-0.5957788379120285,0.0012049678935627634,-0.5321884473050987,-180.45909584609842
2.140000000000001,0.15295201256340973,-0.18528443613271767,-0.6382662110732596,-0.8719931821336452,-221.45040157702064,0.4050907662296234,-0.5997382243082265,0.0009243252849218657,-0.5345631953356457,-181.3103606855975
2.150000000000001,0.15313023030233813,-0.1866663378655845,-0.641812586909749,-0.8766994360204468,-222.54064215728476,0.4055305411078587,-0.6037057274137952,0.0006396915350508064,-0.5369372613697249,-182.16160289148647
2.160000000000001,0.1533043558611083,-0.1880522037805209,-0.6453632236743675,-0.8814104502068878,-223.63088834287797,0.40595907908142154,-0.6076813002337129,0.0003510463598570368,-0.5393106636316637,-183.01282423404228
2.1700000000000017,0.15347440144447666,-0.18944202262718157,-0.6489181069407232,-0.8861262080530541,-224.72113451380292,0.40637642386551237,-0.6116648957621702,5.836946832287041e-05,-0.5416834205732382,-183.86402652957895
2.180000000000001,0.15364037924267795,-0.19083578317058777,-0.6524772222831604,-0.890846692916169,-225.81137508326674,0.4067826193416069,-0.6156564669873177,-0.00023835943663396976,-0.5440555508732345,-184.7152116402991
2.1900000000000013,0.15380230143124304,-0.19223347419128806,-0.6560405552770836,-0.8955718881510081,-226.90160449775843,0.40717770955531485,-0.6196559668960426,-0.0005391606572948799,-0.5464270734369825,-185.56638147414085
2.200000000000001,0.1539601801708189,-0.19363508448551567,-0.6596080914992761,-0.9003017771103097,-227.9918172371249,0.4075617387142294,-0.6236633484787647,-0.0008440545002718162,-0.5487980073958636,-186.4175379846229
2.2100000000000017,0.1541140276069885,-0.19504060286534725,-0.6631798165282216,-0.9050363431451868,-229.08200781464487,0.40793475118574984,-0.6276785647342589,-0.0011530612756340869,-0.5511683721067935,-187.26868317068536
2.220000000000001,0.15426385587009284,-0.19645001815885843,-0.6667557159444222,-0.9097755696055358,-230.17217077710112,0.40829679149489456,-0.6317015686744999,-0.0014662012960324398,-0.5535381871516771,-188.11981907652864
2.2300000000000013,0.15440967707505346,-0.19786331921027972,-0.6703357753307169,-0.9145194398404477,-231.262300704851,0.4086479043220893,-0.635732313329534,-0.0017834948758186913,-0.5559074723368399,-188.97094779144817
2.240000000000001,0.15455150332119674,-0.1992804948801501,-0.6739199802725991,-0.9192679371986124,-232.35239221189502,0.4089881345009463,-0.639770751752365,-0.0021049623301627133,-0.5582762476924314,-189.82207144966722
2.2500000000000018,0.15468934669207876,-0.2007015340454702,-0.6775083163585314,-0.9240210450287282,-233.44243994594348,0.4093175270160191,-0.6438168370238703,-0.0024306239741647886,-0.5606445334718011,-190.67319223016545
2.2600000000000016,0.1548232192553119,-0.20212642559985347,-0.6811007691802609,-0.9287787466799041,-234.53243858848157,0.4096361270005493,-0.6478705222577303,-0.0027605001219662916,-0.5630123501508522,-191.52431235650513
2.2700000000000014,0.15495313306239197,-0.2035551584536776,-0.6846973243331334,-0.9335410255020671,-235.62238285483258,0.40994397973418584,-0.6519317606053884,-0.0030946110858556548,-0.5653797184273648,-192.37543409665403
2.2800000000000016,0.15507910014852738,-0.2049877215342334,-0.6882979674164065,-0.9383078648463624,-236.71226749421928,0.41024113064070317,-0.6560005052610184,-0.003432977175372279,-0.5677466592202953,-193.22655976280538
2.290000000000002,0.15520113253246856,-0.2064241037858725,-0.6919026840335604,-0.9430792480655559,-237.80208728982328,0.4105276252856885,-0.660076709466522,-0.0037756186964069097,-0.5701131936690482,-194.07769171119432
2.3000000000000016,0.15531924221633928,-0.2078642941701552,-0.6955114597926089,-0.9478551585144346,-238.89183705884307,0.4108035093742277,-0.6641603265165373,-0.004122555950299403,-0.572479343132723,-194.92883234191214
2.3100000000000014,0.15543344118546884,-0.20930828166599574,-0.6991242803064096,-0.9526355795502061,-239.98151165255,0.41106882874856343,-0.6682513097634731,-0.004473809232933645,-0.5748451291893328,-195.7799840987161
2.3200000000000016,0.15554374140822555,-0.21075605526980706,-0.7027411311929717,-0.9574204945328952,-241.0711059563425,0.4113236293857504,-0.6723496126225528,-0.0048293988338294945,-0.5772105736349983,-196.63114946883786
2.330000000000002,0.15565015483585126,-0.21220760399564415,-0.7063619980757625,-0.9622098868257418,-242.16061488979824,0.4115679573952868,-0.6764551885768791,-0.00518934503523297,-0.579575698483114,-197.48233098278726
2.3400000000000016,0.15575269340229733,-0.21366291687534636,-0.7099868665840158,-0.967003739795594,-243.25003340672507,0.41180185901673894,-0.680567991182515,-0.005553668111202921,-0.5819405259634896,-198.3335312141542
2.3500000000000014,0.15585136902406166,-0.21512198295867827,-0.7136157223530344,-0.9718020368133039,-244.33935649520998,0.4120253806173437,-0.6846879740735822,-0.005922388326696304,-0.5843050785214635,-199.18475277940658
2.3600000000000017,0.155946193600027,-0.21658479131347005,-0.7172485510244961,-0.9766047612541195,-245.42857917766597,0.4122385686896075,-0.6888150909673679,-0.006295525936650677,-0.5866693788169918,-200.035998337686
2.370000000000002,0.15603717901130032,-0.21805133102575514,-0.7208853382467546,-0.9814118964980746,-246.51769651087747,0.41244146984888486,-0.692949295669453,-0.006673101185064917,-0.5890334497237084,-200.88727059059994
2.3800000000000017,0.1561243371210535,-0.2195215911999086,-0.724526069675142,-0.9862234259303788,-247.606703586044,0.41263413083094513,-0.6970905420788506,-0.007055134304077596,-0.5913973143279619,-201.73857228201055
2.390000000000001,0.15620767977436542,-0.22099556095878295,-0.7281707309722687,-0.9910393329418072,-248.6955955288221,0.41281659848952906,-0.7012387841931574,-0.00744164551304373,-0.5937609959278245,-202.58990619782176
2.4000000000000017,0.15628721879806487,-0.22247322944384332,-0.7318193078083232,-0.995859600929085,-249.78436749936526,0.41298891979389146,-0.7053939761137181,-0.007832655017609925,-0.5961245180320749,-203.44127516576165
2.410000000000002,0.1563629660005751,-0.22395458581530106,-0.7354717858613685,-1.0006842132952742,-250.87301469236226,0.4131511418263312,-0.709556072050802,-0.008228183008787504,-0.5984879043591557,-204.29268205516286
2.4200000000000017,0.15643493317175913,-0.2254396192522467,-0.7391281508176399,-1.0055131534501567,-251.96153233707383,0.41330331177971114,-0.7137250263287879,-0.008628249662023975,-0.6008511788361038,-205.14412977674
2.430000000000001,0.156503132082767,-0.22692831895278096,-0.7427883883718401,-1.0103464048106168,-253.04991569736768,0.4134454769549652,-0.717900793391364,-0.009032875136274328,-0.6032143655974577,-205.99562128236371
2.4400000000000017,0.15656757448588315,-0.2284206741341458,-0.7464524842274334,-1.0151839508010223,-254.13816007175149,0.4135776847585956,-0.7220833278067321,-0.009442079573069175,-0.6055774889841338,-206.8471595648317
2.450000000000002,0.15662827211437635,-0.22991667403285224,-0.750120424096938,-1.0200257748536037,-255.2262607934042,0.4136999827001575,-0.7262725842728248,-0.009855883095583407,-0.6079405735422827,-207.69874765763714
2.4600000000000017,0.15668523668234977,-0.23141630790480916,-0.7537921937022173,-1.0248718604088307,-256.314213230206,0.41381241838973604,-0.7304685176225277,-0.010274305807702548,-0.6103036440221151,-208.55038863473405
2.470000000000001,0.15673847988459297,-0.2329195650254494,-0.7574677787747721,-1.029722190915791,-257.4020127847662,0.4139150395354094,-0.734671082828913,-0.010697367793089864,-0.6126667253767057,-209.40208561029925
2.4800000000000018,0.15678801339643458,-0.23442643468985544,-0.7611471650560274,-1.0345767498325633,-258.48965489444964,0.4140078939407066,-0.7388802350104747,-0.011125089114249882,-0.6150298427607688,-210.2538417384924
2.490000000000002,0.1568338488735968,-0.23593690621288338,-0.7648303382976209,-1.0394355206265893,-259.57713503140076,0.41409102950205157,-0.7430959294363749,-0.011557489811594938,-0.6173930215294108,-211.10566021321196
2.5000000000000018,0.1568759979520508,-0.23745096892928585,-0.7685172842616892,-1.0442984867750469,-260.6644487025672,0.4141644942062004,-0.7473181215316912,-0.011994589902507886,-0.6197562872368549,-211.95754426784882
2.5100000000000016,0.15691447224787314,-0.2389686121938341,-0.7722079887211533,-1.0491656317652205,-261.7515914497207,0.4142283361276673,-0.7515467668826736,-0.012436409380406622,-0.6221196656351451,-212.80949717503722
2.520000000000002,0.15694928335710423,-0.24048982538143826,-0.7759024374600015,-1.054036939094867,-262.8385588494765,0.41428260342614753,-0.7557818212420003,-0.012882968213807078,-0.6244831826728194,-213.66152224640257
2.530000000000002,0.1569804428556069,-0.24201459788726687,-0.7796006162735721,-1.0589123922725838,-263.92534651331124,0.4143273443439241,-0.7600232405340387,-0.013334286345386968,-0.6268468644935627,-214.5136228323061
2.540000000000002,0.15700796229892752,-0.24354291912686452,-0.7833025109688341,-1.0637919748181734,-265.01195008757924,0.41436260720327367,-0.7642709808601096,-0.013790383691048621,-0.6292107374348328,-215.36580232158732
2.5500000000000016,0.1570318532221569,-0.2450747785362698,-0.7870081073646669,-1.0686756702630074,-266.09836525352694,0.4143884404038597,-0.7685249985037529,-0.014251280138983052,-0.631574828026463,-216.21806414130316
2.560000000000002,0.15705212713979413,-0.24661016557213003,-0.7907173912921388,-1.0735634621503864,-267.1845877273059,0.41440489242012074,-0.7727852499359944,-0.01471699554873325,-0.6339391629892395,-217.07041175646458
2.570000000000002,0.15706879554560985,-0.2481490697118162,-0.7944303485947832,-1.078455334035901,-268.2706132599835,0.41441201179865433,-0.7770516918206081,-0.015187549750258425,-0.6363037692334544,-217.92284866977005
2.580000000000002,0.15708186991251244,-0.24969148045353587,-0.798146965128874,-1.0833512694877894,-269.3564376375532,0.4144098471555868,-0.781324281019387,-0.015662962542998937,-0.6386686738574362,-218.77537842133663
2.5900000000000016,0.15709136169241428,-0.2512373873164461,-0.8018672267636999,-1.0882512520872947,-270.44205668094185,0.4143984471739441,-0.7856029745974055,-0.01614325369494136,-0.641033904146054,-219.62800458842804
2.600000000000002,0.15709728231609976,-0.25278677984076353,-0.8055911193818375,-1.0931552654290182,-271.52746624601644,0.4143778606010114,-0.7898877298282827,-0.016628442941684866,-0.6433994875692006,-220.48073078518038
2.610000000000002,0.15709964319309466,-0.25433964758787425,-0.8093186288794207,-1.0980632931212733,-272.61266222358825,0.41434813624569405,-0.7941785041994388,-0.017118549985508266,-0.6457654517802499,-221.3335606623245
2.620000000000002,0.1570984557115366,-0.2558959801404421,-0.8130497411664116,-1.1029753187864357,-273.69764053941634,0.4143093229758621,-0.7984752554173561,-0.017613594494437924,-0.648131824614492,-222.18649790690608
2.6300000000000017,0.15709373123804643,-0.25745576710251655,-0.8167844421668691,-1.1078913260612937,-274.78239715420887,0.4142614697157017,-0.8027779414128267,-0.018113596101317977,-0.6504986340875457,-223.03954624200335
2.640000000000002,0.1570854811176016,-0.25901899809963785,-0.8205227178192148,-1.1128112985973955,-275.8669280636228,0.4142046254430509,-0.8070865203462021,-0.018618574402880325,-0.6528659083937471,-223.89270942644137
2.650000000000002,0.15707371667341016,-0.2605856627789428,-0.8242645540764983,-1.1177352200613937,-276.95122929826215,0.41413883918674305,-0.8114009506126297,-0.019128548958817052,-0.6552336759045158,-224.74599125450445
2.660000000000002,0.15705844920678644,-0.2621557508092672,-0.8280099369066614,-1.122663074135391,-278.03529692367465,0.4140641600239315,-0.8157211908472914,-0.01964353929085464,-0.6576019651666986,-225.59939555564526
2.6700000000000017,0.15703968999702758,-0.26372925188124946,-0.8317588522928004,-1.1275948445172812,-279.11912704034694,0.4139806370774258,-0.8200471999306266,-0.02016356488182966,-0.659970804900892,-226.45292619419226
2.680000000000002,0.15701745030129174,-0.2653061557074312,-0.8355112862334273,-1.1325305149210896,-280.2027157836979,0.4138883195130111,-0.8243789369935528,-0.020688645174765874,-0.6623402239997414,-227.30658706905334
2.690000000000002,0.15699174135447722,-0.26688645202235717,-0.8392672247427281,-1.1374700690773107,-281.2860593240705,0.41378725653677456,-0.828716361422673,-0.021218799571954744,-0.6647102515262188,-228.16038211341842
2.700000000000002,0.15696257436910305,-0.26847013058267427,-0.8430266538508215,-1.1424134907332466,-282.36915386672223,0.4136774973924233,-0.8330594328654747,-0.0217540474340362,-0.6670809167118789,-229.01431529445813
2.7100000000000017,0.15692996053519098,-0.27005718116722915,-0.8467895596040149,-1.1473607636533387,-283.45199565181423,0.41355909135860075,-0.8374081112355222,-0.02229440807908377,-0.6694522489550947,-229.86839061302086
2.720000000000002,0.15689391102014805,-0.2716475935771647,-0.8505559280650601,-1.1523118716195038,-284.53458095439794,0.4134320877462041,-0.8417623567176282,-0.02283990078169131,-0.6718242778192728,-230.72261210332724
2.730000000000002,0.15685443696865142,-0.27324135763601487,-0.8543257453134045,-1.1572667984314617,-285.6169060844013,0.41329653589569376,-0.8461221297730245,-0.02339054477206127,-0.6741970330310437,-231.57698383266194
2.740000000000002,0.15681154950253362,-0.27483846318979904,-0.8580989974454454,-1.1622255279070652,-286.6989673866126,0.41315248517440856,-0.8504873911445093,-0.0239463592350979,-0.6765705444784378,-232.431509901063
2.7500000000000018,0.15676525972066954,-0.2764389001071146,-0.8618756705747779,-1.1671880438826283,-287.7807612406636,0.4129999849738724,-0.8548581018615907,-0.02450736330950159,-0.6789448422090366,-233.28619444100923
2.760000000000002,0.15671557869886435,-0.27804265827922897,-0.8656557508324455,-1.1721543302132498,-288.86228406101026,0.4128390847071093,-0.8592342232456047,-0.025073576086867083,-0.6813199564281058,-234.14104161710526
2.7700000000000022,0.156662517489743,-0.27964972762016954,-0.8694392243671856,-1.1771243707731367,-289.9435322969126,0.4126698338059462,-0.8636157169148283,-0.025645016610784714,-0.6836959174967085,-234.99605562576326
2.780000000000002,0.1566060871226408,-0.2812600980668129,-0.8732260773456759,-1.1820981494559248,-291.02450243241276,0.41249228171832675,-0.8680025447895683,-0.026221703875944736,-0.6860727559297992,-235.85124069488373
2.790000000000002,0.15654629860349517,-0.28287375957897337,-0.8770162959527783,-1.1870756501749986,-292.105190986312,0.4123064779056172,-0.8723946690972391,-0.026803656827245736,-0.6884505023942985,-236.70660108353331
2.800000000000002,0.15648316291473888,-0.28449070213948946,-0.8808098663917812,-1.1920568568638095,-293.1855945121453,0.41211247183991834,-0.876792052377418,-0.027390894358906008,-0.6908291877071496,-237.56214108162044
2.8100000000000023,0.15641669101519437,-0.2861109157543096,-0.8846067748846398,-1.197041753476187,-294.26570959815575,0.41191031300137415,-0.881194657486884,-0.027983435313578754,-0.6932088428333548,-238.41786500956854
2.820000000000002,0.15634689383996944,-0.28773439045257654,-0.8884070076722159,-1.202030323986656,-295.3455328672662,0.41170005087548317,-0.8856024476046386,-0.02858129848147177,-0.6955894988839966,-239.27377721798786
2.830000000000002,0.15627378230035394,-0.2893611162867108,-0.8922105510145156,-1.207022552390747,-296.42506097705046,0.4114817349504116,-0.8900153862369038,-0.029184502599470554,-0.6979711871142384,-240.12988208734393
2.840000000000002,0.15619736728371822,-0.2909910833324928,-0.8960173911909246,-1.212018422705303,-297.50429061970283,0.41125541471430777,-0.8944334372221003,-0.029793066350265986,-0.7003539389213096,-240.9861840276253
2.8500000000000023,0.15611765965341215,-0.2926242816891437,-0.8998275145004433,-1.2170179189687893,-298.58321852200527,0.41102113965261955,-0.8988565647358027,-0.03040700836148588,-0.7027377858424716,-241.84268747800834
2.860000000000002,0.1560346702486661,-0.29426070147940486,-0.9036409072619187,-1.2220210252415973,-299.6618414452946,0.4107789592454092,-0.9032847332956758,-0.03102634720483172,-0.7051227595529694,-242.69939690651938
2.870000000000002,0.1559484098844925,-0.2959003328496174,-0.9074575558142771,-1.2270277256063473,-300.74015618542745,0.4105289229646804,-0.907717907766382,-0.031651101395219226,-0.7075088918639646,-243.5563168096968
2.880000000000002,0.15585888935158934,-0.2975431659697984,-0.9112774465167519,-1.2320380041681904,-301.81815957274375,0.4102710802716998,-0.9121560533644674,-0.032281289389924174,-0.7098962147204539,-244.41345171224933
2.8900000000000023,0.1557661194162442,-0.2991891910337179,-0.9151005657491127,-1.2370518450551062,-302.895848472029,0.4100054806143244,-0.9165991356632238,-0.03291692958773319,-0.7122847601991703,-245.27080616671276
2.900000000000002,0.15567011082024015,-0.30083839825897357,-0.9189268999118901,-1.2420692324182006,-303.97321978247516,0.4097321734243319,-0.9210471205975241,-0.033558040328099004,-0.7146745605064694,-246.12838475310517
2.910000000000002,0.15557087428076233,-0.3024907778870654,-0.9227564354266026,-1.2470901504320004,-305.0502704376402,0.4094512081147606,-0.9254999744686285,-0.03420463989030139,-0.7170656479762023,-246.98619207858064
2.920000000000002,0.15546842049030646,-0.30414632018346716,-0.9265891587359779,-1.2521145832947456,-306.1269974054064,0.4091626340772444,-0.9299576639489657,-0.03485674649261329,-0.7194580550675711,-247.84423277707972
2.9300000000000024,0.15536276011658764,-0.3058050154376992,-0.9304250563041745,-1.2571425152286801,-307.2033976879366,0.4088665006793571,-0.9344201560868883,-0.03551437829147265,-0.7218518143629715,-248.70251150897914
2.940000000000002,0.15525390380245183,-0.3074668539633981,-0.9342641146170009,-1.2621739304803403,-308.27946832162985,0.4085628572619635,-0.9388874183113916,-0.036177553380658804,-0.7242469585658204,-249.56103296073996
2.950000000000002,0.15514186216578643,-0.3091318260983864,-0.938106320182135,-1.2672088133208415,-309.3552063770756,0.4082517531365721,-0.9433594184368105,-0.03684628979047671,-0.7266435204983732,-250.41980184455304
2.960000000000002,0.15502664579943462,-0.3107999222047405,-0.9419516595293398,-1.2722471480461621,-310.43060895900635,0.4079332375826952,-0.9478361246674806,-0.03752060548694388,-0.7290415330995224,-251.2788228979836
2.9700000000000024,0.15490826527110868,-0.3124711326688578,-0.9458001192106773,-1.2772889189774255,-311.5056732062485,0.40760735984521224,-0.9523175056023716,-0.038200518370986904,-0.7314410294225874,-252.13810088361345
2.980000000000002,0.15478673112330618,-0.3141454479015221,-0.9496516858007218,-1.2823341104611803,-312.5803962916731,0.4072741691317429,-0.9568035302396829,-0.038886046277641535,-0.7338420426330912,-252.99764058868226
2.990000000000002,0.1546620538732263,-0.3158228583379689,-0.9535063458967727,-1.2873827068696786,-313.65477542214427,0.40693371461002387,-0.9612941679814138,-0.03957720697525989,-0.7362446060065235,-253.85744682472668
3.000000000000002,0.15453424401268812,-0.3175033544379487,-0.9573640861190623,-1.2924346926011512,-314.72880783846665,0.40658604540529414,-0.9657893886378918,-0.04027401816472415,-0.7386487529260942,-254.71752442721848
3.0100000000000025,0.15440331200804971,-0.31918692668578913,-0.961224893110964,-1.2974900520800812,-315.8024908153315,0.4062312105976833,-0.970289162432273,-0.04097649747866723,-0.7410545168804732,-255.57787825520018
3.0200000000000022,0.15426926830012844,-0.3208735655904565,-0.9650887535391997,-1.3025487697574754,-316.8758216612615,0.40586925921961314,-0.9747934600050026,-0.041684662480698895,-0.7434619314615215,-256.43851319092016
3.030000000000002,0.1541321233041229,-0.3225632616856159,-0.9689556540940433,-1.3076108301111335,-317.94879771855454,0.40550024025320236,-0.9793022524182394,-0.04239853066464015,-0.7458710303620104,-257.29943413946637
3.0400000000000023,0.15399188740953554,-0.32425600552969047,-0.9728255814895242,-1.3126762176459172,-319.0214163632261,0.4051242026276795,-0.9838155111602493,-0.04311811945376358,-0.7482818473733308,-258.1606460283975
3.0500000000000025,0.1538485709800969,-0.3259517877059187,-0.9766985224636284,-1.3177449168940114,-320.0936750049497,0.4047411952168058,-0.9883332081497501,-0.04384344620004105,-0.7506944163831936,-259.0221538073737
3.0600000000000023,0.15370218435369093,-0.32765059882241165,-0.9805744637784971,-1.3228169124151896,-321.1655710869976,0.4043512668363045,-0.9928553157402285,-0.044574528183399104,-0.7531087713733196,-259.8839624477862
3.070000000000002,0.15355273784228138,-0.3293524295122086,-0.9844533922206258,-1.3278921887970747,-322.23710208617865,0.40395446624130155,-0.9973818067242103,-0.04531138261098112,-0.7555249464171216,-260.7460769423846
3.0800000000000023,0.15340024173183947,-0.3310572704333313,-0.9883352946010602,-1.3329707306553957,-323.30826551277613,0.40355084212377007,-1.0019126543374968,-0.046054026616417,-0.7579429756773768,-261.6085023049039
3.0900000000000025,0.15324470628227324,-0.33276511226883776,-0.9922201577555892,-1.3380525226342455,-324.37905891048365,0.40314044310999175,-1.0064478322633519,-0.046802477259100854,-0.7603628934038928,-262.4712435696897
3.1000000000000023,0.15308614172735704,-0.334475945726874,-0.996107968544939,-1.3431375494063336,-325.4494798563401,0.4027233177580195,-1.0109873146366575,-0.047556751523476215,-0.7627847339311639,-263.3343057913226
3.110000000000002,0.15292455827466353,-0.33618976154072605,-0.9999987138549641,-1.3482257956732395,-326.5195259606633,0.40229951455515656,-1.0155310760480176,-0.04831686631832914,-0.7652085316760221,-264.1976940442409
3.1200000000000023,0.15275996610549553,-0.3379065504688696,-1.0038923805968352,-1.3533172461656615,-327.5891948669832,0.4018690819154423,-1.0200790915478255,-0.04908283847608925,-0.7676343211352804,-265.06141342236333
3.1300000000000026,0.15259237537482026,-0.3396263032950189,-1.007788955707228,-1.3584118856436638,-328.658484251972,0.40143206817714794,-1.0246313366502837,-0.04985468475213915,-0.7700621368833691,-265.9254690387092
3.1400000000000023,0.1524217962112041,-0.3413490108281749,-1.0116884261485077,-1.363509698896922,-329.7273918253757,0.4009885216002857,-1.0291877873373794,-0.05063242182413153,-0.7724920135699674,-266.7898660250186
3.150000000000002,0.15224823871674864,-0.34307466390267216,-1.0155907789089151,-1.3686106707449666,-330.7959153299423,0.40053849036412575,-1.033748420062818,-0.05141606629131529,-0.7749239859176283,-267.65460953137153
3.1600000000000024,0.15207171296702796,-0.3448032533782243,-1.0194960010027474,-1.3737147860374237,-331.86405254135013,0.40008202256472697,-1.0383132117559037,-0.0522056346738707,-0.7773580887194002,-268.51970472580547
3.1700000000000026,0.15189222901102703,-0.3465347701399692,-1.0234040794705384,-1.3788220296542533,-332.9318012681342,0.3996191662124758,-1.042882139825382,-0.05300114341225054,-0.7797943568364404,-269.3851567939329
3.1800000000000024,0.1517097968710816,-0.34826920509851167,-1.0273150013792385,-1.383932386505985,-333.9991593516122,0.3991499692296425,-1.0474551821632239,-0.053802608866533555,-0.7822328251956282,-270.2509709385574
3.190000000000002,0.1515244265428188,-0.35000654918996693,-1.0312287538223914,-1.3890458415339535,-335.066124665809,0.398674479447941,-1.0520323171483745,-0.054610047315784546,-0.784673528787173,-271.1171523792886
3.2000000000000024,0.15133612799509916,-0.3517467933760018,-1.0351453239203106,-1.3941623797105311,-336.13269511738,0.39819274460610965,-1.0566135236504406,-0.05542347495742394,-0.7871165026622166,-271.9837063521578
3.210000000000002,0.1511449111699598,-0.3534899286438745,-1.0390646988202505,-1.3992819860393544,-337.19886864553337,0.39770481234749816,-1.0611987810333352,-0.056242907906605986,-0.7895617819304351,-272.85063810923106
3.2200000000000024,0.15095078598255876,-0.3552359460064747,-1.042986865696581,-1.404404645555555,-338.26464322195125,0.3972107302176712,-1.0657880691588695,-0.057068362195607666,-0.7920094017576389,-273.7179529182226
3.230000000000002,0.15075376232112048,-0.35698483650236135,-1.0469118117509568,-1.4095303433259831,-339.3300168507102,0.3967105456620202,-1.070381368390296,-0.057899853773225464,-0.7944593973633679,-274.5856560621075
3.2400000000000024,0.1505538500468824,-0.35873659119580026,-1.0508395242124857,-1.414659064449431,-340.39498756820007,0.3962043060233951,-1.074978659595797,-0.0587373985041818,-0.7969118040184869,-275.4537528387338
3.2500000000000027,0.15035105899404275,-0.36049120117679984,-1.054769990337895,-1.4197907940568537,-341.4595534430419,0.3956920585397429,-1.0795799241519193,-0.05958101216854202,-0.79936665704278,-276.3222485604335
3.2600000000000025,0.15014539896970974,-0.3622486575611462,-1.0587031974116983,-1.4249255173115871,-342.52371257600527,0.3951738503417651,-1.0841851439469603,-0.06043071046113941,-0.8018239918025423,-277.1911485536338
3.2700000000000022,0.14993687975385106,-0.3640089514904379,-1.0626391327463565,-1.4300632194095662,-343.587463099924,0.394649728450586,-1.0887943013842956,-0.06128650899101201,-0.8042838437081742,-278.06045815846744
3.2800000000000025,0.14972551109924578,-0.3657720741321181,-1.0665777836824404,-1.4352038855795362,-344.65080317961105,0.39411973977543424,-1.0934073793856578,-0.062148423280847506,-0.8067462482117732,-278.93018272838253
3.2900000000000027,0.14951130273143629,-0.36753801667950725,-1.0705191375887917,-1.4403475010832667,-345.71373101177267,0.39358393111134315,-1.0980243613943497,-0.063016468766439,-0.8092112408047271,-279.800327629752
3.3000000000000025,0.1492942643486821,-0.3693067703518335,-1.0744631818626789,-1.4454940512157604,-346.77624482492087,0.3930423491368619,-1.102645231378414,-0.06389066079615095,-0.8116788570153091,-280.67089824148314
3.3100000000000023,0.14907440562191407,-0.3710783263942631,-1.078409903929955,-1.4506435213054605,-347.8383428792859,0.39249504041178296,-1.1072699738337373,-0.06477101463039506,-0.8141491324062724,-281.54189995462644
3.3200000000000025,0.14885173619469066,-0.3728526760779293,-1.0823592912452131,-1.4557958967144564,-348.9000234667268,0.39194205137488247,-1.1118985737871017,-0.06565754544111647,-0.8166221025724489,-282.41333817198387
3.3300000000000027,0.14862626568315446,-0.3746298106999599,-1.0863113312919361,-1.4609511628386858,-349.9612849106412,0.39138342834168177,-1.1165310167991735,-0.06655026831129057,-0.8190978031383482,-283.28521830771774
3.3400000000000025,0.14839800367599026,-0.3764097215835042,-1.0902660115826515,-1.4661093051081353,-351.02212556587483,0.39081921750221615,-1.1211672889674422,-0.06744919823443031,-0.821576269755761,-284.15754578695834
3.3500000000000023,0.14816695973438437,-0.3781924000777598,-1.0942233196590785,-1.4712703089870396,-352.08254381862906,0.3902494649188278,-1.1258073769290886,-0.06835435011410354,-0.8240575381013632,-285.030326045413
3.3600000000000025,0.14793314339198466,-0.3799778375579961,-1.0981832430922769,-1.4764341599740773,-353.14253808636823,0.38967421652396705,-1.1304512678638041,-0.0692657387634626,-0.8265416438743273,-285.9035645289729
3.3700000000000028,0.14769656415486182,-0.3817660254255794,-1.1021457694827925,-1.4816008436025652,-354.2021068177257,0.38909351811801557,-1.1350989494965422,-0.07018337890478273,-0.8290286227939336,-286.7772666933218
3.3800000000000026,0.147457231501472,-0.38355695510799487,-1.106110886460801,-1.4867703454406487,-355.2612484924091,0.3885074153671227,-1.1397504101002132,-0.07110728516901252,-0.8315185105971903,-287.65143800354343
3.3900000000000023,0.1472151548826203,-0.3853506180588693,-1.110078581686251,-1.4919426510914924,-356.3199616211047,0.38791595380106153,-1.1444056384983143,-0.07203747209533579,-0.8340113430364534,-288.52608393372986
3.4000000000000026,0.1469703437214253,-0.3871470057579916,-1.1140488428490063,-1.497117746193468,-357.37824474538087,0.38731917881109684,-1.1490646240675009,-0.07297395413074388,-0.8365071558770575,-289.4012099665894
3.410000000000003,0.1467228074132849,-0.38894610971133253,-1.1180216576689816,-1.502295616420337,-358.4360964375903,0.38671713564787324,-1.1537273567400934,-0.07391674562961839,-0.8390059848949467,-290.27682159305436
3.4200000000000026,0.14647255532584286,-0.3907479214510646,-1.1219970138962823,-1.5074762474814354,-359.4935153007719,0.3861098694193234,-1.1583938270065175,-0.07486586085332712,-0.8415078658743167,-291.15292431188965
3.4300000000000024,0.14621959679895724,-0.3925524325355789,-1.12597489931134,-1.5126596251218536,-360.5504999685516,0.385497425088588,-1.1630640259176872,-0.07582131396982984,-0.8440128346052602,-292.0295236293014
3.4400000000000026,0.1459639411446685,-0.39435963454950335,-1.1299553017250459,-1.5178457351226153,-361.60704910504205,0.38487984747195475,-1.1677379450873193,-0.07678311905329603,-0.8465209268814207,-292.9066250585454
3.450000000000003,0.14570559764717048,-0.3961695191037178,-1.1339382089788823,-1.5230345633008522,-362.66316140474174,0.3842571812368176,-1.1724155766941835,-0.07775129008373442,-0.8490321784976528,-293.78423411953577
3.460000000000002,0.14544457556278068,-0.39798207783536976,-1.1379236089450542,-1.5282260955099782,-363.7188355924333,0.3836294708996541,-1.177096913484285,-0.07872584094663296,-0.8515466252476912,-294.66235633845514
3.4700000000000024,0.14518088411991298,-0.3997973024078885,-1.1419114895266171,-1.5334203176398626,-364.7740704230808,0.38299676082401624,-1.1817819487729868,-0.07970678543261277,-0.8540643029218289,-295.5409972473636
3.480000000000002,0.14491453251905057,-0.4016151845109985,-1.1459018386576063,-1.5386172156169977,-365.8288646817263,0.3823590952185443,-1.1864706764470605,-0.08069413723709112,-0.8565852473046006,-296.420162383809
3.490000000000003,0.1446455299327201,-0.40343571586073124,-1.1498946443031581,-1.5438167754046663,-366.8832171833855,0.3817165181349978,-1.1911630909666713,-0.08168790995995898,-0.8591094941724805,-297.2998572904379
3.5000000000000027,0.1443738855054675,-0.40525888819943684,-1.153889894459637,-1.549018983003107,-367.93712677294303,0.381069073466304,-1.195859187367295,-0.08268811710526779,-0.861637079291583,-298.18008751460576
3.5100000000000025,0.14409960835383367,-0.4070846932957951,-1.1578875771547568,-1.5542238244496764,-368.990592325046,0.38041680494462865,-1.2005589612615677,-0.08369477208093094,-0.8641680384153808,-299.06085860798936
3.5200000000000027,0.14382270756633234,-0.40891312294482424,-1.1618876804476996,-1.559431285819011,-370.04361274399815,0.3797597561394588,-1.2052624088410715,-0.08470788819843526,-0.8667024072824272,-299.94217612619855
3.530000000000003,0.1435431922034283,-0.41074416896788996,-1.1658901924292357,-1.5646413532231838,-371.09618696365163,0.37909797045571453,-1.2099695268780384,-0.08572747867256526,-0.8692402216140908,-300.8240456283889
3.5400000000000027,0.143261071297517,-0.4125778232127126,-1.1698951012218388,-1.5698540128118605,-372.1483139472995,0.37843149113187124,-1.2146803127270007,-0.08675355662114088,-0.8717815171123044,-301.70647267687525
3.5500000000000025,0.1429763538529046,-0.41441407755337506,-1.1739023949798035,-1.5750692507724553,-373.19999268756646,0.3777603612381078,-1.2193947643263594,-0.08778613506476524,-0.8743263294573215,-302.58946283674624
3.5600000000000027,0.14268904884579012,-0.4162529238903277,-1.1779120618893562,-1.5802870533302804,-374.25122220629953,0.37708462367446666,-1.2241128801998906,-0.08882522692658652,-0.8768746943054864,-303.47302167547826
3.570000000000003,0.14239916522424736,-0.4180943541503936,-1.1819240901687686,-1.5855074067486958,-375.3020015544571,0.3764043211690467,-1.2288346594581727,-0.08987084503207213,-0.8794266472870165,-304.35715476255217
3.5800000000000027,0.14210671190820864,-0.4199383602867728,-1.1859384680684668,-1.5907302973292579,-376.3523298119984,0.37571949627620044,-1.2335601017999525,-0.09092300210879392,-0.8819822240037974,-305.24186766906894
3.5900000000000025,0.14181169778944944,-0.42178493427904573,-1.1899551838711397,-1.5959557114118637,-377.40220608777156,0.37503019137476457,-1.23828920751343,-0.09198171078622819,-0.8845414600271919,-306.12716596736755
3.6000000000000028,0.14151413173157365,-0.42363406813317495,-1.193974225891847,-1.601183635374894,-378.4516295194011,0.37433644866630084,-1.2430219774774787,-0.09304698359556628,-0.8871043908958599,-307.0130552306425
3.610000000000003,0.14121402257000024,-0.4254857538815072,-1.1979955824781217,-1.6064140556353532,-379.50059927317443,0.37363831017336596,-1.24775841316279,-0.09411883296953907,-0.8896710521135954,-307.8995410325643
3.6200000000000023,0.1409113791119505,-0.42733998358277386,-1.2020192420100755,-1.611646958649009,-380.5491145439284,0.37293581773779516,-1.252498516632943,-0.09519727124225356,-0.8922414791471753,-308.78662894689785
3.6300000000000026,0.14060621013643704,-0.4291967493220903,-1.2060451929005005,-1.6168823309105287,-381.5971745549347,0.37222901301900996,-1.2572422905454084,-0.09628231064904319,-0.8948157074242249,-309.67432454712537
3.640000000000003,0.14029852439425267,-0.4310560432109555,-1.2100734235949668,-1.6221201589536127,-382.64477855778466,0.3715179374923449,-1.2619897381524712,-0.09737396332632983,-0.8973937723310963,-310.5626334060675
3.650000000000003,0.13998833060796106,-0.43291785738724925,-1.2141039225719243,-1.6273604293511266,-383.691925832273,0.37080263244739803,-1.2667408633020845,-0.09847224131149866,-0.8999757092107632,-311.4515610955073
3.660000000000003,0.1396756374718882,-0.43478218401522983,-1.2181366783427963,-1.632603128715232,-384.73861568628206,0.3700831389864013,-1.2714956704386429,-0.09957715654278775,-0.9025615533607322,-312.34111318581444
3.6700000000000026,0.1393604536521144,-0.4366490152855305,-1.222171679452077,-1.637848243697514,-385.7848474556642,0.36935949802260765,-1.276254164603695,-0.10068872085918844,-0.9051513400309692,-313.23129524557095
3.680000000000003,0.13904278778646814,-0.43851834341515455,-1.2262089144774224,-1.6430957609891055,-386.83062050412417,0.3686317502787061,-1.2810163514365651,-0.10180694600036029,-0.907745104421842,-314.12211284119826
3.690000000000003,0.1387226484845198,-0.44039016064747,-1.2302483720297446,-1.6483456673208117,-387.87593422310096,0.3678999362852565,-1.2857822371749101,-0.1029318436065583,-0.9103428816820802,-315.01357153658483
3.700000000000003,0.13840004432757716,-0.4422644592522035,-1.234290040753299,-1.6535979494632316,-388.9207880316486,0.36716409637914416,-1.290551828655195,-0.10406342521857333,-0.9129447069067531,-315.90567689271717
3.710000000000002,0.13807498386868128,-0.4441412315254337,-1.2383339093257757,-1.6588525942268766,-389.965181376317,0.3664242707020524,-1.295325133313103,-0.10520170227768633,-0.9155506151352638,-316.7984344673082
3.720000000000003,0.13774747563260378,-0.4460204697895832,-1.242379966458385,-1.6641095884622883,-391.00911373103156,0.36568049919896795,-1.3001021591838575,-0.10634668612563535,-0.9181606413493612,-317.69184981443146
3.730000000000003,0.13741752811584498,-0.4479021663934094,-1.2464282008959413,-1.6693689190601524,-392.05258459697257,0.36493282161669743,-1.3048829149024734,-0.10749838800459528,-0.920774820471171,-318.5859284841543
3.740000000000003,0.13708514978663208,-0.44978631371199584,-1.2504786014169489,-1.6746305729514113,-393.09559350245405,0.3641812775024121,-1.3096674097039338,-0.10865681905717159,-0.9233931873612443,-319.48067602217225
3.750000000000002,0.13675034908492004,-0.45167290414674177,-1.2545311568336825,-1.6798945371073761,-394.1381400028021,0.36342590620220894,-1.3144556534232896,-0.10982199032640792,-0.9260157768166272,-320.3760979694458
3.760000000000003,0.13641313442239136,-0.45356193012535095,-1.2585858559922682,-1.685160798539835,-395.1802236802325,0.36266674685970046,-1.3192476564956808,-0.11099391275580557,-0.9286426235689464,-321.27219986183917
3.770000000000003,0.13607351418245836,-0.4554533841018201,-1.2626426877727623,-1.6904293443011584,-396.22184414372765,0.36190383841462365,-1.3240434299562789,-0.11217259718935695,-0.9312737622825165,-322.16898722975895
3.780000000000003,0.1357314967202655,-0.4573472585564258,-1.2667016410892271,-1.6957001614844043,-397.26300102891366,0.36113721960147044,-1.328842985440158,-0.11335805437159345,-0.9339092275524656,-323.0664655977957
3.7900000000000023,0.1353870903626928,-0.4592435459957115,-1.2707627048898078,-1.7009732372234208,-398.3036939979362,0.3603669289481397,-1.333646335182085,-0.1145502949476453,-0.9365490539028836,-323.9646404843672
3.800000000000003,0.13504030340836015,-0.46114223895247386,-1.274825868156807,-1.7062485586929457,-399.34392273933634,0.3595930047746168,-1.338453492016233,-0.11574932946331594,-0.9391932757849882,-324.8635174013623
3.810000000000003,0.1346911441276326,-0.463043329985747,-1.2788911199067547,-1.711526113108705,-400.3836869679254,0.35881548519167117,-1.3432644693758136,-0.11695516836516927,-0.9418419275753132,-325.7631018537874
3.820000000000003,0.13433962076262654,-0.4649468116807867,-1.2829584491904813,-1.7168058877275085,-401.42298642466,0.35803440809957615,-1.348079281292641,-0.11816782200063049,-0.9444950435739159,-326.6633993394148
3.8300000000000023,0.1339857415272164,-0.4668526766490554,-1.287027845093185,-1.7220878698473445,-402.46182087651613,0.35724981118685434,-1.3528979423966083,-0.11938730061810124,-0.9471526580026098,-327.5644153484317
3.840000000000003,0.13362951460704262,-0.4687609175282033,-1.2910992967345014,-1.727372046807472,-403.50019011636283,0.3564617319290466,-1.357720467915089,-0.12061361436708731,-0.949814805003215,-328.46615536309224
3.850000000000003,0.13327094815952042,-0.47067152698205167,-1.2951727932685682,-1.7326584059885088,-404.53809396283543,0.3556702075874986,-1.3625468736722641,-0.12184677329833997,-0.9524815186358319,-329.36862485737095
3.860000000000003,0.13291005031384942,-0.47258449770057304,-1.2992483238840886,-1.737946934812521,-405.5755322602087,0.3548752752081751,-1.3673771760883664,-0.12308678736401249,-0.9551528328771378,-330.2718292966175
3.8700000000000023,0.13254682917102348,-0.4744998223998735,-1.303325877804397,-1.7432376207431084,-406.61250487826896,0.35407697162049573,-1.3722113921788508,-0.12433366641782753,-0.9578287816187046,-331.1757741372144
3.880000000000003,0.13218129280384264,-0.4764174938221708,-1.3074054442875187,-1.7485304512854896,-407.64901171218645,0.3532753334361955,-1.3770495395534794,-0.12558742021526084,-0.960509398665341,-332.080464826236
3.8900000000000032,0.1318134492569249,-0.4783375047357746,-1.3114870126262292,-1.7538254139865808,-408.6850526823865,0.35247039704820293,-1.3818916364153397,-0.12684805841373703,-0.9631947177334564,-332.98590680110925
3.900000000000003,0.13144330654671887,-0.4802598479350644,-1.3155705721481132,-1.7591224964350778,-409.72062773442093,0.3516621986295486,-1.3867377015597706,-0.128115590572839,-0.965884772449447,-333.8921054892772
3.910000000000003,0.13107087266151804,-0.4821845162404678,-1.3196561122156223,-1.7644216862615338,-410.75573683883897,0.3508507741322911,-1.3915877543732236,-0.12939002615453263,-0.9685795963481104,-334.7990663078641
3.920000000000003,0.13069615556147485,-0.48411150249843693,-1.3237436222261283,-1.7697229711384346,-411.7903799910577,0.35003615928647075,-1.3964418148320354,-0.13067137452340225,-0.9712792228710762,-335.70679466334235
3.9300000000000033,0.13031916317861625,-0.4860407995814252,-1.327833091611978,-1.7750263387802716,-412.8245572112316,0.3492183895990829,-1.4012999035011284,-0.13195964494690332,-0.9739836853652681,-336.61529595120186
3.940000000000003,0.12993990341685982,-0.4879724003878627,-1.3319245098405454,-1.7803317769436153,-413.8582685441228,0.34839750035307687,-1.4061620415326277,-0.13325484659562506,-0.9766930170813859,-337.5245755556219
3.950000000000003,0.129558384152031,-0.4899062978421312,-1.3360178664142826,-1.7856392734271842,-414.89151405897013,0.34757352660637536,-1.4110282506644076,-0.13455698854357015,-0.9794072511724128,-338.43463884914416
3.960000000000003,0.12917461323188037,-0.49184248489453863,-1.3401131508707678,-1.790948816071913,-415.9242938493584,0.3467465031909243,-1.4158985532185502,-0.13586607976844575,-0.9821264206921494,-339.3454911923493
3.9700000000000033,0.12878859847610263,-0.4937809545212923,-1.344210352782754,-1.7962603927610177,-416.95660803308635,0.3459164647117558,-1.420772972099734,-0.13718212915196895,-0.9848505585937689,-340.25713793353435
3.980000000000003,0.12840034767635575,-0.495721699724472,-1.3483094617582154,-1.8015739914200604,-417.9884567520357,0.3450834455460829,-1.4256515307935393,-0.13850514548018641,-0.9875796977284026,-341.1695844083928
3.990000000000003,0.12800986859628127,-0.4976647135320025,-1.3524104674403912,-1.8068896000170116,-419.0198401720388,0.3442474798424141,-1.430534253364679,-0.1398351374438072,-0.9903138708437453,-342.0828359396982
4.000000000000004,0.1276171689715248,-0.4996099889976248,-1.35651335950783,-1.8122072065623098,-420.05075848274646,0.3434086015196925,-1.4354211644551502,-0.14117211363854879,-0.9930531105826915,-342.9968978369884
4.010000000000003,0.12722225650975838,-0.5015575192008668,-1.36061812767443,-1.8175267991089186,-421.081211897495,0.3425668442664576,-1.440312289282305,-0.14251608256549694,-0.9957974494819924,-343.91177539625266
4.020000000000003,0.12682513889070196,-0.5035072972470145,-1.3647247616894802,-1.8228483657523853,-422.1112006531736,0.3417222415400324,-1.4452076536368494,-0.14386705263148084,-0.9985469199709441,-344.82747389962157
4.030000000000003,0.12642582376614764,-0.5054593162670807,-1.3688332513377,-1.8281718946308938,-423.14072501009133,0.34087482656573054,-1.4501072838807623,-0.14522503214945903,-1.0013015543700983,-345.7439986150592
4.040000000000003,0.1260243187599826,-0.5074135694177748,-1.3729435864392752,-1.8334973739253173,-424.16978525184317,0.34002463233609137,-1.4550112069451335,-0.14659002933892099,-1.0040613848899997,-346.66135479605714
4.050000000000003,0.12562063146821453,-0.5093700498814707,-1.3770557568498953,-1.8388247918592693,-425.1983816851768,0.33917169161013616,-1.459919450327931,-0.1479620523263021,-1.0068264436299545,-347.579547681332
4.060000000000003,0.12521476945899665,-0.5113287508661742,-1.381169752460786,-1.8441541366991505,-426.2265146398579,0.33831603691264733,-1.4648320420916856,-0.14934110914541052,-1.0095967625768165,-348.498582494524
4.070000000000003,0.12480674027265404,-0.513289665605491,-1.3852855631987442,-1.8494853967541984,-427.2541844685368,0.3374577005334719,-1.4697490108611033,-0.1507272077378708,-1.012372373603811,-349.4184644438995
4.080000000000004,0.12439655142171024,-0.515252787358593,-1.3894031790261696,-1.8548185603765308,-428.28139154661346,0.3365967145268503,-1.474670385820598,-0.15212035595357742,-1.0151533084693798,-350.3391987220553
4.090000000000003,0.12398421039091512,-0.5172181094101835,-1.3935225899410937,-1.8601536159611887,-429.3081362721026,0.3357331107107667,-1.4795961967117466,-0.15352056155116406,-1.0179395988160507,-351.2607905056255
4.100000000000003,0.12356972463727313,-0.5191856250704634,-1.3976437859772093,-1.8654905519461773,-430.33441906549945,0.3348669206663218,-1.4845264738306754,-0.15492783219848663,-1.020731276169343,-352.183244954991
4.110000000000003,0.12315310159007219,-0.5211553276750952,-1.4017667572038983,-1.8708293568125078,-431.3602403696439,0.33399817573713214,-1.4894612480253606,-0.15634217547311804,-1.0235283719366937,-353.10656721399215
4.120000000000003,0.12273434865091347,-0.5231272105851678,-1.405891493726257,-1.8761700190842316,-432.38560064958574,0.3331269070287526,-1.4944005506928595,-0.1577635988628577,-1.0263309174064132,-354.030762409643
4.1300000000000034,0.12231347319374171,-0.5251012671871598,-1.4100179856851218,-1.881512527328479,-433.4105003924487,0.33225314540811834,-1.4993444137764662,-0.15919210976625423,-1.029138943746671,-354.95583565184927
4.140000000000003,0.12189048256487663,-0.5270774908929013,-1.4141462232570907,-1.8868568701554909,-434.4349401072947,0.3313769215030169,-1.504292869762788,-0.16062771549314092,-1.031952482004505,-355.8817920331279
4.150000000000003,0.12146538408304412,-0.5290558751395388,-1.4182761966545474,-1.892203036218652,-435.45892032498847,0.3304982657015758,-1.5092459516787544,-0.1620704232651856,-1.0347715631048653,-356.8086366283304
4.160000000000004,0.12103818503940934,-0.5310364133894945,-1.4224078961256805,-1.8975510142145233,-436.48244159806103,0.3296172081517828,-1.5142036930885427,-0.16352024021645367,-1.0375962178496811,-357.73637449436836
4.170000000000004,0.12060889269760945,-0.5330190991304288,-1.4265413119545027,-1.9029007928828663,-437.50550450057335,0.32873377876102167,-1.5191661280904356,-0.16497717339398216,-1.040426476916957,-358.6650106699415
4.180000000000003,0.12017751429378758,-0.5350039258752006,-1.430676434460869,-1.9082523610066735,-438.52810962798037,0.3278480071956351,-1.524133291313604,-0.16644122975837092,-1.0432623708599003,-359.5945501752696
4.190000000000003,0.11974405703662702,-0.5369908871618281,-1.4348132540004928,-1.9136057074121926,-439.5502575969943,0.3269599228805078,-1.5291052179148181,-0.1679124161843842,-1.0461039301060744,-360.5249980118247
4.200000000000003,0.11930852810738674,-0.5389799765534472,-1.438951760964962,-1.9189608209689493,-440.5719490454478,0.32606955499868295,-1.534081943575076,-0.16939073946156574,-1.0489511849565827,-361.4563591620698
4.210000000000004,0.11887093465993666,-0.5409711876382719,-1.4430919457817522,-1.9243176905897694,-441.59318463215754,0.3251769324909857,-1.5390635044961753,-0.17087620629486838,-1.0518041655852792,-362.3886385891972
4.220000000000003,0.11843128382079464,-0.5429645140295513,-1.4472337989142376,-1.929676305230798,-442.6139650367867,0.32428208405568354,-1.5440499373971979,-0.17236882330529435,-1.054662902038011,-363.3218412368709
4.230000000000003,0.11798958268916297,-0.5449599493655289,-1.4513773108617058,-1.935036653891518,-443.63429095970844,0.3233850381481624,-1.5490412795109332,-0.173868597030552,-1.0575274242318873,-364.2559720289722
4.240000000000004,0.11754583833696629,-0.5469574873093996,-1.4555224721593645,-1.9403987256147692,-444.6541631218689,0.3224858229806326,-1.5540375685802224,-0.175375533925722,-1.0603977619545801,-365.19103586934807
4.250000000000004,0.11710005780888987,-0.5489571215492661,-1.4596692733783512,-1.9457625094867579,-445.6735822646492,0.32158446652184935,-1.5590388428542348,-0.17688964036393828,-1.063273944863649,-366.12703764156134
4.260000000000003,0.11665224812241837,-0.5509588457980963,-1.463817705125741,-1.9511279946370736,-446.692549149729,0.32068099649686316,-1.5640451410846778,-0.17841092263708264,-1.066156002485904,-367.06398220864565
4.270000000000003,0.1162024162678756,-0.5529626537936783,-1.467967758044552,-1.9564951702387008,-447.7110645589486,0.31977544038678885,-1.5690565025219299,-0.17993938695649006,-1.0690439642167888,-368.0018744128617
4.280000000000003,0.11575056920846442,-0.5549685392985767,-1.4721194228137497,-1.9618640255080264,-448.72912929417146,0.31886782542860403,-1.5740729669111044,-0.18147503945366872,-1.0719378593197986,-368.94071907545776
4.290000000000004,0.11529671388030766,-0.5569764961000864,-1.4762726901482526,-1.9672345497048498,-449.74674417714715,0.31795817861496084,-1.579094574488052,-0.18301788618103176,-1.0748377169259262,-369.88052099643187
4.300000000000003,0.1148408571924892,-0.5589865180101881,-1.4804275507989302,-1.9726067321323875,-450.76391004937284,0.31704652669402805,-1.5841213659752849,-0.18456793311264155,-1.077743566033136,-370.8212849542979
4.310000000000003,0.11438300602709602,-0.5609985988655016,-1.4845839955526088,-1.9779805621372795,-451.78062777195674,0.31613289616935447,-1.5891533825778377,-0.18612518614496792,-1.0806554355058717,-371.76301570585485
4.320000000000004,0.11392316723926077,-0.5630127325272396,-1.488742015232068,-1.983356029109593,-452.7968982254797,0.3152173132997525,-1.5941906659790617,-0.1876896510976573,-1.0835733540745889,-372.7057179859583
4.330000000000004,0.11346134765720478,-0.56502891288116,-1.4929016006960405,-1.9887331224828206,-453.81272230985763,0.3142998040992082,-1.599233258336346,-0.18926133371431567,-1.0864973503353197,-373.6493965072955
4.340000000000003,0.1129975540822814,-0.5670471338375194,-1.4970627428392083,-1.9941118317338846,-454.82810094420387,0.31338039433680687,-1.604281202276784,-0.1908402396633027,-1.0894274527492673,-374.59405596016325
4.350000000000003,0.11253179328902092,-0.5690673893310243,-1.5012254325922008,-1.999492146383133,-455.8430350666914,0.31245910953669354,-1.609334540892757,-0.1924263745385398,-1.0923636896424296,-375.5397010122494
4.360000000000003,0.11206407202517431,-0.5710896733207838,-1.505389660921587,-2.004874055994336,-456.857525634415,0.3115359749780431,-1.6143933177374665,-0.19401974386032936,-1.0953060892052517,-376.4863363084168
4.370000000000004,0.11159439701175951,-0.5731139797902589,-1.5095554188298723,-2.010257550174683,-457.8715736232539,0.31061101569505706,-1.6194575768203985,-0.19562035307618678,-1.09825467949231,-377.4339664704899
4.3800000000000034,0.1111227749431068,-0.5751403027472147,-1.513722697355487,-2.0156426185747733,-458.88518002773276,0.3096842564769885,-1.6245273626027144,-0.19722820756168338,-1.101209488422024,-378.3825960970461
4.390000000000003,0.11064921248690525,-0.5771686362236702,-1.5178914875727807,-2.0210292508886116,-459.8983458608857,0.30875572186818084,-1.6296027199925935,-0.19884331262130409,-1.1041705437764002,-379.33222976320894
4.400000000000004,0.11017371628424968,-0.5791989742758483,-1.5220617805920118,-2.0264174368535977,-460.9110721541172,0.30782543616813224,-1.634683694340499,-0.20046567348931565,-1.1071378732008033,-380.28287202044436
4.410000000000004,0.1096962929496881,-0.5812313109841245,-1.5262335675593346,-2.0318071662505113,-461.92335995706475,0.30689342343158377,-1.6397703314343866,-0.20209529533064466,-1.1101115042037577,-381.2345273963609
4.420000000000004,0.10921694907126982,-0.5832656404529765,-1.5304068396567896,-2.0371984289035074,-462.9352103374614,0.3059597074686248,-1.6448626774948563,-0.2037321832417722,-1.1130914641567802,-382.18720039451233
4.430000000000003,0.10873569121059393,-0.5853019568109324,-1.5345815881022884,-2.0425912146800957,-463.94662438099795,0.30502431184482603,-1.6499607791702322,-0.20537634225163584,-1.1160777802942408,-383.1408954942042
4.440000000000003,0.1082525259028582,-0.5873402542105193,-1.5387578041495997,-2.047985513491127,-464.9576031911853,0.30408725988139046,-1.6550646835315908,-0.2070277773225469,-1.1190704797132538,-384.09561715030253
4.450000000000004,0.10776745965690859,-0.58938052682821,-1.5429354790883338,-2.053381315290779,-465.96814788921694,0.3031485746553247,-1.6601744380677266,-0.20868649335111622,-1.1220695893735977,-385.05136979304706
4.460000000000004,0.1072804989552897,-0.5914227688643712,-1.5471146042439246,-2.058778610076533,-466.97825961383137,0.3022082789996366,-1.6652900906800572,-0.21035249516919416,-1.1250751360976659,-386.0081578278655
4.470000000000003,0.10679165025429461,-0.5934669745432098,-1.551295170977613,-2.064177387889156,-467.98793952117495,0.3012663955035516,-1.6704116896774683,-0.21202578754482007,-1.1280871465704454,-386.96598563519433
4.480000000000004,0.1063009199840165,-0.5955131381127206,-1.555477170686429,-2.0695776388126825,-468.99718878466444,0.3003229465127481,-1.6755392837711107,-0.21370637518318553,-1.1311056473395276,-387.9248575702994
4.490000000000004,0.10580831454839988,-0.5975612538446295,-1.5596605948031663,-2.074979352974387,-470.00600859484945,0.2993779541296199,-1.6806729220691232,-0.21539426272760562,-1.134130664815144,-388.88477796310184
4.500000000000004,0.1053138403252926,-0.5996113160343433,-1.563845434796368,-2.080382520544762,-471.0144001592756,0.2984314402135519,-1.6858126540713185,-0.21708945476050506,-1.1371622252702365,-389.84575111800615
4.510000000000003,0.10481750366649822,-0.6016633190008915,-1.5680316821702995,-2.085787131737492,-472.02236470234743,0.2974834263812273,-1.6909585296637932,-0.21879195580441296,-1.140200354840553,-390.80778131373324
4.520000000000003,0.10431931089782903,-0.6037172570868734,-1.572219328464927,-2.091193176809427,-473.02990346519135,0.2965339340069448,-1.6961105991135048,-0.2205017703229694,-1.1432450795247737,-391.7708728031536
4.530000000000004,0.1038192683191595,-0.6057731246584016,-1.5764083652558925,-2.0966006460605535,-474.0370177055187,0.2955829842229608,-1.701268913062775,-0.22221890272194364,-1.146296425184667,-392.735029813127
4.540000000000004,0.10331738220448003,-0.6078309161050461,-1.5805987841544866,-2.1020095298339627,-475.0437086974888,0.2946305979198578,-1.7064335225237481,-0.22394335735026183,-1.1493544175452737,-393.70025654434335
4.550000000000003,0.10281365880195101,-0.6098906258397797,-1.584790576807626,-2.1074198185158237,-476.0499777315728,0.29367679574692673,-1.7116044788728004,-0.2256751385010473,-1.1524190821951186,-394.6665571711677
4.560000000000004,0.10230810433395802,-0.6119522482989198,-1.588983734897822,-2.112831502535347,-477.0558261144172,0.292721598112567,-1.7167818338448912,-0.2274142504126698,-1.1554904445864567,-395.63393584148815
4.570000000000004,0.10180072499716665,-0.6140157779420715,-1.5931782501431524,-2.1182445723647514,-478.0612551687064,0.29176502518471825,-1.7219656395278624,-0.2291606972698064,-1.1585685300355388,-396.6023966765674
4.580000000000004,0.10129152696257814,-0.6160812092520727,-1.5973741142972344,-2.12365901851923,-479.06626623302805,0.2908070968912996,-1.7271559483566952,-0.23091448320451285,-1.1616533637229156,-397.57194377089724
4.590000000000003,0.10078051637558538,-0.6181485367349335,-1.601571319149191,-2.129074831556913,-480.07086066173576,0.2898478329206792,-1.7323528131077113,-0.23267561229730446,-1.164744970693763,-398.5425811920559
4.600000000000003,0.10026769935602968,-0.6202177549197809,-1.6057698565236194,-2.134492002078828,-481.07503982481364,0.28888725272215754,-1.7375562868927201,-0.23444408857824894,-1.1678433758582394,-399.51431298057054
4.610000000000004,0.09975308199825714,-0.6222888583587989,-1.609969718280561,-2.139910520728864,-482.0788051077406,0.28792537550647,-1.7427664231531352,-0.2362199160280677,-1.1709486039918713,-400.48714314977997
4.620000000000004,0.09923667037117624,-0.6243618416271708,-1.614170896315463,-2.1453303781937274,-483.0821579113542,0.2869622202463159,-1.7479832756540234,-0.2380030985792471,-1.174060679735963,-401.4610756857036
4.6300000000000034,0.09871847051831559,-0.62643669932302,-1.6183733825591489,-2.150751565202902,-484.08509965171595,0.2859978056768994,-1.7532068984781233,-0.23979364011716303,-1.1771796275980426,-402.4361145469118
4.640000000000004,0.09819848845788151,-0.6285134260673517,-1.6225771689777786,-2.156174072528607,-485.0876317599756,0.2850321502964948,-1.758437346019808,-0.2415915444812105,-1.1803054719523263,-403.4122636644006
4.650000000000004,0.09767673018281739,-0.6305920165039919,-1.6267822475728133,-2.161597890985748,-486.0897556822358,0.28406527236702633,-1.7636746729790098,-0.24339681546594563,-1.1834382370402163,-404.3895269414688
4.660000000000004,0.09715320166086147,-0.6326724652995291,-1.6309886103809785,-2.167023011431878,-487.091472879418,0.2830971899146743,-1.7689189343550986,-0.24520945682223866,-1.1865779469708264,-405.36790825359924
4.670000000000004,0.09662790883460709,-0.6347547671432536,-1.6351962494742245,-2.1724494247671444,-488.09278482712693,0.2821279207304951,-1.774170185440717,-0.24702947225843294,-1.1897246257215313,-406.34741144834277
4.680000000000003,0.0961008576215616,-0.6368389167470971,-1.6394051569596866,-2.1778771219342445,-489.0936930155166,0.28115748237105587,-1.7794284818155746,-0.2488568654415165,-1.1928782971385465,-407.3280403452053
4.690000000000004,0.09557205391420664,-0.6389249088455725,-1.6436153249796452,-2.1833060939183757,-490.0941989491558,0.2801858921591003,-1.7846938793402007,-0.25069163999830074,-1.1960389849375348,-408.3097987355394
4.700000000000004,0.09504150358005865,-0.6410127381957119,-1.6478267457114844,-2.1887363317471817,-491.09430414689376,0.2792131671842217,-1.7899664341496546,-0.25253379951660965,-1.1992067127042372,-409.2926903824372
4.710000000000004,0.09450921246172925,-0.643102399577007,-1.6520394113676486,-2.194167826490706,-492.09401014172704,0.2782393243035585,-1.7952462026472025,-0.25438334754647773,-1.2023815038951349,-410.2767190206283
4.720000000000004,0.0939751863769867,-0.645193887791346,-1.6562533141956015,-2.1996005692613356,-493.0933184806651,0.2772643801425083,-1.8005332414979511,-0.256240287601357,-1.205563381838134,-411.2618883563805
4.730000000000004,0.09343943111881682,-0.6472871976629533,-1.6604684464777784,-2.2050345512137457,-494.0922307245971,0.2762883510954614,-1.8058276076224409,-0.25810462315933114,-1.2087523697332772,-412.2482020674028
4.740000000000004,0.09290195245548553,-0.649382324038326,-1.664684800531545,-2.2104697635448476,-495.0907484481589,0.27531125332654655,-1.8111293581902144,-0.25997635766434196,-1.2119484906534845,-413.23566380275304
4.750000000000004,0.09236275613060024,-0.6514792617861728,-1.6689023687091493,-2.2159061974937306,-496.0888732396,0.2743331027704052,-1.8164385506133305,-0.2618554945274204,-1.2151517675453183,-414.2242771827488
4.760000000000003,0.09182184786317267,-0.6535780057973509,-1.6731211433976738,-2.221343844341605,-497.08660670065086,0.2733539151329688,-1.821755242539864,-0.26374203712792865,-1.2183622232297708,-415.2140457988797
4.770000000000004,0.09127923334768144,-0.6556785509848039,-1.6773411170189914,-2.226782695411742,-498.0839504463903,0.27237370589226606,-1.82707949184736,-0.2656359888148099,-1.2215798804030833,-416.20497321372505
4.780000000000004,0.09073491825413564,-0.6577808922834969,-1.681562282029712,-2.232222742069415,-499.08090610511334,0.27139249029924434,-1.8324113566362512,-0.26753735290784464,-1.2248047616375852,-417.1970629608743
4.790000000000004,0.09018890822813762,-0.6598850246503557,-1.6857846309211377,-2.2376639757218384,-500.07747531819945,0.2704102833786036,-1.8377508952232537,-0.26944613269891865,-1.228036889382564,-418.1903185448494
4.800000000000004,0.08964120889094712,-0.6619909430642016,-1.6900081562192093,-2.2431063878181052,-501.07365973998066,0.2694270999296508,-1.8430981661347294,-0.2713623314532945,-1.2312762859651527,-419.1847434410324
4.810000000000004,0.08909182583954542,-0.664098642525688,-1.6942328504844562,-2.2485499698491243,-502.06946103761015,0.26844295452717315,-1.84845322810001,-0.27328595241089443,-1.23452297359125,-420.1803410955948
4.820000000000004,0.08854076464669944,-0.6662081180572363,-1.6984587063119447,-2.2539947133475557,-503.06488089093136,0.2674578615223255,-1.8538161400447044,-0.27521699878758843,-1.2377769743464577,-421.17711492543077
4.830000000000004,0.08798803086102636,-0.6683193647029727,-1.7026857163312268,-2.2594406098877466,-504.0599209923467,0.26647183504353106,-1.8591869610839658,-0.2771554737764913,-1.2410383101970484,-422.175068318093
4.840000000000003,0.08743363000705884,-0.6704323775286622,-1.7069138732062825,-2.2648876510856635,-505.0545830466875,0.2654848889974073,-1.86456575051574,-0.2791013805492663,-1.2443070029909538,-423.17420463173323
4.850000000000004,0.08687756758531022,-0.6725471516216449,-1.7111431696354698,-2.2703358285988235,-506.04886877108333,0.264497037069699,-1.869952567813986,-0.28105472225743633,-1.2475830744587764,-424.17452719504377
4.860000000000004,0.08631984907233987,-0.6746636820907711,-1.7153735983514662,-2.2757851341262296,-507.042779894832,0.26350829272623183,-1.875347472621865,-0.28301550203370085,-1.250866546214826,-425.176039307204
4.870000000000004,0.08576047992081906,-0.6767819640663357,-1.7196051521212152,-2.2812355594082985,-508.0363181592702,0.2625186692138808,-1.8807505247449148,-0.284983722993263,-1.2541574397581816,-426.17874423782956
4.880000000000004,0.08519946555959719,-0.6789019927000138,-1.723837823745868,-2.286687096226791,-509.0294853176439,0.2615281795615562,-1.8861617841441924,-0.28695938823515993,-1.2574557764737702,-427.1826452269246
4.890000000000004,0.08463681139376807,-0.6810237631647942,-1.7280716060607275,-2.2921397364047396,-510.02228313497915,0.26053683658119936,-1.8915813109294022,-0.2889425008436002,-1.2607615776334742,-428.1877454848363
4.900000000000004,0.08407252280473629,-0.6831472706549144,-1.7323064919351878,-2.2975934718063775,-511.0147133879535,0.2595446528688029,-1.8970091653519907,-0.2909330638893108,-1.2640748643972597,-429.19404819221523
4.910000000000004,0.0835066051502845,-0.6852725103857947,-1.7365424742726774,-2.303048294337064,-512.0067778647676,0.25855164080543636,-1.9024454077982351,-0.29293108043088634,-1.267395657814324,-430.2015564999756
4.920000000000004,0.08293906376464034,-0.6873994775939719,-1.7407795460105981,-2.30850419594321,-512.998478365017,0.2575578125582919,-1.9078900987823069,-0.2949365535161466,-1.2707239788242688,-431.21027352926035
4.930000000000004,0.08236990395854371,-0.6895281675370332,-1.7450177001202656,-2.3139611686122055,-513.9898166995642,0.2565631800817469,-1.9133432989393058,-0.29694948618350137,-1.2740598482582952,-432.2202023714099
4.940000000000004,0.0817991310193146,-0.6916585754935499,-1.7492569296068456,-2.319419204372336,-514.9807946904112,0.255567755118436,-1.9188050690182967,-0.2989698814633155,-1.2774032868404135,-433.23134608793237
4.950000000000004,0.08122675021092103,-0.6937906967630104,-1.7534972275092968,-2.3248782952927134,-515.9714141705726,0.25457154920033925,-1.924275469875313,-0.3009977423792878,-1.2807543151886838,-434.2437077104783
4.960000000000004,0.08065276677404656,-0.6959245266657543,-1.7577385869003026,-2.3303384334831967,-516.9616769839489,0.25357457364988595,-1.9297545624663586,-0.303033071949829,-1.2841129538164706,-435.2572902408179
4.970000000000004,0.0800771859261597,-0.6980600605429041,-1.7619810008862116,-2.3357996110943047,-517.9515849851992,0.25257683958107313,-1.9352424078403767,-0.3050758731894463,-1.2874792231337175,-436.2720966508209
4.980000000000004,0.07950001286158122,-0.7001972937563002,-1.766224462606972,-2.3412618203171456,-518.9411400396164,0.2515783579005927,-1.9407390671322249,-0.30712614911013614,-1.2908531434482486,-437.288129882441
4.990000000000004,0.07892125275155401,-0.702336221688431,-1.7704689652360677,-2.3467250533833326,-519.930344023,0.25057913930898096,-1.946244601555624,-0.3091839027227784,-1.2942347349670815,-438.30539284770157
5.000000000000004,0.0783409107443113,-0.7044768397423682,-1.774714501980451,-2.3521893025649003,-520.9191988215322,0.24957919430177058,-1.9517590723961078,-0.3112491370385367,-1.2976240177977643,-439.32388842868505
5.010000000000004,0.07775899196514631,-0.7066191433416975,-1.7789610660804798,-2.357654560174226,-521.9077063316516,0.24857853317066558,-1.957282541003945,-0.31332185507026433,-1.3010210119497339,-440.3436194775259
5.020000000000004,0.07717550151648167,-0.7087631279304513,-1.7832086508098461,-2.36312081856394,-522.8958684599293,0.2475771660047253,-1.9628150687870665,-0.315402059833912,-1.3044257373356847,-441.3645888164059
5.030000000000004,0.07659044447793871,-0.7109087889730411,-1.7874572494755132,-2.3685880701268482,-523.8836871229439,0.2465751026915614,-1.968356717203979,-0.317489754349944,-1.3078382137729676,-442.38679923755296
5.0400000000000045,0.07600382590640743,-0.7130561219541901,-1.7917068554176458,-2.3740563072958443,-524.8711642471584,0.2455723529185443,-1.9739075477566743,-0.31958494164475443,-1.3112584609849967,-443.410253503242
5.050000000000004,0.07541565083611691,-0.7152051223788635,-1.7959574620095395,-2.3795255225438185,-525.858301768796,0.2445689261740309,-1.9794676219835206,-0.3216876247520893,-1.3146864986026796,-444.4349543457999
5.060000000000004,0.07482592427870488,-0.7173557857722017,-1.8002090626575544,-2.38499570838358,-526.845101633717,0.24356483174859556,-1.9850370014521639,-0.32379780671447267,-1.318122346165865,-445.4609044676129
5.070000000000004,0.0742346512232884,-0.7195081076794521,-1.8044616508010425,-2.390466857367764,-527.8315657972964,0.2425600787362776,-1.9906157477524167,-0.32591549058463526,-1.3215660231248045,-446.48810654113674
5.080000000000004,0.0736418366365346,-0.721662083665899,-1.80871521991228,-2.3959389620887412,-528.817696224301,0.24155467603583947,-1.996203922489139,-0.32804067942694765,-1.3250175488416338,-447.5165632089094
5.090000000000004,0.07304748546273096,-0.7238177093167975,-1.8129697634963933,-2.401412015178534,-529.8034948887677,0.2405486323520379,-2.0018015872751294,-0.3301733763188556,-1.3284769425918703,-448.546277083568
5.100000000000004,0.07245160262385685,-0.7259749802373016,-1.8172252750912883,-2.4068860093087223,-530.7889637738812,0.2395419561969057,-2.007408803723998,-0.33231358435231884,-1.3319442235659247,-449.57725074786737
5.110000000000004,0.07185419301965403,-0.7281338920523989,-1.821481748267578,-2.4123609371903534,-531.7741048718539,0.2385346558910432,-2.013025633443059,-0.33446130663525314,-1.335419410870632,-450.60948675470155
5.1200000000000045,0.0712552615276981,-0.7302944404068392,-1.8257391766285107,-2.4178367915738526,-532.7589201838042,0.23752673956492446,-2.018652138026201,-0.3366165462929747,-1.3389025235307943,-451.6429876271292
5.130000000000004,0.07065481300347022,-0.7324566209650661,-1.8299975538098927,-2.4233135652489275,-533.7434117196361,0.23651821516020977,-2.0242883790467787,-0.3387793064696458,-1.3423935804907396,-452.67775585839996
5.140000000000004,0.07005285228042817,-0.7346204294111486,-1.8342568734800184,-2.428791251044479,-534.7275814979196,0.23550909043107635,-2.0299344180504906,-0.34094959032972555,-1.3458926006158989,-453.71379391198604
5.150000000000004,0.06944938417007823,-0.7367858614487113,-1.838517129339594,-2.434269841828503,-535.7114315457708,0.23449937294554934,-2.0355903165482783,-0.34312740105941947,-1.349399602694391,-454.75110422161436
5.160000000000004,0.06884441346204716,-0.7389529128008651,-1.8427783151216615,-2.4397493305080005,-536.6949638987325,0.23348907008684877,-2.041256136009211,-0.34531274186813377,-1.352914605438628,-455.7896891913018
5.170000000000004,0.06823794492415411,-0.7411215792101377,-1.8470404245915226,-2.445229710028879,-537.6781806006558,0.23247818905475112,-2.0469319378533886,-0.3475056159899286,-1.3564376274869288,-456.8295511953953
5.180000000000004,0.0676299833024828,-0.7432918564384046,-1.8513034515466642,-2.4507109733758563,-538.6610837035815,0.23146673686695213,-2.0526177834448425,-0.3497060266849753,-1.35996868740515,-457.87069257861157
5.190000000000004,0.06702053332145351,-0.7454637402668194,-1.8555673898166802,-2.4561931135723682,-539.6436752676221,0.2304547203604412,-2.058313734084455,-0.3519139772410131,-1.3635078036883266,-458.91311565608163
5.200000000000005,0.06640959968389593,-0.7476372264957438,-1.8598322332631947,-2.4616761236804665,-540.6259573608447,0.22944214619289077,-2.0640198510028753,-0.35412947097480824,-1.3670549947623294,-459.95682271339746
5.210000000000004,0.06579718707112146,-0.7498123109446784,-1.8640979757797824,-2.4671599968007234,-541.6079320591531,0.2284290208440504,-2.069736195353447,-0.35635251123361233,-1.3706102789855263,-461.0018160066609
5.220000000000004,0.06518330014299559,-0.7519889894521927,-1.8683646112918926,-2.472644726072131,-542.5896014461716,0.22741535061715068,-2.0754628282051555,-0.35858310139662275,-1.3741736746504656,-462.0480977625361
5.230000000000004,0.06456794353801107,-0.7541672578758556,-1.8726321337567688,-2.4781303046720073,-543.5709676131293,0.22640114164031522,-2.08119981053557,-0.36082124487644374,-1.377745199985563,-463.0956701783032
5.240000000000004,0.06395112187336058,-0.7563471120921644,-1.8769005371633691,-2.4836167258158888,-544.5520326587429,0.22538639986798178,-2.0869472032238168,-0.3630669451205464,-1.3813248731568026,-464.1445354219157
5.250000000000004,0.0633328397450097,-0.7585285479964771,-1.8811698155322873,-2.489103982757436,-545.5327986891031,0.22437113108233472,-2.09270506704355,-0.3653202056127291,-1.3849127122694473,-465.1946956320603
5.260000000000004,0.06271310172776995,-0.7607115615029392,-1.8854399629156717,-2.4945920687883283,-546.5132678175578,0.22335534089474152,-2.098473462655941,-0.3675810298745781,-1.3885087353697596,-466.24615291821846
5.270000000000004,0.06209191237537231,-0.7628961485444168,-1.8897109733971438,-2.5000809772381656,-547.4934421645993,0.22233903474719888,-2.104252450602686,-0.3698494214669284,-1.3921129604467326,-467.29890936073156
5.280000000000005,0.06146927622053985,-0.7650823050724246,-1.8939828410917183,-2.505570701474364,-548.4733238577494,0.2213222179137856,-2.1100420912990328,-0.37212538399132267,-1.3957254054338306,-468.352967010868
5.2900000000000045,0.06084519777506169,-0.7672700270570562,-1.8982555601457198,-2.5110612349020536,-549.4529150314456,0.2203048955021289,-2.1158424450268054,-0.37440892109146956,-1.3993460882107362,-469.408327890892
5.300000000000004,0.06021968152986635,-0.7694593104869139,-1.9025291247367007,-2.5165525709639733,-550.4322178269289,0.21928707245486823,-2.1216535719274767,-0.3767000364547022,-1.4029750266051082,-470.46499399413716
5.310000000000004,0.059592731955095,-0.7716501513690387,-1.9068035290733611,-2.52204470314037,-551.4112343921302,0.21826875355113187,-2.127475531995231,-0.37899873381343363,-1.406612238394347,-471.52296728507906
5.320000000000004,0.05896435350017531,-0.7738425457288403,-1.911078767395462,-2.527537624948892,-552.3899668815585,0.21724994340802412,-2.1333083850700643,-0.38130501694661256,-1.4102577413073674,-472.5822496994134
5.3300000000000045,0.05833455059389511,-0.7760364896100256,-1.915354833973743,-2.5330313299444827,-553.3684174561893,0.21623064648211193,-2.139152190830899,-0.38361888968117613,-1.4139115530263793,-473.6428431441351
5.340000000000004,0.0577033276444764,-0.7782319790745291,-1.9196317231098388,-2.538525811719278,-554.3465882833528,0.21521086707092196,-2.1450070087887156,-0.3859403558935002,-1.4175736911886723,-474.7047494976186
5.350000000000004,0.057070689039648716,-0.7804290102024434,-1.9239094291361956,-2.544021063902496,-555.3244815366237,0.21419060931444198,-2.1508728982797214,-0.38826941951085087,-1.421244173388412,-475.7679706097031
5.360000000000005,0.05643663914672327,-0.7826275790919477,-1.9281879464159835,-2.5495170801603355,-556.3020993957105,0.21316987719663466,-2.1567499184585204,-0.39060608451282886,-1.4249230171784373,-476.83250830177883
5.3700000000000045,0.05580118231266733,-0.7848276818592369,-1.9324672693430143,-2.5550138541958636,-557.2794440463452,0.21214867454694547,-2.162638128291332,-0.39295035493281405,-1.4286102400720642,-477.89836436687347
5.380000000000004,0.055164322864177585,-0.787029314638453,-1.9367473923416538,-2.5605113797489105,-558.2565176801749,0.21112700504182919,-2.168537586549212,-0.3953022348594078,-1.4323058595448992,-478.96554056974503
5.390000000000004,0.05452606510775458,-0.7892324735816132,-1.9410283098667362,-2.5660096505959613,-559.2333224946517,0.21010487220627125,-2.1744483518013165,-0.3976617284378705,-1.43600989303665,-480.03403864697333
5.400000000000004,0.05388641332977692,-0.7914371548585399,-1.9453100164034796,-2.5715086605500472,-560.2098606929254,0.20908227941532248,-2.1803704824081858,-0.4000288398715565,-1.4397223579529463,-481.10386030705547
5.410000000000005,0.05324537179657518,-0.7936433546567908,-1.9495925064673965,-2.5770084034606353,-561.1861344837342,0.20805922989563347,-2.186304036515052,-0.40240357342334493,-1.4434432716671626,-482.17500723050296
5.420000000000004,0.05260294475450666,-0.7958510691815865,-1.9538757746042064,-2.5825088732135195,-562.1621460812985,0.2070357267269971,-2.1922490720451817,-0.40478593341706864,-1.4471726515222418,-483.24748106994065
5.430000000000004,0.05195913643002904,-0.7980602946557434,-1.9581598153897524,-2.5880100637307093,-563.1378977052126,0.20601177284389136,-2.198205646693248,-0.4071759242389368,-1.4509105148325285,-484.32128345020857
5.440000000000005,0.051313951029774985,-0.8002710273195999,-1.9624446234299098,-2.593511968970323,-564.1133915803393,0.2049873710370339,-2.204173817918729,-0.4095735503389544,-1.4546568788855962,-485.3964159684652
5.450000000000005,0.050667392740626704,-0.8024832634309476,-1.9667301933604973,-2.599014582926472,-565.088629936703,0.20396252395493353,-2.2101536429393382,-0.41197881623233773,-1.4584117609440828,-486.4728801942927
5.460000000000004,0.050019465729790116,-0.8046969992649609,-1.9710165198471916,-2.6045178996291503,-566.0636150093843,0.2029372341054479,-2.216145178724486,-0.4143917265009241,-1.4621751782475267,-487.55067766980477
5.470000000000004,0.04937017414486896,-0.8069122311141264,-1.975303597585436,-2.6100219131441253,-567.0383490384155,0.20191150385734907,-2.2221484819887785,-0.41681228579457785,-1.465947148014202,-488.6298099097561
5.480000000000004,0.04871952211393985,-0.809128955288172,-1.9795914213003523,-2.615526617572824,-568.0128342686751,0.2008853354418865,-2.22816360918555,-0.4192404988325896,-1.469727687442956,-489.71027840165317
5.490000000000005,0.048067513745626324,-0.8113471681139971,-1.9838799857466516,-2.6210320070522193,-568.9870729497841,0.19985873095435566,-2.2341906165004177,-0.42167637040507183,-1.4735168137150474,-490.7920846058686
5.500000000000004,0.04741415312917345,-0.8135668659356016,-1.9881692857085416,-2.626538075754716,-569.9610673360023,0.19883169235567327,-2.2402295598448867,-0.42411990537434674,-1.4773145439959834,-491.87522995575534
5.510000000000004,0.0467594443345221,-0.8157880451140165,-1.9924593159996413,-2.632044817888042,-570.9348196861256,0.19780422147395077,-2.246280494849985,-0.4265711086763312,-1.4811208954373576,-492.95971585776476
5.520000000000005,0.046103391412383864,-0.8180107020272326,-1.9967500714628879,-2.6375522276951298,-571.9083322633827,0.1967763200060709,-2.252343476859934,-0.4290299853219124,-1.4849358851786854,-494.04554369156506
5.530000000000005,0.04544599839431519,-0.8202348330701305,-2.001041546970443,-2.6430602994540022,-572.8816073353333,0.19574798951927122,-2.258418560925855,-0.4314965403983188,-1.4887595303492387,-495.13271481016164
5.5400000000000045,0.044787269292791976,-0.8224604346544103,-2.005333737423608,-2.648569027477662,-573.8546471737665,0.1947192314527244,-2.26450580179952,-0.43397077907048465,-1.492591848069879,-496.2212305400206
5.550000000000004,0.04412720810128431,-0.8246875032085218,-2.0096266377527296,-2.654078406113974,-574.8274540545996,0.19369004711912313,-2.270605253927142,-0.43645270658240665,-1.496432855454889,-497.3110921811921
5.560000000000004,0.04346581879433056,-0.8269160351775936,-2.013920242917105,-2.6595884297455483,-575.8000302577773,0.19266043770626964,-2.2767169714431903,-0.438942328258494,-1.5002825696137987,-498.40230100743736
5.570000000000005,0.04280310532761221,-0.8291460270233636,-2.0182145479048965,-2.6650990927896285,-576.772378067172,0.19163040427866024,-2.2828410081642665,-0.4414396495049124,-1.504141007653213,-499.4948582663548
5.5800000000000045,0.04213907163802827,-0.831377475224108,-2.022509547733034,-2.6706103896979707,-577.7444997704835,0.19059994777907904,-2.2889774175830073,-0.44394467581091573,-1.5080081866786283,-500.58876517951086
5.590000000000004,0.04147372164376986,-0.8336103762745717,-2.0268052374471246,-2.6761223149567335,-578.7163976591407,0.189569069030185,-2.2951262528620444,-0.4464574127501782,-1.5118841237962568,-501.6840229425699
5.600000000000005,0.04080705924439439,-0.8358447266858985,-2.0311016121213625,-2.6816348630863556,-579.6880740282024,0.1885377687361092,-2.3012875668279804,-0.4489778659821094,-1.5157688361148318,-502.7806327254281
5.610000000000005,0.04013908832090026,-0.8380805229855606,-2.0353986668584296,-2.687148028641442,-580.6595311762592,0.18750604748404226,-2.3074614119654413,-0.45150604125316696,-1.5196623407474203,-503.87859567234517
5.6200000000000045,0.03946981273580142,-0.8403177617172888,-2.0396963967894104,-2.6926618062106464,-581.6307714053362,0.18647390574583395,-2.313647840411145,-0.45404194439815804,-1.5235646548132236,-504.97791290208295
5.630000000000004,0.03879923633320145,-0.8425564394410029,-2.0439947970736925,-2.698176190416553,-582.6017970207959,0.18544134387958233,-2.3198469039480396,-0.45658558134153393,-1.5274757954393756,-506.07858550804
5.640000000000004,0.038127362938868,-0.8447965527327417,-2.0482938628988765,-2.703691175915559,-583.5726103312412,0.1844083621312302,-2.3260586539994605,-0.45913695809867255,-1.5313957797627316,-507.18061455839154
5.650000000000005,0.03745419636030739,-0.8470380981845926,-2.0525935894806793,-2.709206757397758,-584.54321364842,0.18337496063616135,-2.332283141623353,-0.46169608077715507,-1.5353246249316537,-508.2840010962294
5.660000000000005,0.036779740386838934,-0.8492810724046225,-2.0568939720628427,-2.714722929586817,-585.5136092871288,0.18234113942079247,-2.338520417506537,-0.4642629555780301,-1.539262348107786,-509.38874613970285
5.670000000000004,0.03610399878966887,-0.8515254720168084,-2.0611950059170394,-2.7202396872398653,-586.4837995651185,0.18130689840416603,-2.34477053195902,-0.4668375887970698,-1.5432089664678263,-510.4948506821616
5.680000000000005,0.03542697532196488,-0.8537712936609672,-2.065496686342776,-2.7257570251473697,-587.4537868029995,0.18027223739954698,-2.3510335349083515,-0.46941998682601543,-1.5471644972052854,-511.60231569230075
5.690000000000005,0.03474867371893045,-0.8560185339926856,-2.0697990086672995,-2.731274938133015,-588.4235733241475,0.17923715611601446,-2.35730947589403,-0.47201015615381103,-1.5511289575322398,-512.7111421143052
5.700000000000005,0.034069097697878824,-0.8582671896832526,-2.0741019682455035,-2.7367934210535907,-589.3931614546104,0.17820165416005015,-2.363598404061969,-0.47460810336783094,-1.5551023646810782,-513.8213308679963
5.710000000000004,0.03338825095830698,-0.860517257419588,-2.078405560459833,-2.7423124687988656,-590.3625535230151,0.17716573103713226,-2.3699003681589956,-0.4772138351550906,-1.5590847359062345,-514.9328828489811
5.720000000000004,0.032706137181970144,-0.8627687339041744,-2.082709780720189,-2.7478320762914707,-591.3317518604752,0.17612938615332402,-2.37621541652741,-0.47982735830344997,-1.5630760884859138,-516.0457989288001
5.730000000000005,0.03202276003295539,-0.8650216158549874,-2.0870146244638317,-2.7533522384867792,-592.3007588004986,0.1750926188168588,-2.382543597099602,-0.4824486797028065,-1.5670764397238073,-517.1600799550783
5.740000000000005,0.03133812315775613,-0.8672759000054259,-2.091320087155287,-2.758872950372785,-593.2695766788968,0.17405542823972914,-2.3888849573926993,-0.4850778063462719,-1.5710858069507956,-518.2757267516766
5.750000000000004,0.030652230185345422,-0.8695315831042442,-2.09562616428625,-2.7643942069699827,-594.2382078336934,0.17301781353926723,-2.39523954450329,-0.4877147453313424,-1.575104207526646,-519.392740118844
5.760000000000005,0.029965084727250176,-0.8717886619154825,-2.0999328513754896,-2.76991600333125,-595.2066546050344,0.1719797737397296,-2.401607405102185,-0.49035950386105415,-1.5791316588416906,-520.5111208333726
5.770000000000005,0.02927669037762507,-0.8740471332183978,-2.1042401439687515,-2.7754383345417213,-596.174919335097,0.1709413077738742,-2.407988585429235,-0.4930120892451255,-1.5831681783184985,-521.6308696487504
5.780000000000005,0.028587050713326116,-0.8763069938073944,-2.1085480376386636,-2.7809611957186724,-597.1430043680024,0.16990241448453708,-2.4143831312882127,-0.4956725089010893,-1.5872137834135354,-522.7519872953185
5.7900000000000045,0.027896169293984082,-0.8785682404919567,-2.1128565279846376,-2.7864845820113953,-598.1109120497246,0.16886309262620558,-2.4207910880417316,-0.4983407703554109,-1.591268491618807,-523.8744744804268
5.800000000000004,0.027204049662078747,-0.8808308700965793,-2.117165610632775,-2.7920084886010814,-599.0786447280041,0.1678233408665945,-2.4272125006062266,-0.5010168812445923,-1.5953323204634915,-524.998331888593
5.810000000000005,0.02651069534301168,-0.8830948794606994,-2.1214752812357704,-2.7975329107006943,-600.046204752259,0.16678315778820624,-2.4336474134470056,-0.5037008493162647,-1.5994052875155604,-526.1235601816601
5.820000000000005,0.025816109845180346,-0.8853602654386266,-2.125785535472811,-2.803057843554853,-601.0135944734977,0.16574254188990112,-2.4400958705733253,-0.5063926824302666,-1.6034874103833823,-527.2501599989555
5.8300000000000045,0.025120296660051077,-0.8876270248994766,-2.1300963690494856,-2.808583282439707,-601.9808162442332,0.16470149158845446,-2.446557915533562,-0.5090923885597081,-1.6075787067173135,-528.3781319574525
5.840000000000005,0.02442325926223252,-0.8898951547271017,-2.134407777697684,-2.814109222662819,-602.947872418396,0.16366000522012006,-2.4530335914103967,-0.5117999757920214,-1.611679194211275,-529.5074766519317
5.850000000000005,0.02372500110954885,-0.8921646518200227,-2.1387197571755006,-2.8196356595630374,-603.9147653512482,0.16261808104217554,-2.4595229408161012,-0.5145154523299962,-1.6157888906043116,-530.6381946551408
5.860000000000005,0.023025525643112936,-0.8944355130913613,-2.1430323032671366,-2.8251625885103775,-604.8814973992996,0.1615757172344779,-2.4660260058878456,-0.517238826492803,-1.61990781368214,-531.770286517959
5.8700000000000045,0.02232483628739943,-0.8967077354687715,-2.1473454117828057,-2.830690004905899,-605.848070920222,0.1605329119010068,-2.4725428282830877,-0.5199701067169982,-1.6240359812786767,-532.9037527695601
5.880000000000004,0.02162293645031747,-0.8989813158943724,-2.1516590785586347,-2.836217904181584,-606.814488272765,0.15948966307140477,-2.479073449175011,-0.5227093015575164,-1.6281734112775494,-534.0385939175766
5.890000000000005,0.020919829523283924,-0.9012562513246801,-2.155973299456565,-2.841746281800212,-607.7807518166735,0.15844596870251457,-2.48561790924802,-0.5254564196886486,-1.6323201216135967,-535.1748104482638
5.900000000000005,0.02021551888129594,-0.9035325387305394,-2.1602880703642566,-2.8472751332552413,-608.7468639126034,0.1574018266799105,-2.4921762486932995,-0.5282114699049999,-1.6364761302743447,-536.3124028266656
5.910000000000005,0.019510007883003874,-0.9058101750970574,-2.164603387194992,-2.8528044540706836,-609.7128269220401,0.15635723481942485,-2.498748507204436,-0.5309744611224386,-1.6406414553014692,-537.4513714967804
5.920000000000005,0.01880329987078343,-0.908089157423536,-2.1689192458875772,-2.8583342398009837,-610.678643207216,0.1553121908686681,-2.5053347239730965,-0.5337454023790231,-1.644816114792241,-538.5917168817284
5.930000000000005,0.018095398170808675,-0.9103694827234029,-2.17323564240624,-2.8638644860308933,-611.6443151310286,0.15426669250854808,-2.5119349376847606,-0.5365243028359161,-1.6490001269009482,-539.7334393839163
5.940000000000005,0.01738630609312416,-0.9126511480241467,-2.1775525727405403,-2.8693951883753517,-612.6098450569608,0.15322073735477543,-2.518549186514532,-0.5393111717782821,-1.6531935098403057,-540.876539385207
5.950000000000005,0.01667602693171731,-0.9149341503672481,-2.1818700329052665,-2.874926342479361,-613.5752353489992,0.152174322959376,-2.5251775081229844,-0.5421060186161667,-1.657396281882842,-542.0210172470865
5.960000000000004,0.015964563964590325,-0.9172184868081142,-2.186188018940339,-2.8804579440178646,-614.5404883715549,0.15112744681218335,-2.531819939652103,-0.5449088528853603,-1.6616084613622653,-543.1668733108327
5.970000000000005,0.01525192045383266,-0.9195041544160109,-2.190506526910714,-2.8859899886956235,-615.505606489384,0.15008010634233426,-2.5384765177212563,-0.5477196842482442,-1.665830066674815,-544.3141078976834
5.980000000000005,0.014538099645692984,-0.9217911502739957,-2.1948255529062815,-2.891522472247091,-616.4705920675086,0.1490322989197573,-2.5451472784232485,-0.5505385224946195,-1.6700611162805867,-545.462721309006
5.990000000000005,0.01382310477065064,-0.9240794714788523,-2.1991450930417713,-2.897055390436295,-617.4354474711386,0.14798402185665405,-2.5518322573204273,-0.5533653775425191,-1.6743016287048418,-546.6127138264675
6.000000000000005,0.013106939043487635,-0.9263691151410238,-2.2034651434566555,-2.902588739056709,-618.4001750655939,0.14693527240896884,-2.558531489440863,-0.5562002594390009,-1.6785516225392934,-547.7640857122022
6.010000000000005,0.012389605663360507,-0.9286600783845455,-2.207785700315044,-2.9081225139311333,-619.3647772162271,0.14588604777786207,-2.565245009274577,-0.5590431783609231,-1.6828111164433692,-548.9168372089836
6.020000000000005,0.011671107813871515,-0.9309523583469795,-2.2121067598055952,-2.9136567109115705,-620.3292562883469,0.1448363451111668,-2.571972850769849,-0.5618941446157023,-1.6870801291454587,-550.070968540394
6.030000000000005,0.010951448663139976,-0.9332459521793488,-2.216428318141412,-2.919191325879103,-621.2936146471415,0.14378616150484574,-2.5787150473295775,-0.5647531686420522,-1.6913586794441322,-551.2264799109942
6.0400000000000045,0.010230631363873848,-0.9355408570460707,-2.2207503715599444,-2.9247263547437665,-622.2578546576033,0.14273549400443747,-2.585471631807704,-0.5676202610107035,-1.6956467862093394,-552.383371506495
6.050000000000005,0.009508659053440687,-0.9378370701248916,-2.2250729163228944,-2.930261793444433,-623.2219786844536,0.14168433960649376,-2.592242636505712,-0.5704954324251068,-1.6999444683835863,-553.541643493927
6.060000000000005,0.008785534853938801,-0.9401345886068205,-2.2293959487161126,-2.9357976379486814,-624.1859890920675,0.14063269526001537,-2.5990280931691743,-0.5733786937221131,-1.7042517449830887,-554.701296021812
6.070000000000005,0.008061261872267926,-0.9424334096960646,-2.2337194650495062,-2.941333884252678,-625.1498882444007,0.13958055786787438,-2.605828032984387,-0.5762700558726385,-1.7085686350989004,-555.8623292203334
6.080000000000005,0.007335843200200164,-0.9447335306099631,-2.238043461656936,-2.9468705283810532,-626.113678504915,0.13852792428823235,-2.6126424865750386,-0.5791695299823079,-1.7128951578980212,-557.0247432015076
6.090000000000005,0.006609281914450791,-0.9470349485789212,-2.2423679348961207,-2.9524075663867775,-627.0773622365056,0.1374747913359472,-2.619471483998976,-0.5820771272920775,-1.7172313326244755,-558.1885380593535
6.100000000000005,0.005881581076748499,-0.9493376608463475,-2.2466928811485385,-2.9579449943510387,-628.0409418014285,0.13642115578397782,-2.626315054745011,-0.5849928591788407,-1.7215771786003722,-559.3537138700648
6.110000000000005,0.005152743733905639,-0.9516416646685867,-2.251018296819327,-2.9634828083831186,-629.0044195612285,0.13536701436477455,-2.63317322772981,-0.5879167371560117,-1.725932715226936,-560.5202706921802
6.1200000000000045,0.004422772917889138,-0.9539469573148547,-2.2553441783371895,-2.969021004620271,-629.9677978766674,0.13431236377166325,-2.6400460312948337,-0.5908487728740893,-1.7302979619855132,-561.6882085667535
6.130000000000005,0.0036916716458896873,-0.9562535360671764,-2.2596705221542916,-2.974559579227597,-630.9310791076534,0.13325720066022448,-2.64693349320335,-0.5937889781212001,-1.734672938438558,-562.8575275175252
6.140000000000005,0.0029594429203925045,-0.9585613982203179,-2.2639973247461658,-2.980098528397923,-631.8942656131702,0.13220152164965915,-2.653835640637518,-0.5967373648236205,-1.739057664230582,-564.0282275510917
6.150000000000005,0.002226089729246724,-0.9608705410817248,-2.2683245826116147,-2.985637848351681,-632.8573597512074,0.1311453233241473,-2.660752500195531,-0.5996939450462799,-1.743452159089089,-565.2003086570761
6.1600000000000055,0.0014916150457352556,-0.9631809619714562,-2.272652292272611,-2.991177535336779,-633.8203638786905,0.13008860223419882,-2.6676840978888254,-0.6026587309932416,-1.7478564428254784,-566.3737708082983
6.170000000000005,0.0007560218286443126,-0.9654926582221214,-2.2769804502741993,-2.9967175856284824,-634.7832803514127,0.12903135489799566,-2.6746304591393546,-0.605631735008161,-1.7522705353359183,-567.5486139609445
6.180000000000005,1.9313022332552958e-05,-0.9678056271788161,-2.2813090531844002,-3.0022579955292947,-635.7461115239659,0.12797357780272114,-2.681591608776945,-0.6086129695747253,-1.7566944566022002,-568.7248380547361
6.190000000000005,-0.0007185084431990067,-0.9701198661990581,-2.28563809759411,-3.0077987613688273,-636.7088597496728,0.12691526740588677,-2.6885675710366854,-0.6116024473170698,-1.7611282266925588,-569.9024430130994
6.200000000000005,-0.0014574396522387119,-0.9724353726527237,-2.2899675801170063,-3.013339879503682,-637.6715273805202,0.1258564201366422,-2.6955583695564203,-0.6146001810001721,-1.765571865762466,-571.0814287433348
6.210000000000005,-0.002197477703294816,-0.9747521439219852,-2.294297497389446,-3.0188813463173285,-638.634116767091,0.12479703239708057,-2.7025640273742884,-0.6176061835302276,-1.7700253940554014,-572.2617951367837
6.220000000000005,-0.002938619709026576,-0.9770701774012459,-2.2986278460703686,-3.0244231582199803,-639.5966302584985,0.12373710056353372,-2.709584566926324,-0.6206204679549969,-1.774488831903589,-573.4435420689978
6.230000000000005,-0.0036808627961760314,-0.9793894704970783,-2.3029586228412016,-3.029965311648472,-640.5590702023209,0.12267662098785813,-2.7166200100441356,-0.6236430474641377,-1.778962199728707,-574.6266693999069
6.2400000000000055,-0.004424204105499225,-0.9817100206281606,-2.3072898244057622,-3.0355078030661407,-641.5214389445351,0.12161558999870473,-2.7236703779526574,-0.6266739353895108,-1.783445518042574,-575.8111769739844
6.250000000000005,-0.005168640791697813,-0.9840318252252139,-2.311621447490154,-3.041050628962699,-642.4837388294524,0.12055400390279028,-2.7307356912679444,-0.6297131452054624,-1.7879388074477949,-576.9970646204152
6.260000000000005,-0.0059141700233510085,-0.9863548817309397,-2.315953488842677,-3.0465937858541174,-643.4459721996539,0.1194918589861474,-2.737815969995059,-0.6327606905290875,-1.7924420886383914,-578.1843321532616
6.270000000000005,-0.0066607889828473685,-0.9886791875999567,-2.3202859452337266,-3.0521372702825,-644.4081413959273,0.11842915151537209,-2.744911233526004,-0.6358165851204668,-1.7969553824003939,-579.3729793716287
6.280000000000005,-0.007408494866317434,-0.9910047402987399,-2.324618813455697,-3.0576810788159636,-645.3702487572025,0.11736587773885834,-2.752021500637734,-0.6388808428828826,-1.8014787096124025,-580.5630060598291
6.290000000000005,-0.008157284883565168,-0.993331537305556,-2.328952090322883,-3.0632252080485163,-646.33229662049,0.11630203388801981,-2.759146789490239,-0.6419534778630118,-1.8060120912461275,-581.7544119875481
6.300000000000005,-0.008907156258001198,-0.9956595761104043,-2.3332857726713843,-3.068769654599933,-647.2942873208174,0.11523761617850573,-2.7662871176246697,-0.6450345042510943,-1.8105555483668891,-582.947196910006
6.310000000000005,-0.009658106226574847,-0.9979888542149526,-2.337619857359007,-3.0743144151156403,-648.2562231911688,0.11417262081140404,-2.7734425019615587,-0.6481239363810787,-1.8151091021340946,-584.1413605681229
6.320000000000006,-0.010410132039707526,-1.0003193691324768,-2.3419543412651684,-3.0798594862665905,-649.2181065624228,0.11310704397443291,-2.7806129587990878,-0.651221788730746,-1.8196727738016776,-585.3369026886801
6.330000000000005,-0.01116323096122509,-1.0026511183877975,-2.3462892212907986,-3.085404864749139,-650.1799397632916,0.11204088184312078,-2.78779850381144,-0.6543280759218051,-1.8242465847185136,-586.533822984481
6.340000000000005,-0.011917400268291177,-1.0049840995172221,-2.350624494358243,-3.0909505472849297,-651.1417251202612,0.11097413058198098,-2.7949991520471884,-0.6574428127199713,-1.8288305563288,-587.7321211545143
6.350000000000005,-0.012672637251340314,-1.0073183100684797,-2.3549601574111696,-3.0964965306207692,-652.1034649575314,0.10990678634566797,-2.8022149179277855,-0.660566014035015,-1.8334247101724066,-588.931796884112
6.360000000000005,-0.013428939214011986,-1.0096537476006626,-2.359296207414468,-3.102042811528507,-653.0651615969565,0.10883884528012713,-2.8094458152460993,-0.6636976949207906,-1.8380290678851923,-590.1328498451095
6.370000000000005,-0.014186303473083452,-1.0119904096841654,-2.363632641354154,-3.1075893868049156,-654.0268173579865,0.10777030352373271,-2.8166918571650146,-0.6668378705752372,-1.8426436511992927,-591.3352796960042
6.380000000000005,-0.01494472735840395,-1.0143282939006224,-2.3679694562372755,-3.11313625327157,-654.9884345576087,0.10670115720841526,-2.8239530562161033,-0.6699865563403585,-1.847268481943374,-592.539086082114
6.390000000000005,-0.015704208212828533,-1.0166673978428493,-2.3723066490918128,-3.118683407774727,-655.9500155102901,0.10563140246077371,-2.8312294242983675,-0.6731437677021783,-1.8519035820428562,-593.7442686357322
6.400000000000006,-0.016464743392152516,-1.0190077191147817,-2.3766442169665862,-3.124230847185208,-656.9115625279205,0.10456103540318014,-2.8385209726770464,-0.6763095202906696,-1.8565489735201022,-594.9508269762853
6.4100000000000055,-0.017226330265045265,-1.0213492553314152,-2.380982156931156,-3.129778568398274,-657.8730779197546,0.10349005215487377,-2.84582771198247,-0.6794838298796606,-1.8612046784945764,-596.158760710487
6.420000000000005,-0.01798896621298505,-1.0236920041187454,-2.3853204660757306,-3.13532656833351,-658.8345639923566,0.10241844883303819,-2.8531496522090065,-0.6826667123867155,-1.8658707191829684,-597.368069432492
6.430000000000005,-0.01875264863019345,-1.026035963113708,-2.3896591415110677,-3.1408748439347045,-659.7960230495444,0.10134622155387421,-2.86048680271405,-0.6858581838729924,-1.8705471178992858,-598.5787527240508
6.440000000000005,-0.019517374923570606,-1.0283811299641201,-2.393998180368381,-3.1464233921697304,-660.7574573923335,0.10027336643365264,-2.867839172217103,-0.6890582605430734,-1.8752338970549145,-599.7908101546592
6.4500000000000055,-0.020283142512629835,-1.0307275023286193,-2.3983375797992417,-3.1519722100304244,-661.7188693188834,0.09919987958976326,-2.875206768798882,-0.6922669587447736,-1.8799310791586419,-601.0042412817118
6.460000000000005,-0.021049948829432955,-1.0330750778766047,-2.402677336975486,-3.15752129453247,-662.6802611244416,0.09812575714174682,-2.882589599900527,-0.6954842949689212,-1.8846386868166491,-602.2190456506496
6.470000000000005,-0.02181779131852557,-1.0354238542881793,-2.4070174490891194,-3.1630706427152755,-663.6416351012913,0.0970509952123184,-2.8899876723228504,-0.6987102858491169,-1.8893567427324756,-603.4352227951119
6.480000000000006,-0.022586667436873223,-1.03777382925409,-2.4113579133522207,-3.1686202516418627,-664.6029935386973,0.09597558992837318,-2.8974009922256743,-0.7019449481614674,-1.8940852697069397,-604.6527722370813
6.4900000000000055,-0.02335657465379586,-1.0401250004756677,-2.4156987269968457,-3.174170118398739,-665.5643387228529,0.0948995374219891,-2.904829565127196,-0.7051882988242879,-1.8988242906380293,-605.8716934870314
6.500000000000005,-0.024127510450905436,-1.0424773656647717,-2.4200398872749367,-3.1797202400957856,-666.525672936828,0.09382283383140941,-2.9122733959034535,-0.7084403548977907,-1.903573828520765,-607.0919860440738
6.510000000000005,-0.024899472322040327,-1.0448309225437282,-2.424381391458223,-3.185270613866138,-667.4869984605169,0.09274547530201671,-2.9197324887878384,-0.7117011335837395,-1.9083339064470217,-608.3136493960999
6.520000000000005,-0.025672457773203185,-1.047185668845275,-2.428723236838131,-3.1908212368660682,-668.4483175705872,0.09166745798729488,-2.9272068473706616,-0.7149706522250815,-1.9131045476053175,-609.5366830199266
6.530000000000006,-0.02644646432249613,-1.0495416023125004,-2.433065420725686,-3.1963721062748673,-669.409632540428,0.09058877804977786,-2.9346964745988102,-0.7182489283055566,-1.9178857752805722,-610.7610863814373
6.540000000000005,-0.0272214895000583,-1.0518987206987886,-2.437407940451419,-3.201923219294727,-670.3709456401,0.08950943166198644,-2.942201372775436,-0.7215359794492769,-1.9226776128538263,-611.9868589357218
6.550000000000005,-0.02799753084800219,-1.0542570217677598,-2.4417507933652742,-3.207474573150624,-671.332259136286,0.08842941500735206,-2.9497215435597353,-0.7248318234202856,-1.9274800838019301,-613.2140001272177
6.560000000000006,-0.028774585920350985,-1.056616503293214,-2.446093976836514,-3.213026165090202,-672.2935752922401,0.08734872428113025,-2.9572569879667623,-0.7281364781220889,-1.9322932116971985,-614.4425093898474
6.570000000000006,-0.02955265228297564,-1.058977163059073,-2.4504374882536255,-3.2185779923836573,-673.2548963677397,0.08626735569129797,-2.9648077063673384,-0.7314499615971609,-1.9371170202070247,-615.6723861471553
6.580000000000005,-0.03033172751353266,-1.0613389988593236,-2.4547813250242263,-3.2241300523236185,-674.2162246190362,0.08518530545944453,-2.972373698487983,-0.7347722920264251,-1.9419515330934678,-616.9036298124441
6.590000000000005,-0.031111809201401,-1.063702008497961,-2.459125484574972,-3.2296823422250354,-675.1775622988075,0.08410256982164277,-2.9799549634109455,-0.7381034877287141,-1.9467967742128038,-618.1362397889088
6.600000000000005,-0.03189289494762055,-1.0660661897889316,-2.463469964351463,-3.235234859425057,-676.1389116561099,0.08301914502931115,-2.987551499574275,-0.7414435671601961,-1.9516527675150352,-619.370215469769
6.610000000000006,-0.032674982364829956,-1.0684315405560778,-2.467814761818151,-3.2407876012829213,-677.1002749363311,0.0819350273500678,-2.9951633047719497,-0.744792548913783,-1.956519537043377,-620.6055562384025
6.620000000000005,-0.033458069077204666,-1.0707980586330792,-2.4721598744582463,-3.246340565179836,-678.061654381143,0.08085021306856295,-3.0027903761540813,-0.74815045171851,-1.9613971069336964,-621.8422614684731
6.630000000000005,-0.03424215272039545,-1.0731657418633989,-2.4765052997736245,-3.251893748518866,-679.0230522284563,0.07976469848730468,-3.0104327102271684,-0.7515172944388943,-1.966285501413929,-623.0803305240615
6.640000000000006,-0.035027230941466814,-1.075534588100227,-2.4808510352847364,-3.257447148724817,-679.984470712374,0.07867847992747054,-3.018090302854424,-0.7548930960742611,-1.971184744803451,-624.319762759792
6.650000000000006,-0.03581330139883604,-1.0779045952064232,-2.485197078530512,-3.2630007632441194,-680.9459120631464,0.07759155372970857,-3.0257631492561354,-0.7582778757580529,-1.9760948615124223,-625.560557520958
6.6600000000000055,-0.036600361762212284,-1.0802757610544642,-2.489543427068272,-3.268554589544717,-681.9073785071258,0.07650391625492106,-3.0334512440101116,-0.7616716527571082,-1.9810158760410914,-626.8027141436477
6.670000000000005,-0.03738840971253501,-1.0826480835263854,-2.493890078473632,-3.2741086251159506,-682.8688722667229,0.07541556388504075,-3.0411545810521727,-0.7650744464709186,-1.9859478129790697,-628.0462319548662
6.680000000000005,-0.03817744294191408,-1.0850215605137283,-2.498237030340416,-3.279662867468445,-683.8303955603619,0.07432649302378899,-3.048873153676717,-0.7684862764308569,-1.9908906970045657,-629.2911102726579
6.690000000000006,-0.03896745915356945,-1.0873961899174835,-2.5025842802805593,-3.2852173141339955,-684.7919506024377,0.07323670009742711,-3.0566069545373162,-0.7719071622993867,-1.9958445528835893,-630.5373484062261
6.7000000000000055,-0.03975845606176978,-1.0897719696480366,-2.5069318259240205,-3.2907719626654504,-685.7535396032722,0.07214618155549038,-3.0643559756473953,-0.7753371238692394,-2.0008094054691172,-631.7849456560515
6.710000000000005,-0.04055043139177411,-1.0921488976251144,-2.5112796649186895,-3.2963268106366046,-686.7151647690722,0.07105493387151193,-3.072120208380954,-0.7787761810625747,-2.0057852797002287,-633.03390131401
6.720000000000006,-0.04134338287977049,-1.0945269717777293,-2.5156277949302965,-3.301881855642083,-687.6768283018872,0.0699629535437301,-3.079899643473368,-0.7822243539301107,-2.010772200601202,-634.2842146634873
6.730000000000006,-0.04213730827281722,-1.0969061900441262,-2.519976213642321,-3.307437095297225,-688.6385323995673,0.06887023709578993,-3.08769427102221,-0.7856816626502297,-2.0157701932805767,-635.5358849794937
6.7400000000000055,-0.04293220532878305,-1.0992865503717273,-2.524324918755901,-3.31299252723798,-689.6002792557225,0.06777678107742541,-3.095504080488161,-0.789148127528064,-2.020779282930188,-636.7889115287759
6.750000000000005,-0.0437280718162884,-1.1016680507170797,-2.5286739079897442,-3.3185481491207858,-690.5620710596812,0.06668258206513007,-3.1033290606959674,-0.7926237689945534,-2.025799494824155,-638.0432935699275
6.760000000000005,-0.04452490551464541,-1.1040506890458,-2.533023179080037,-3.3241039586224663,-691.5239099964506,0.06558763666282091,-3.111169199835436,-0.7961086076054787,-2.0308308543178475,-639.2990303535
6.770000000000006,-0.045322704213800497,-1.106434463332524,-2.537372729780352,-3.3296599534401112,-692.4857982466763,0.06449194150247899,-3.1190244854625218,-0.7996026640404742,-2.0358733868468075,-640.5561211221079
6.780000000000006,-0.04612146571427399,-1.1088193715608485,-2.5417225578615623,-3.3352161312909705,-693.4477379866024,0.06339549324478724,-3.126894904500427,-0.8031059591020108,-2.0409271179256416,-641.814565110536
6.790000000000005,-0.04692118782710345,-1.1112054117232837,-2.54607266111175,-3.3407724899123403,-694.4097313880335,0.06229828857974935,-3.134780443240798,-0.8066185137143619,-2.0459920731468855,-643.0743615458439
6.800000000000006,-0.04772186837378418,-1.1135925818211967,-2.5504230373361163,-3.346329027061456,-695.3717806182951,0.061200324227300706,-3.142681087344934,-0.8101403489225398,-2.0510682781798173,-644.3355096474685
6.810000000000006,-0.04852350518621186,-1.1159808798647595,-2.554773684356894,-3.3518857405153772,-696.3338878401961,0.06010159693789948,-3.1505968218450895,-0.8136714858912111,-2.056155758769258,-645.5980086273237
6.820000000000006,-0.049326096106624404,-1.1183703038728983,-2.559124600013257,-3.35744262807088,-697.2960552119905,0.05900210349311405,-3.1585276311457933,-0.8172119459035891,-2.061254540734321,-646.8618576899023
6.830000000000005,-0.05012963898754475,-1.1207608518732397,-2.563475782161233,-3.3629996875443493,-698.2582848873403,0.05790184070619069,-3.1664734990252565,-0.8207617503603021,-2.066364649967139,-648.1270560323715
6.840000000000005,-0.05093413169172295,-1.1231525219020582,-2.5678272286736146,-3.3685569167716634,-699.220579015279,0.05680080542261317,-3.174434408636797,-0.8243209207782366,-2.0714861124315527,-649.3936028446697
6.850000000000006,-0.05173957209207924,-1.1255453120042263,-2.5721789374398702,-3.3741143136080907,-700.1829397401744,0.05569899452064565,-3.1824103425103463,-0.8278894787893623,-2.0766189541617663,-650.6614973096008
6.860000000000006,-0.052545958071647116,-1.1279392202331606,-2.576530906366056,-3.3796718759281776,-701.1453692016929,0.05459640491186709,-3.1904012825539865,-0.8314674461395277,-2.0817632012609715,-651.9307386029263
6.870000000000005,-0.05335328752351649,-1.1303342446507718,-2.58088313337473,-3.38522960162564,-702.1078695347641,0.05349303354168951,-3.19840721005556,-0.8350548446872407,-2.0869188798999385,-653.2013258934572
6.880000000000006,-0.05416155835077708,-1.1327303833274138,-2.585235616404864,-3.3907874886132574,-703.0704428695454,0.05238887738986646,-3.2064281056843065,-0.8386516964024194,-2.0920860163155734,-654.4732583431414
6.890000000000006,-0.05497076846646188,-1.1351276343418308,-2.589588353411753,-3.396345534822762,-704.0330913313871,0.05128393347098927,-3.214463949492559,-0.8422580233651247,-2.097264636809441,-655.7465351071531
6.900000000000006,-0.0557809157934912,-1.1375259957811086,-2.5939413423669344,-3.40190373820473,-704.9958170407983,0.050178198834965354,-3.222514720917511,-0.8458738477642709,-2.102454767746262,-657.0211553339767
6.9100000000000055,-0.0565919982646168,-1.1399254657406217,-2.598294581258093,-3.4074620967284805,-705.9586221134128,0.04907167056749393,-3.2305803987829877,-0.8494991918963106,-2.10765643555237,-658.2971181654917
6.920000000000005,-0.05740401382236595,-1.1423260423239852,-2.6026480680889814,-3.4130206083819608,-706.9215086599555,0.047964345790520814,-3.2386609613013086,-0.8531340781639039,-2.1128696667141424,-659.5744227370552
6.930000000000006,-0.058216960418985705,-1.1447277236430031,-2.6070018008793316,-3.418579271171645,-707.8844787862098,0.04685622166268113,-3.246756386075192,-0.8567785290745598,-2.1180944877763963,-660.8530681775811
6.940000000000006,-0.05903083601638806,-1.1471305078176173,-2.6113557776647647,-3.4241380831224215,-708.847534592984,0.04574729537973784,-3.254866650099676,-0.8604325672392602,-2.123330925340754,-662.1330536096192
6.9500000000000055,-0.05984563858609431,-1.1495343929758606,-2.615709996496713,-3.429697042277497,-709.8106781760795,0.044637564174999804,-3.2629917297641264,-0.8640962153710616,-2.128579006063978,-663.4143781494325
6.960000000000006,-0.0606613661091807,-1.1519393772538047,-2.6200644554423267,-3.4352561466982796,-710.7739116262596,0.04352702531972894,-3.27113160085427,-0.8677694962836763,-2.133838756656277,-664.6970409070723
6.970000000000006,-0.061478016576223156,-1.154345458795511,-2.6244191525843914,-3.4408153944642783,-711.7372370292169,0.04241567612354032,-3.279286238554279,-0.871452432890031,-2.1391102038795724,-665.9810409864505
6.980000000000006,-0.06229558798724302,-1.1567526357529825,-2.6287740860212434,-3.4463747836730008,-712.7006564655424,0.041303513934784035,-3.2874556174489085,-0.8751450482008082,-2.144393374545746,-667.2663774854127
6.9900000000000055,-0.06311407835165257,-1.1591609062861126,-2.6331292538666844,-3.451934312439842,-713.6641720106957,0.040190536140917145,-3.2956397115256726,-0.8788473653229653,-2.149688295514853,-668.5530494958062
7.000000000000005,-0.06393348568820155,-1.161570268562639,-2.6374846542498966,-3.4574939788979853,-714.6277857349738,0.039076740168868106,-3.303838494177052,-0.8825594074582328,-2.1549949936932977,-669.8410561035499
7.010000000000006,-0.06475380802492262,-1.1639807207580934,-2.641840285315359,-3.463053781198294,-715.5914997034819,0.03796212348537887,-3.3120519382027935,-0.8862811979015965,-2.160313496031996,-671.1303963886991
7.020000000000006,-0.06557504339907778,-1.166392261055752,-2.6461961452227594,-3.4686137175092098,-716.555315976103,0.036846683597347524,-3.3202800158121932,-0.8900127600397548,-2.165643829524489,-672.4210694255095
7.030000000000006,-0.06639718985710523,-1.16880488764659,-2.6505522321469166,-3.4741737860166495,-717.5192366074699,0.03573041805214838,-3.328522698626471,-0.893754117349562,-2.1709860212050454,-673.7130742825016
7.040000000000006,-0.06722024545456612,-1.1712185987292307,-2.654908544277691,-3.4797339849239006,-718.4832636469362,0.03461332443794862,-3.3367799576811583,-0.8975052933964501,-2.176340098146724,-675.00641002252
7.050000000000006,-0.06804420825609074,-1.1736333925098992,-2.6592650798199053,-3.485294312451517,-719.4473991385471,0.03349540038400607,-3.3450517634285606,-0.9012663118328307,-2.181706087459411,-676.3010757027926
7.060000000000006,-0.06886907633532705,-1.176049267202375,-2.663621836993257,-3.4908547668372205,-720.4116451210128,0.03237664356096322,-3.3533380857402175,-0.9050371963964826,-2.1870840162878324,-677.597070374989
7.070000000000006,-0.06969484777488674,-1.1784662210279433,-2.667978814032239,-3.496415346335794,-721.3760036276806,0.03125705168112053,-3.3616388939094564,-0.9088179709089165,-2.192473911809535,-678.8943930852739
7.080000000000005,-0.07052152066629373,-1.1808842522153478,-2.672336009186057,-3.5019760492189826,-722.3404766865069,0.030136622498706574,-3.369954156653946,-0.9126086592737251,-2.1978758012328408,-680.193042874363
7.090000000000006,-0.07134909310993151,-1.1833033590007462,-2.6766934207185424,-3.5075368737753925,-723.3050663200319,0.029015353810131605,-3.3782838421183152,-0.916409285474915,-2.203289711794775,-681.4930187775731
7.100000000000006,-0.07217756321499119,-1.1857235396276586,-2.681051046908076,-3.5130978183103854,-724.2697745453515,0.02789324345423256,-3.3866279178768015,-0.9202198735752192,-2.208715670758969,-682.7943198248726
7.110000000000006,-0.07300692909941983,-1.1881447923469248,-2.685408886047502,-3.5186588811459814,-725.2346033740931,0.02677028931250334,-3.394986350935946,-0.9240404477143966,-2.2141537054135365,-684.0969450409302
7.120000000000006,-0.07383718888986918,-1.1905671154166568,-2.689766936444047,-3.5242200606207588,-726.199554812389,0.025646489309318007,-3.4033591077373333,-0.9278710321075126,-2.21960384306892,-685.4008934451613
7.130000000000006,-0.07466834072164327,-1.1929905071021916,-2.6941251964192383,-3.5297813550897503,-727.1646308608508,0.024521841412141268,-3.411746154160346,-0.9317116510432012,-2.225066111055719,-686.7061640517724
7.140000000000006,-0.07550038273864888,-1.1954149656760453,-2.698483664308826,-3.535342762924348,-728.1298335145455,0.023396343631726896,-3.4201474555249884,-0.9355623288819156,-2.2305405367224886,-688.012755869804
7.150000000000006,-0.07633331309334297,-1.1978404894178685,-2.7028423384626974,-3.5409042825121984,-729.0951647629704,0.022269994022305045,-3.428562976594733,-0.9394230900541596,-2.236027147433514,-689.3206679031719
7.1600000000000055,-0.0771671299466832,-1.200267076614399,-2.7072012172447977,-3.546465912257107,-730.0606265900293,0.021142790681761833,-3.436992681579407,-0.9432939590587054,-2.2415259705665598,-690.6298991507075
7.170000000000006,-0.07800183146807657,-1.202694725559418,-2.711560299033051,-3.5520276505789394,-731.0262209740084,0.02001473175180269,-3.4454365341381226,-0.9471749604607964,-2.2470370335106047,-691.9404486061935
7.180000000000006,-0.0788374158353297,-1.205123434553702,-2.7159195822192794,-3.557589495913519,-731.991949887553,0.01888581541811114,-3.453894497382228,-0.9510661188903329,-2.2525603636635356,-693.2523152584009
7.190000000000006,-0.07967388123459823,-1.2075532019049815,-2.7202790652091218,-3.5631514467125336,-732.9578152976447,0.01775603991049208,-3.4623665338783116,-0.954967459040046,-2.258095988429837,-694.5654980911239
7.200000000000006,-0.08051122586033746,-1.2099840259278931,-2.7246387464219555,-3.568713501443434,-733.9238191655787,0.016625403503006037,-3.470852605651246,-0.9588790056636587,-2.263643935218248,-695.8799960832102
7.210000000000006,-0.08134944791525207,-1.2124159049439351,-2.7289986242908166,-3.5742756585893396,-734.889963446941,0.015493904514095247,-3.479352674187241,-0.962800783574027,-2.2692042314393976,-697.1958082085933
7.220000000000006,-0.08218854561024752,-1.214848837281425,-2.7333586972623207,-3.5798379166489367,-735.8562500915873,0.01436154130669498,-3.4878667004369626,-0.9667328176412756,-2.274776904503424,-698.5129334363211
7.230000000000006,-0.08302851716437987,-1.2172828212754534,-2.737718963796585,-3.5854002741363873,-736.8226810436206,0.013228312288338272,-3.496394644818666,-0.9706751327909151,-2.2803619818175664,-699.8313707305829
7.240000000000005,-0.08386936080480697,-1.2197178552678405,-2.7420794223671465,-3.590962729581228,-737.7892582413706,0.012094215911249321,-3.504936467221374,-0.9746277540019491,-2.285959490783746,-701.151119050734
7.250000000000006,-0.08471107476674032,-1.2221539376070916,-2.7464400714608885,-3.596525281528278,-738.7559836173724,0.010959250672424432,-3.5134921270080883,-0.9785907063049681,-2.2915694587961135,-702.4721773513211
7.260000000000006,-0.08555365729339552,-1.2245910666483535,-2.7508009095779586,-3.602087928537538,-739.722859098346,0.009823415113708165,-3.5220615830190196,-0.9825640147802298,-2.2971919132385876,-703.7945445821026
7.270000000000006,-0.08639710663594441,-1.2270292407533732,-2.7551619352316914,-3.6076506691840984,-740.6898866051764,0.008686707821853101,-3.530644793574882,-0.9865477045557334,-2.3028268814823747,-705.1182196880702
7.2800000000000065,-0.08724142105346651,-1.2294684582904505,-2.759523146948533,-3.6132135020580467,-741.6570680528937,0.007549127428576515,-3.5392417164801797,-0.9905418008052742,-2.308474390883463,-706.4432016094671
7.290000000000006,-0.08808659881290146,-1.2319087176343984,-2.7638845432679613,-3.6187764257643655,-742.624405350653,0.006410672610600464,-3.547852309026561,-0.9945463287464973,-2.3141344687801064,-707.7694892818042
7.300000000000006,-0.08893263818900064,-1.234350017166498,-2.7682461227424118,-3.6243394389228456,-743.5919004017162,0.005271342089688813,-3.5564765279961774,-0.9985613136389313,-2.3198071424902844,-709.097081635877
7.310000000000006,-0.0897795374642805,-1.2367923552744573,-2.772607883937198,-3.6299025401679876,-744.5595551034327,0.004131134632669859,-3.5651143296650973,-1.0025867807820183,-2.325492439309151,-710.4259775977785
7.320000000000006,-0.09062729492897387,-1.2392357303523673,-2.776969825430435,-3.6354657281489087,-745.5273713472207,0.002990049051450331,-3.573765669806736,-1.0066227555131328,-2.3311903865064645,-711.7561760889101
7.330000000000006,-0.09147590888098439,-1.241680140800662,-2.7813319458129673,-3.641029001529252,-746.4953510185497,0.00184808420302303,-3.5824305036953086,-1.0106692632055891,-2.3369010113240023,-713.0876760259933
7.340000000000006,-0.09232537762583772,-1.2441255850260715,-2.7856942436882868,-3.6465923589870903,-747.463495996922,0.0007052389894624676,-3.5911087861093303,-1.0147263292666424,-2.3426243409729564,-714.4204763210785
7.350000000000006,-0.09317569947663684,-1.246572061441586,-2.790056717672462,-3.6521557992148344,-748.4318081558557,-0.0004384876420893464,-3.599800471335146,-1.0187939791354794,-2.3483604026313265,-715.7545758815511
7.3600000000000065,-0.09402687275401368,-1.2490195684664098,-2.7944193663940617,-3.6577193209191443,-749.4002893628676,-0.0015830966994436757,-3.608505513170468,-1.022872238281205,-2.354109223441282,-717.0899736101378
7.370000000000006,-0.09487889578608395,-1.2514681045259215,-2.798782188494076,-3.6632829228208306,-750.3689414794558,-0.0027285891453947223,-3.617223864927956,-1.0269611322008123,-2.3598708305065257,-718.4266684049103
7.380000000000006,-0.09573176690840042,-1.253917668051632,-2.8031451826258484,-3.668846603654769,-751.3377663610839,-0.0038749658977624566,-3.6259554794388396,-1.031060686417157,-2.365645250889634,-719.7646591592877
7.390000000000006,-0.09658548446390755,-1.2563682574811434,-2.8075083474549936,-3.6744103621698088,-752.3067658571647,-0.005022227829436159,-3.6347003090565257,-1.035170926476914,-2.371432511609393,-721.1039447620378
7.400000000000006,-0.09744004680289499,-1.2588198712581085,-2.81187168165933,-3.6799741971286757,-753.275941811044,-0.006170375768436962,-3.643458305660289,-1.0392918779485338,-2.377232639638116,-722.4445240972756
7.410000000000006,-0.09829545228295328,-1.2612725078321905,-2.816235183928801,-3.6855381073078894,-754.2452960599857,-0.0073194104979807115,-3.6522294206589483,-1.0434235664201947,-2.3830456618989557,-723.7863960444614
7.420000000000006,-0.0991516992689268,-1.2637261656590193,-2.820598852965402,-3.69110209149767,-755.2148304351558,-0.0084693327565505,-3.6610136049945754,-1.047566017497739,-2.3888716052632,-725.129559478396
7.430000000000006,-0.10000878613287066,-1.2661808432001556,-2.8249626874831093,-3.696666148501846,-756.1845467616082,-0.009620143237980749,-3.669810809146242,-1.0517192568026161,-2.394710496547565,-726.4740132692182
7.440000000000007,-0.1008667112540044,-1.2686365389230478,-2.8293266862078066,-3.7022302771377693,-757.15444685827,-0.010771842591549168,-3.6786209831337917,-1.0558833099698137,-2.400562362511473,-727.819756282395
7.450000000000006,-0.10172547301866787,-1.2710932513009925,-2.833690847877207,-3.7077944762362245,-758.124532537927,-0.011924431422070248,-3.6874440765216114,-1.0600582026457837,-2.406427229854322,-729.166787378715
7.460000000000006,-0.1025850698202766,-1.2735509788130945,-2.8380551712407875,-3.7133587446413383,-759.09480560721,-0.013077910290008054,-3.6962800384224783,-1.0642439604863692,-2.4123051252127525,-730.5151054142776
7.470000000000006,-0.10344550005927801,-1.2760097199442288,-2.8424196550597114,-3.7189230812104936,-760.065267866581,-0.0142322797115855,-3.705128817501363,-1.068440609154723,-2.4181960751579012,-731.8647092404841
7.480000000000006,-0.10430676214310641,-1.2784694731849986,-2.8467842981067593,-3.7244874848142406,-761.0359211103204,-0.015387540158909335,-3.7139903619793184,-1.0726481743192269,-2.42410010619265,-733.2155977040222
7.490000000000006,-0.10516885448614001,-1.2809302370316977,-2.8511490991662556,-3.7300519543362127,-762.0067671265131,-0.016543692060099927,-3.7228646196373645,-1.0768666816514012,-2.4300172447488713,-734.5677696468541
7.500000000000006,-0.1060317755096569,-1.2833920099862715,-2.855514057033997,-3.7356164886730294,-762.9778076970362,-0.017700735799426475,-3.7317515378203816,-1.0810961568238204,-2.4359475171846587,-735.9212239062002
7.510000000000006,-0.10689552364179175,-1.285854790556277,-2.859879170517182,-3.7411810867342212,-763.9490445975472,-0.018858671717454898,-3.740651063441061,-1.0853366255080217,-2.441890949781569,-737.2759593145227
7.520000000000007,-0.10776009731749249,-1.2883185772548458,-2.8642444384343393,-3.746745747442139,-764.9204795974707,-0.02001750011119624,-3.749563142983841,-1.089588113372412,-2.447847568741844,-738.6319746995081
7.5300000000000065,-0.10862549497847711,-1.290783368600644,-2.868609859615258,-3.752310469731862,-765.8921144599877,-0.021177221234270394,-3.758487722508905,-1.093850646080174,-2.453817400185634,-739.9892688840465
7.540000000000006,-0.10949171507319118,-1.2932491631178344,-2.8729754329009154,-3.7578752525511208,-766.8639509420234,-0.022337835297068634,-3.7674247476561553,-1.098124249287175,-2.4598004701482266,-741.3478406862114
7.550000000000006,-0.11035875605676478,-1.2957159593360388,-2.877341157143409,-3.7634400948602074,-767.8359907942363,-0.023499342466928207,-3.776374163649241,-1.1024089486398676,-2.4657968045772574,-742.7076889192389
7.560000000000006,-0.11122661639097085,-1.2981837557903002,-2.8817070312058846,-3.7690049956318914,-768.8082357610068,-0.02466174286831527,-3.7853359152996053,-1.106704769773199,-2.4718064293299338,-744.0688123915024
7.5700000000000065,-0.11209529454418189,-1.300652551021045,-2.8860730539624684,-3.7745699538513344,-769.7806875804276,-0.02582503658300779,-3.7943099470105244,-1.1110117383085147,-2.4778293701702494,-745.4312099064896
7.580000000000006,-0.11296478899132885,-1.3031223435740433,-2.8904392242981953,-3.7801349685160037,-770.753347984292,-0.026989223650291234,-3.803296202781199,-1.1153298798514626,-2.483865652766199,-746.7948802627755
7.590000000000006,-0.11383509821385862,-1.3055931320003753,-2.8948055411089433,-3.785700038635596,-771.7262186980847,-0.028154304067160095,-3.812294626210846,-1.1196592199899074,-2.4899153026869985,-748.1598222539958
7.600000000000007,-0.1147062206996933,-1.3080649148563919,-2.899172003301363,-3.791265163231944,-772.6993014409721,-0.029320277788522663,-3.8213051605028188,-1.1239997842918326,-2.4959783454002986,-749.5260346688198
7.6100000000000065,-0.11557815494318786,-1.3105376907036779,-2.9035386097928066,-3.7968303413389406,-773.6725979257918,-0.030487144727413738,-3.8303277484687346,-1.1283515983032548,-2.502054806269407,-750.8935162909188
7.620000000000006,-0.11645089944508925,-1.3130114581090144,-2.907905359511264,-3.8023955720024505,-774.6461098590449,-0.031654904755216776,-3.839362332532636,-1.1327146875461378,-2.508144710550508,-752.2622658989371
7.630000000000006,-0.1173244527124956,-1.315486215644345,-2.9122722513952906,-3.807960854280235,-775.6198389408856,-0.03282355770188454,-3.8484088547351427,-1.137089077516309,-2.514248083389888,-753.6322822664606
7.640000000000006,-0.11819881325881534,-1.3179619618867364,-2.916639284393946,-3.813526187241858,-776.5937868651137,-0.03399310335617521,-3.8574672567376695,-1.1414747936813765,-2.520364949821163,-755.0035641619821
7.650000000000007,-0.11907397960372622,-1.320438695418344,-2.9210064574667185,-3.8190915699686205,-777.5679553191653,-0.035163541465887065,-3.866537479826603,-1.1458718614786556,-2.5264953347625094,-756.376110348869
7.660000000000006,-0.11994995027313538,-1.3229164148263741,-2.9253737695834636,-3.824657001553462,-778.542345984105,-0.036334871738100696,-3.8756194649175297,-1.1502803063130953,-2.532639263013903,-757.7499195853277
7.670000000000006,-0.12082672379913874,-1.3253951187030504,-2.929741219724335,-3.830222481100892,-779.5169605346185,-0.03750709383942923,-3.8847131525594807,-1.1547001535552075,-2.538796759254362,-759.1249906243675
7.680000000000007,-0.12170429871998155,-1.327874805645576,-2.9341088068797205,-3.8357880077269044,-780.4918006390044,-0.03868020739627175,-3.893818482939178,-1.1591314285390075,-2.5449678480391946,-760.5013222137636
7.690000000000007,-0.1225826735800175,-1.3303554742560995,-2.93847653005017,-3.8413535805588963,-781.4668679591667,-0.039854211995072004,-3.902935395885301,-1.1635741565599518,-2.5511525537972526,-761.8789130960187
7.700000000000006,-0.12346184692967055,-1.3328371231416793,-2.9428443882463373,-3.846919198735589,-782.442164150609,-0.041029107182585456,-3.9120638308727766,-1.168028362872888,-2.5573509008281987,-763.2577620083242
7.710000000000006,-0.12434181732539407,-1.3353197509142478,-2.947212380488907,-3.8524848614069516,-783.4176908624261,-0.04220489246614663,-3.9212037270270708,-1.1724940726900075,-2.56356291329978,-764.6378676825203
7.720000000000006,-0.12522258332963276,-1.337803356190577,-2.951580505808536,-3.8580505677341153,-784.3934497372987,-0.04338156731394532,-3.9303550231285023,-1.1769713111788043,-2.5697886152451,-766.0192288450544
7.730000000000007,-0.12610414351078297,-1.3402879375922445,-2.9559487632457815,-3.8636163168893005,-785.3694424114867,-0.0445591311553078,-3.939517657616573,-1.181460103460042,-2.576028030559918,-767.401844216939
7.740000000000006,-0.12698649644315385,-1.3427734937455968,-2.9603171518510405,-3.869182108055734,-786.3456705148227,-0.04573758338097936,-3.948691568594298,-1.1859604746057264,-2.582281182999941,-768.7857125137094
7.750000000000006,-0.12786964070692894,-1.3452600232817176,-2.964685670684484,-3.8747479404275738,-787.3221356707072,-0.04691692334341721,-3.957876693832577,-1.1904724496370875,-2.5885480961781413,-770.1708324453799
7.760000000000007,-0.12875357488812816,-1.3477475248363913,-2.9690543188159944,-3.8803138132098294,-788.2988394961023,-0.04809715035708027,-3.9670729707745322,-1.1949960535225677,-2.594828793562076,-771.5572027163993
7.770000000000007,-0.12963829757856815,-1.3502359970500695,-2.973423095325097,-3.8858797256182838,-789.275783601527,-0.0492782636987336,-3.976280336539919,-1.199531311175819,-2.601123298471222,-772.944822025604
7.7800000000000065,-0.1305238073758261,-1.3527254385678393,-2.977791999300899,-3.8914456768794206,-790.2529695910517,-0.050460262607745714,-3.985498727929482,-1.2040782474537075,-2.607431634074322,-774.3336890661744
7.790000000000006,-0.13141010288320026,-1.3552158480393852,-2.98216102984203,-3.89701166623034,-791.2303990622939,-0.051643146286401834,-3.9947280814293933,-1.2086368871543303,-2.613753823386748,-775.7238025255854
7.800000000000006,-0.13229718270967303,-1.3577072241189603,-2.9865301860565685,-3.9025776929186895,-792.2080736064136,-0.05282691390021223,-4.003968333215644,-1.2132072550150372,-2.620089889267876,-777.1151610855595
7.810000000000007,-0.13318504546987378,-1.3601995654653507,-2.9908994670619906,-3.908143756202586,-793.1859948081087,-0.05401156457822885,-4.013219419158468,-1.2177893757104654,-2.6264398544184724,-778.5077634220187
7.8200000000000065,-0.13407368978404077,-1.3626928707418415,-2.995268871985098,-3.913709855350533,-794.1641642456111,-0.05519709741336482,-4.022481274826786,-1.2223832738505804,-2.6328037413781016,-779.9016082050348
7.830000000000006,-0.13496311427798455,-1.3651871386161851,-2.9996383999619627,-3.9192759896413576,-795.1425834906835,-0.05638351146272034,-4.031753835492661,-1.2269889739787352,-2.6391815725225474,-781.2966940987789
7.840000000000007,-0.13585331758305103,-1.3676823677605694,-3.0040080501378594,-3.9248421583641275,-796.1212541086151,-0.05757080574790762,-4.0410370361357275,-1.2316065005697292,-2.6455733700612494,-782.6930197614718
7.850000000000007,-0.13674429833608448,-1.3701785568515825,-3.0083778216672057,-3.930408360818074,-797.1001776582185,-0.05875897925538302,-4.050330811447684,-1.236235878027887,-2.6519791560347548,-784.0905838453318
7.8600000000000065,-0.13763605517939181,-1.3726757045701834,-3.0127477137135017,-3.9359745963125263,-798.0793556918271,-0.0599480309367827,-4.059635095836754,-1.2408771306851445,-2.658398952312197,-785.4893849965241
7.870000000000006,-0.13852858676070523,-1.3751738096016664,-3.0171177254492685,-3.9415408641668326,-799.0587897552914,-0.061137959709259254,-4.068949823432175,-1.2455302827991468,-2.6648327805887826,-786.8894218551063
7.880000000000006,-0.1394218917331463,-1.3776728706356312,-3.0214878560559835,-3.9471071637102835,-800.0384813879774,-0.06232876445582525,-4.078274928088692,-1.2501953585513608,-2.6712806623832996,-788.2906930549769
7.890000000000007,-0.14031596875519106,-1.3801728863659513,-3.025858104724025,-3.9526734942820463,-801.0184321227633,-0.06352044402569751,-4.0876103433910655,-1.2548723820451975,-2.677742619035654,-789.6931972238215
7.900000000000007,-0.1412108164906325,-1.3826738554907405,-3.030228470652608,-3.958239855231084,-801.9986434860381,-0.06471299723464344,-4.096956002658566,-1.259561377304144,-2.6842186717044103,-791.0969329830571
7.910000000000006,-0.1421064336085466,-1.3851757767123232,-3.034598953049726,-3.963806245916089,-802.9791169976991,-0.0659064228653336,-4.106311838949505,-1.2642623682699177,-2.690708841364368,-792.5018989477798
7.920000000000007,-0.14300281878325607,-1.3876786487372021,-3.038969551132089,-3.9693726657054107,-803.9598541711505,-0.06710071966769648,-4.115677785065754,-1.2689753788006244,-2.6972131488041544,-793.9080937267086
7.930000000000007,-0.14389997069429536,-1.3901824702760257,-3.0433402641250664,-3.9749391139769767,-804.9408565133018,-0.06829588635927304,-4.125053773557277,-1.273700432668935,-2.7037316146238344,-795.3155159221279
7.940000000000007,-0.14479788802637536,-1.3926872400435597,-3.0477110912626246,-3.9805055901182294,-805.922125524567,-0.06949192162557818,-4.134439736726675,-1.2784375535602737,-2.71026425923255,-796.724164129836
7.950000000000006,-0.1456965694693495,-1.3951929567586552,-3.052082031787271,-3.9860720935260523,-806.9036626988626,-0.07068882412046294,-4.143835606633726,-1.2831867650710218,-2.716811102846179,-798.134036939084
7.960000000000006,-0.14659601371817782,-1.3976996191442173,-3.0564530849499936,-3.9916386236066965,-807.8854695236076,-0.07188659246647748,-4.153241315099931,-1.287948090706736,-2.7233721654850194,-799.5451329325211
7.970000000000007,-0.14749621947289376,-1.4002072259271752,-3.0608242500102016,-3.997205179775715,-808.8675474797233,-0.07308522525524107,-4.162656793713092,-1.2927215538803802,-2.729947466971496,-800.9574506861377
7.980000000000007,-0.1483971854385685,-1.4027157758384514,-3.065195526235668,-4.002771761457888,-809.849898041631,-0.07428472104780837,-4.1720819738318475,-1.2975071779105716,-2.73653702692789,-802.370988769207
7.990000000000006,-0.14929891032527862,-1.405225267612933,-3.069566912902472,-4.008338368087155,-810.8325226772541,-0.07548507837504392,-4.181516786590258,-1.3023049860198428,-2.743140864774102,-803.7857457442279
8.000000000000007,-0.1502013928480705,-1.4077356999894395,-3.073938409294942,-4.01390499910655,-811.815422848017,-0.07668629573799414,-4.19096116290237,-1.3071150013329247,-2.7497589997254344,-805.2017201668665
8.010000000000007,-0.1511046317269277,-1.4102470717106934,-3.0783100147055937,-4.01947165396812,-812.7986000088448,-0.07788837160826638,-4.200415033466812,-1.311937246875032,-2.7563914507903955,-806.6189105858971
8.020000000000007,-0.15200862568673684,-1.4127593815232928,-3.082681728435079,-4.025038332132873,-813.782055608165,-0.07909130442840119,-4.209878328771341,-1.3167717455701804,-2.763038236768543,-808.0373155431457
8.030000000000006,-0.15291337345725495,-1.4152726281776793,-3.0870535497921243,-4.030605033070696,-814.7657910879076,-0.08029509261225831,-4.2193509790974595,-1.3216185202395057,-2.7696993762483433,-809.4569335734286
8.040000000000006,-0.15381887377307527,-1.4177868104281093,-3.091425478093477,-4.036171756260293,-815.7498078835055,-0.0814997345453954,-4.228832914524997,-1.326477593599611,-2.776374887605069,-810.8777632044948
8.050000000000008,-0.1547251253735951,-1.420301927032626,-3.095797512663846,-4.041738501189119,-816.7341074238964,-0.08270522858545039,-4.238324064936689,-1.3313489882609233,-2.783064788998712,-812.2998029569668
8.060000000000006,-0.1556321270029825,-1.4228179767530278,-3.1001696528358473,-4.0473052673533045,-817.718691131523,-0.08391157306252703,-4.247824360022782,-1.336232726726065,-2.7897690983719343,-813.7230513442803
8.070000000000007,-0.15653987741014436,-1.4253349583548434,-3.1045418979499506,-4.052872054257602,-818.703560422336,-0.08511876627958406,-4.257333729285643,-1.3411288313882572,-2.7964878334480536,-815.1475068726266
8.080000000000007,-0.1574483753486926,-1.4278528706072988,-3.1089142473544173,-4.058438861415303,-819.6887167057937,-0.08632680651281657,-4.266852102044319,-1.346037324529715,-2.8032210117290415,-816.5731680408909
8.090000000000007,-0.15835761957691355,-1.4303717122832924,-3.113286700405252,-4.064005688348186,-820.6741613848657,-0.08753569201205218,-4.276379407439199,-1.3509582283200872,-2.8099686504935657,-818.0000333405941
8.100000000000007,-0.1592676088577345,-1.4328914821593635,-3.1176592564661414,-4.069572534586443,-821.659895856034,-0.08874542100113596,-4.285915574436564,-1.3558915648148937,-2.8167307667950605,-819.428101255833
8.110000000000007,-0.16017834195869274,-1.4354121790156675,-3.122031914908405,-4.075139399668616,-822.6459215092956,-0.08995599167832415,-4.295460531833216,-1.3608373559539915,-2.823507377459825,-820.8573702632201
8.120000000000006,-0.16108981765190314,-1.437933801635945,-3.126404675110936,-4.08070628314153,-823.6322397281641,-0.09116740221667703,-4.305014208261088,-1.3657956235600526,-2.830298499085154,-822.2878388318242
8.130000000000006,-0.1620020347140267,-1.440456348807495,-3.1307775364601507,-4.0862731845602305,-824.6188518896737,-0.09237965076445127,-4.314576532191841,-1.3707663893370672,-2.837104148037505,-823.7195054231104
8.140000000000008,-0.16291499192623987,-1.4429798193211483,-3.1351504983499314,-4.091840103487918,-825.6057593643808,-0.09359273544549299,-4.324147431941466,-1.3757496748688556,-2.843924340450688,-825.1523684908813
8.150000000000006,-0.16382868807420184,-1.4455042119712362,-3.139523560181572,-4.097407039495881,-826.5929635163668,-0.09480665435963594,-4.3337268356749075,-1.3807455016176031,-2.8507590922240937,-826.5864264812154
8.160000000000007,-0.16474312194802573,-1.4480295255555702,-3.143896721363731,-4.102973992163441,-827.5804657032434,-0.09602140558309452,-4.343314671410661,-1.3857538909224234,-2.8576084190209667,-828.0216778324121
8.170000000000007,-0.16565829234224527,-1.4505557588754063,-3.14826998131237,-4.108540961077874,-828.5682672761526,-0.09723698716886132,-4.352910867025378,-1.3907748639979174,-2.864472336266683,-829.4581209749254
8.180000000000007,-0.16657419805578583,-1.4530829107354244,-3.1526433394507047,-4.114107945834361,-829.5563695797731,-0.09845339714710331,-4.362515350258471,-1.3958084419327759,-2.871350859147091,-830.8957543313118
8.190000000000007,-0.16749083789193306,-1.4556109799436978,-3.157016795209153,-4.119674946035917,-830.5447739523225,-0.09967063352556131,-4.372128048716731,-1.4008546456883857,-2.8782440026068694,-832.334576316166
8.200000000000006,-0.16840821065830333,-1.4581399653116687,-3.16139034802528,-4.1252419612933355,-831.5334817255615,-0.10088869428994407,-4.381748889878912,-1.4059134960974586,-2.885151781347923,-833.7745853360653
8.210000000000008,-0.16932631516681262,-1.460669865654121,-3.165763997343749,-4.130808991225117,-832.5224942247983,-0.10210757740432999,-4.391377801100346,-1.410985013862683,-2.892074209827823,-835.2157797895085
8.220000000000006,-0.1702451502336467,-1.4632006797891512,-3.170137742616264,-4.136376035457413,-833.5118127688916,-0.10332728081156226,-4.401014709617533,-1.416069219555385,-2.8990113022582578,-836.6581580668584
8.230000000000008,-0.1711647146792326,-1.465732406538148,-3.1745115833015274,-4.1419430936239685,-834.5014386702571,-0.10454780243364982,-4.410659542552749,-1.4211661336142296,-2.905963072603555,-838.1017185502845
8.240000000000007,-0.1720850073282068,-1.4682650447257597,-3.178885518865176,-4.147510165366045,-835.4913732348698,-0.10576914017216424,-4.420312226918627,-1.426275776343911,-2.9129295345792032,-839.5464596137033
8.250000000000007,-0.1730060270093873,-1.4707985931798726,-3.1832595487797417,-4.1530772503323785,-836.4816177622702,-0.10699129190863821,-4.429972689622759,-1.4313981679138907,-2.919910701650435,-840.9923796227217
8.260000000000007,-0.173927772555744,-1.473333050731584,-3.1876336725245933,-4.158644348179108,-837.4721735455687,-0.10821425550496419,-4.439640857472274,-1.4365333283571402,-2.926906587030834,-842.4394769345793
8.270000000000007,-0.17485024280436898,-1.4758684162151756,-3.1920078895858883,-4.164211458569719,-838.4630418714506,-0.10943802880379358,-4.449316657178439,-1.4416812775689039,-2.9339172036809846,-843.8877498980908
8.280000000000006,-0.17577343659644865,-1.47840468846809,-3.1963821994565245,-4.169778581174978,-839.4542240201813,-0.11066260962893328,-4.459000015361224,-1.446842035305489,-2.9409425643071487,-845.3371968535901
8.290000000000006,-0.1766973527772333,-1.4809418663309029,-3.200756601636083,-4.175345715672883,-840.4457212656121,-0.11188799578574309,-4.4686908585538765,-1.4520156211830666,-2.9479826813599947,-846.787816132873
8.300000000000008,-0.17762199019601,-1.4834799486473,-3.205131095630787,-4.180912861748592,-841.4375348751853,-0.1131141850615342,-4.478389113207507,-1.4572020546765003,-2.9550375670333504,-848.2396060591431
8.310000000000006,-0.17854734770607314,-1.486018934264051,-3.2095056809534444,-4.186480019094372,-842.4296661099389,-0.11434117522596607,-4.4880947056956515,-1.4624013551181847,-2.9621072332629925,-849.6925649469528
8.320000000000007,-0.1794734241646969,-1.488558822030986,-3.213880357123407,-4.192047187409542,-843.4221162245159,-0.11556896403144026,-4.497807562318816,-1.46761354169692,-2.9691916917254937,-851.1466911021521
8.330000000000007,-0.180400218433106,-1.4910996108009675,-3.2182551236665122,-4.197614366400406,-844.4148864671655,-0.1167975492134986,-4.507527609309055,-1.472838633456784,-2.9762909538370748,-852.6019828218306
8.340000000000007,-0.18132772937644898,-1.4936412994298698,-3.2226299801150384,-4.203181555780201,-845.407978079753,-0.11802692849121882,-4.51725477283452,-1.4780766492960464,-2.983405030752527,-854.0584383942652
8.350000000000007,-0.18225595586376922,-1.4961838867765527,-3.227004926007659,-4.208748755269044,-846.4013922977648,-0.11925709956760562,-4.526988979003988,-1.4833276079660864,-2.99053393336415,-855.5160560988652
8.360000000000007,-0.1831848967679785,-1.498727371702837,-3.231379960889389,-4.214315964593859,-847.3951303503143,-0.12048806012998714,-4.536730153871412,-1.4885915280703403,-2.9976776723007386,-856.9748342061198
8.370000000000008,-0.18411455096582824,-1.5012717530734816,-3.235755084311541,-4.219883183488338,-848.3891934601497,-0.12171980785040755,-4.546478223440456,-1.4938684280632637,-3.0048362579266086,-858.4347709775453
8.380000000000006,-0.18504491733788245,-1.5038170297561564,-3.240130295831672,-4.22545041169287,-849.3835828436595,-0.12295234038601471,-4.556233113668993,-1.4991583262493098,-3.012009700340644,-859.8958646656309
8.390000000000008,-0.1859759947684921,-1.5063632006214243,-3.244505595013544,-4.231017648954497,-850.3782997108809,-0.12418565537945628,-4.565994750473658,-1.504461240781945,-3.019198009375419,-861.3581135137917
8.400000000000007,-0.18690778214576553,-1.508910264542711,-3.2488809814270674,-4.236584895026843,-851.373345265505,-0.12541975045926762,-4.57576305973434,-1.5097771896626553,-3.026401194596311,-862.821515756311
8.410000000000007,-0.18784027836154343,-1.5114582203962865,-3.253256454648262,-4.2421521496700745,-852.3687207048857,-0.1266546232402571,-4.585537967298666,-1.5151061907400014,-3.033619265300697,-864.2860696182959
8.420000000000007,-0.18877348231137198,-1.5140070670612387,-3.257632014259203,-4.247719412650832,-853.3644272200461,-0.12789027132389896,-4.59531939898653,-1.520448261708675,-3.0408522305171566,-865.7517733156234
8.430000000000007,-0.18970739289447544,-1.5165568034194514,-3.2620076598479804,-4.253286683742179,-854.360465995686,-0.12912669229871582,-4.605107280594552,-1.5258034201085797,-3.0481000990047304,-867.2186250548928
8.440000000000007,-0.19064200901373046,-1.5191074283555814,-3.2663833910086475,-4.258853962723553,-855.35683821019,-0.13036388374066396,-4.614901537900553,-1.5311716833239344,-3.0553628792522143,-868.6866230333766
8.450000000000006,-0.19157732957564,-1.5216589407570351,-3.2707592073411806,-4.2644212493807006,-856.3535450356346,-0.13160184321351862,-4.624702096668041,-1.5365530685823898,-3.0626405794774856,-870.1557654389725
8.460000000000008,-0.19251335349030668,-1.5242113395139465,-3.275135108451427,-4.269988543505631,-857.3505876377972,-0.13284056826925414,-4.634508882650643,-1.541947592954172,-3.0699332076268804,-871.6260504501558
8.470000000000006,-0.1934500796714068,-1.5267646235191505,-3.279511093951061,-4.275555844896556,-858.3479671761618,-0.13408005644842438,-4.644321821596558,-1.5473552733512335,-3.07724077137459,-873.0974762359331
8.480000000000008,-0.19438750703616617,-1.5293187916681696,-3.2838871634575426,-4.2811231533578455,-859.3456848039305,-0.1353203052805452,-4.654140839253018,-1.552776126526443,-3.0845632781221304,-874.5700409557968
8.490000000000007,-0.19532563450533205,-1.531873842859181,-3.2882633165940667,-4.2866904686999625,-860.3437416680284,-0.13656131228446833,-4.663965861370678,-1.5582101690727659,-3.0919007349978034,-876.043742759678
8.500000000000007,-0.1962644610031495,-1.534429775993,-3.2926395529895216,-4.292257790739417,-861.3421389091149,-0.13780307496875824,-4.6737968137080514,-1.5636574174224933,-3.0992531488562403,-877.5185797879036
8.510000000000007,-0.19720398545733578,-1.5369865899730586,-3.297015872278443,-4.297825119298716,-862.3408776615898,-0.13904559083206822,-4.683633622035912,-1.5691178878464667,-3.106620526277957,-878.9945501711524
8.520000000000007,-0.19814420679905467,-1.5395442837053808,-3.3013922741009694,-4.3033924542063025,-863.3399590536038,-0.14028885736351132,-4.69347621214169,-1.5745915964533357,-3.114002873568961,-880.4716520304106
8.530000000000006,-0.19908512396289213,-1.5421028560985626,-3.3057687581028006,-4.308959795296509,-864.3393842070665,-0.14153287204303103,-4.703324509833841,-1.5800785591888236,-3.1214001967603866,-881.9498834769319
8.540000000000006,-0.20002673588683087,-1.5446623060637488,-3.3101453239351475,-4.3145271424095055,-865.3391542376548,-0.1427776323417706,-4.713178440946223,-1.5855787918350215,-3.128812501608178,-883.4292426121938
8.550000000000008,-0.20096904151222625,-1.5472226325146137,-3.314521971254697,-4.320094495391246,-866.3392702548234,-0.14402313572244013,-4.723037931342454,-1.591092310009692,-3.1362397935928077,-884.9097275278585
8.560000000000008,-0.20191203978378144,-1.5497838343673371,-3.3188986997235577,-4.325661854093418,-867.3397333618123,-0.14526937963968165,-4.732902906920248,-1.596619129165592,-3.143682077919025,-886.3913363057305
8.570000000000007,-0.20285572964952317,-1.5523459105405857,-3.3232755090092287,-4.3312292183733945,-868.3405446556571,-0.14651636154043193,-4.74277329361576,-1.6021592645898195,-3.151139359515657,-887.8740670177216
8.580000000000007,-0.20380011006077722,-1.5549088599554899,-3.3276523987845463,-4.336796588094176,-869.3417052271985,-0.14776407886428491,-4.752649017407888,-1.6077127314031727,-3.1586116430354374,-889.3579177258085
8.590000000000007,-0.20474517997214506,-1.557472681535624,-3.3320293687276465,-4.342363963124347,-870.343216161091,-0.14901252904384818,-4.762530004322582,-1.6132795445595247,-3.1660989328548723,-890.8428864819982
8.600000000000007,-0.20569093834147897,-1.5600373742069846,-3.336406418521924,-4.347931343338025,-871.3450785358133,-0.15026170950510329,-4.772416180437146,-1.6188597188452207,-3.17360123307415,-892.3289713282898
8.610000000000007,-0.20663738412985924,-1.5626029368979717,-3.340783547855983,-4.353498728614806,-872.3472934236775,-0.151511617667757,-4.782307471884488,-1.6244532688784878,-3.181118547517081,-893.8161702966397
8.620000000000008,-0.20758451630156988,-1.5651693685393655,-3.3451607564236023,-4.359066118839723,-873.3498618908395,-0.15276225094559656,-4.792203804857403,-1.6300602091088647,-3.1886508797310844,-895.3044814089269
8.630000000000008,-0.20853233382407496,-1.5677366680643074,-3.3495380439236886,-4.364633513903186,-874.3527849973083,-0.15401360674683764,-4.802105105612801,-1.6356805538166428,-3.196198232987193,-896.7939026769179
8.640000000000008,-0.20948083566799602,-1.5703048344082797,-3.3539154100602366,-4.370200913700944,-875.3560637969565,-0.1552656824744759,-4.812011300475969,-1.6413143171123348,-3.203760610280124,-898.2844321022344
8.650000000000007,-0.21043002080708878,-1.5728738665090862,-3.3582928545422894,-4.37576831813403,-876.3596993375307,-0.15651847552662748,-4.821922315844738,-1.6469615129361435,-3.211338014328354,-899.7760676763227
8.660000000000007,-0.21137988821821924,-1.5754437633068303,-3.362670377083893,-4.3813357271087146,-877.3636926606614,-0.15777198329687728,-4.831838078193723,-1.6526221550574591,-3.218930447574254,-901.2688073804193
8.670000000000007,-0.212330436881342,-1.578014523743897,-3.3670479774040607,-4.386903140536456,-878.3680448018733,-0.15902620317461813,-4.841758514078494,-1.6582962570743691,-3.2265379121842477,-902.7626491855233
8.680000000000007,-0.21328166577947652,-1.5805861467649318,-3.371425655226728,-4.392470558333854,-879.3727567905964,-0.1602811325453874,-4.851683550139732,-1.6639838324131802,-3.2341604100490104,-904.2575910523657
8.690000000000007,-0.21423357389868483,-1.5831586313168216,-3.3758034102807124,-4.398037980422606,-880.3778296501761,-0.16153676879120504,-4.8616131131073805,-1.6696848943279547,-3.2417979427837027,-905.7536309313813
8.700000000000006,-0.21518616022804948,-1.5857319763486757,-3.380181242299677,-4.403605406729452,-881.3832643978839,-0.16279310929090773,-4.871547129804804,-1.6753994559000716,-3.249450511728234,-907.2507667626815
8.710000000000008,-0.21613942375965078,-1.588306180811806,-3.3845591510220863,-4.409172837186134,-882.3890620449286,-0.16405015142047574,-4.881485527152855,-1.6811275300377897,-3.25711811794757,-908.7489964760281
8.720000000000008,-0.2170933634885442,-1.5908812436597062,-3.3889371361911667,-4.414740271729344,-883.3952235964666,-0.16530789255336686,-4.891428232174021,-1.6868691294758316,-3.2648007622320643,-910.2483179908058
8.730000000000008,-0.2180479784127396,-1.5934571638480366,-3.393315197554871,-4.420307710300684,-884.4017500516136,-0.1665663300608371,-4.901375171996463,-1.692624266774982,-3.272498445097833,-911.7487292160007
8.740000000000007,-0.21900326753317823,-1.5960339403346016,-3.3976933348658327,-4.425875152846618,-885.4086424034556,-0.1678254613122661,-4.9113262738581,-1.6983929543216985,-3.2802111667871574,-913.2502280501742
8.750000000000007,-0.21995922985371114,-1.5986115720793317,-3.4020715478813326,-4.431442599318419,-886.4159016390595,-0.16908528367547795,-4.9212814651106465,-1.7041752043277363,-3.28793892726892,-914.752812381442
8.760000000000007,-0.22091586438107824,-1.6011900580442662,-3.406449836363258,-4.437010049672137,-887.4235287394849,-0.17034579451705717,-4.931240673223632,-1.7099710288297842,-3.295681726239074,-916.2564800874508
8.770000000000007,-0.22187317012488567,-1.6037693971935327,-3.410828200078061,-4.4425775038685416,-888.4315246797958,-0.17160699120266268,-4.941203825788391,-1.7157804396891165,-3.3034395631211497,-917.7612290353595
8.780000000000008,-0.22283114609758603,-1.6063495884933299,-3.415206638796725,-4.448144961873084,-889.4398904290713,-0.17286887109734367,-4.95117085052208,-1.7216034485912577,-3.311212437066785,-919.2670570818192
8.790000000000008,-0.2237897913144552,-1.6089306309119087,-3.4195851522947205,-4.453712423655844,-890.4486269504174,-0.17413143156584468,-4.961141675271604,-1.7274400670456527,-3.3190003469562908,-920.7739620729526
8.800000000000008,-0.2247491047935729,-1.6115125234195544,-3.4239637403519736,-4.4592798891914995,-891.4577352009792,-0.1753946699729122,-4.971116228017578,-1.733290306385362,-3.3268032913992513,-922.2819418443399
8.810000000000008,-0.22570908555580138,-1.6140952649885685,-3.428342402752824,-4.464847358459269,-892.4672161319523,-0.17665858368360174,-4.98109443687825,-1.7391541777667565,-3.3346212687351544,-923.7909942209999
8.820000000000007,-0.22666973262476417,-1.6166788545932498,-3.4327211392859898,-4.470414831442877,-893.4770706885945,-0.17792317006357494,-4.991076230113405,-1.7450316921692286,-3.342454277034041,-925.301117017374
8.830000000000007,-0.22763104502682552,-1.619263291209879,-3.4370999497445247,-4.475982308130504,-894.4872998102378,-0.1791884264793974,-5.001061536128228,-1.7509228603949176,-3.350302314097204,-926.8123080373136
8.840000000000007,-0.22859302179107055,-1.6218485738166981,-3.441478833925789,-4.481549788514746,-895.4979044303008,-0.1804543502988345,-5.011050283477183,-1.7568276930684368,-3.3581653774578974,-928.3245650740655
8.850000000000007,-0.2295556619492838,-1.6244347013938942,-3.445857791631407,-4.487117272592571,-896.5088854763002,-0.18172093889114274,-5.0210424008678345,-1.762746200636622,-3.3660434643820882,-929.8378859102594
8.860000000000007,-0.23051896453593007,-1.6270216729235834,-3.4502368226672298,-4.492684760365277,-897.5202438698632,-0.1829881896273561,-5.031037817164665,-1.7686783933682826,-3.373936571869231,-931.3522683178975
8.870000000000008,-0.23148292858813346,-1.6296094873897906,-3.4546159268433043,-4.4982522518384505,-898.5319805267403,-0.18425609988057534,-5.0410364613928795,-1.7746242813539657,-3.381844696653068,-932.8677100583426
8.880000000000008,-0.23244755314565757,-1.6321981437784334,-3.4589951039738285,-4.503819747021917,-899.5440963568167,-0.18552466702624756,-5.0510382627421535,-1.7805838745057254,-3.3897678352024605,-934.3842088823097
8.890000000000008,-0.2334128372508858,-1.634787641077307,-3.4633743538771244,-4.5093872459297115,-900.5565922641252,-0.18679388844244588,-5.06104315057039,-1.7865571825569126,-3.3977059837222496,-935.9017625298582
8.900000000000007,-0.23437877994880194,-1.6373779782760642,-3.467753676375595,-4.514954748580022,-901.5694691468592,-0.18806376151014767,-5.0710510544074525,-1.7925442150619575,-3.4056591381541375,-937.4203687303834
8.910000000000007,-0.23534538028696972,-1.6399691543662005,-3.472133071295693,-4.520522254995166,-902.5827278973843,-0.18933428361350493,-5.081061903958843,-1.7985449813961734,-3.4136272941775982,-938.9400252026113
8.920000000000007,-0.23631263731551422,-1.642561168341037,-3.4765125384678828,-4.526089765201529,-903.5963694022515,-0.19060545214011596,-5.091075629109383,-1.8045594907555642,-3.421610447210812,-940.4607296545935
8.930000000000007,-0.23728055008710186,-1.645154019195703,-3.480892077726606,-4.531657279229539,-904.6103945422103,-0.1918772644812919,-5.101092159926877,-1.8105877521566365,-3.429608592411626,-941.9824797837024
8.940000000000008,-0.23824911765692142,-1.6477477059271202,-3.4852716889102466,-4.537224797113621,-905.6248041922208,-0.19314971803231826,-5.111111426665711,-1.816629774436226,-3.437621724678542,-943.5052732766299
8.950000000000008,-0.2392183390826652,-1.650342227533986,-3.4896513718610946,-4.542792318892151,-906.6395992214664,-0.19442281019271937,-5.121133359770486,-1.8226855662513237,-3.445649838651715,-945.0291078093819
8.960000000000008,-0.24018821342450974,-1.652937583016758,-3.494031126425315,-4.548359844607427,-907.6547804933679,-0.19569653836651138,-5.131157889879566,-1.8287551360789154,-3.453692928713997,-946.553981047282
8.970000000000008,-0.24115873974509697,-1.6555337713776368,-3.4984109524529097,-4.553927374305618,-908.6703488655953,-0.19697089996245806,-5.141184947828635,-1.8348384922158234,-3.461750988991984,-948.0798906449683
8.980000000000008,-0.24212991710951612,-1.65813079162055,-3.5027908497976843,-4.559494908036735,-909.6863051900818,-0.19824589239432136,-5.151214464654238,-1.8409356427785557,-3.469824013357092,-949.6068342463955
8.990000000000007,-0.24310174458528427,-1.6607286427511387,-3.5071708183172157,-4.5650624458545765,-910.7026503130365,-0.19952151308110877,-5.161246371597254,-1.847046595703161,-3.477911995426658,-951.1348094848382
9.000000000000007,-0.24407422124232825,-1.6633273237767368,-3.511550857872814,-4.570629987816708,-911.7193850749575,-0.20079775944731526,-5.1712806001063765,-1.853171358745088,-3.4860149285650555,-952.6638139828926
9.010000000000009,-0.2450473461529668,-1.6659268337063606,-3.5159309683294944,-4.576197533984409,-912.7365103106453,-0.20207462892316713,-5.181317081841567,-1.8593099394790518,-3.494132805884834,-954.1938453524818
9.020000000000008,-0.24602111839189134,-1.6685271715506895,-3.52031114955594,-4.581765084422639,-913.7540268492165,-0.2033521189448565,-5.191355748677453,-1.8654623452989019,-3.502265620247878,-955.7249011948618
9.030000000000008,-0.24699553703614924,-1.6711283363220528,-3.5246914014244712,-4.587332639200001,-914.7719355141171,-0.2046302269547767,-5.20139653270674,-1.871628583417498,-3.5104133642665847,-957.2569791006266
9.040000000000008,-0.24797060116512423,-1.6737303270344122,-3.529071723811006,-4.5929001983886995,-915.790237123135,-0.205908950401752,-5.211439366243554,-1.8778086608665858,-3.5185760303050553,-958.7900766497163
9.050000000000008,-0.24894630986051985,-1.676333142703349,-3.533452116595038,-4.598467762064503,-916.808932488415,-0.20718828674126655,-5.2214841818268,-1.8840025844966815,-3.526753610480318,-960.324191411426
9.060000000000008,-0.24992266220634163,-1.6789367823460475,-3.5378325796595953,-4.604035330306715,-917.828022416472,-0.20846823343568552,-5.231530912223443,-1.8902103609769547,-3.5349460966635498,-961.8593209444155
9.070000000000007,-0.25089965728887886,-1.6815412449812797,-3.5422131128912118,-4.6096029031981205,-918.8475077082037,-0.2097487879544772,-5.241579490431799,-1.8964319967951169,-3.5431534804813323,-963.3954627967188
9.080000000000007,-0.25187729419668725,-1.6841465296293916,-3.546593716179891,-4.615170480824963,-919.8673891589058,-0.21102994777443004,-5.251629849684788,-1.902667498257311,-3.5513757533169055,-964.9326145057578
9.090000000000009,-0.25285557202057246,-1.6867526353122877,-3.550974389419082,-4.6207380632768995,-920.8876675582843,-0.21231171037986513,-5.261681923453149,-1.9089168714880038,-3.5596129063114557,-966.4707735983528
9.100000000000009,-0.25383448985357165,-1.689359561053417,-3.5553551325056376,-4.6263056506469695,-921.908343690471,-0.21359407326284646,-5.271735645448623,-1.9151801224298823,-3.5678649303654053,-968.0099375907394
9.110000000000008,-0.25481404679093667,-1.6919673058777547,-3.55973594533979,-4.631873243031553,-922.9294183340354,-0.21487703392338947,-5.281790949627137,-1.9214572568437447,-3.5761318161397178,-969.550103988578
9.120000000000008,-0.255794241930118,-1.6945758688117953,-3.564116827825115,-4.637440840530337,-923.9508922620003,-0.21616058986965975,-5.291847770191908,-1.9277482803084023,-3.584413554057223,-971.0912702869757
9.130000000000008,-0.2567750743707468,-1.6971852488835308,-3.568497779868504,-4.643008443246281,-924.9727662418551,-0.21744473861817906,-5.301906041596579,-1.9340531982205746,-3.592710134303948,-972.6334339704995
9.140000000000008,-0.2577565432146184,-1.6997954451224402,-3.5728788013801305,-4.648576051285576,-925.99504103557,-0.21872947769401643,-5.311965698548256,-1.9403720157947892,-3.6010215468304665,-974.176592513195
9.150000000000007,-0.25873864756567616,-1.7024064565594754,-3.5772598922734224,-4.654143664757618,-927.01771739961,-0.22001480463098225,-5.322026676010568,-1.9467047380632763,-3.609347781353252,-975.7207433786056
9.160000000000007,-0.2597213865299941,-1.7050182822270448,-3.581641052465026,-4.659711283774963,-928.0407960849491,-0.2213007169718188,-5.332088909206678,-1.953051369875872,-3.6176888273560475,-977.2658840197922
9.170000000000009,-0.26070475921576164,-1.7076309211590026,-3.586022281874779,-4.665278908453296,-929.0642778370847,-0.22258721226838532,-5.342152333622257,-1.9594119158999106,-3.626044674091245,-978.8120118793539
9.180000000000009,-0.26168876473326574,-1.7102443723906318,-3.5904035804256815,-4.670846538911399,-930.0881633960512,-0.22387428808183815,-5.352216885008425,-1.9657863806201241,-3.6344153105812693,-980.3591243894506
9.190000000000008,-0.2626734021948762,-1.7128586349586334,-3.5947849480438645,-4.6764141752711135,-931.1124534964356,-0.22516194198281397,-5.362282499384695,-1.9721747683385382,-3.642800725619983,-981.9072189718256
9.200000000000008,-0.2636586707150287,-1.7154737079011095,-3.5991663846585555,-4.681981817657302,-932.13714886739,-0.22645017155160072,-5.372349113041819,-1.9785770831743614,-3.6512009077740766,-983.4562930378286
9.210000000000008,-0.2646445694102093,-1.7180895902575535,-3.6035478902020555,-4.687549466197825,-933.1622502326477,-0.22773897437831128,-5.382416662544673,-1.984993329063882,-3.6596158453844954,-985.0063439884422
9.220000000000008,-0.2656310973989382,-1.7207062810688336,-3.6079294646097075,-4.693117121023494,-934.187758310537,-0.22902834806305172,-5.392485084735055,-1.991423509760356,-3.668045526567853,-986.5573692143071
9.230000000000008,-0.2666182538017545,-1.7233237793771818,-3.6123111078198638,-4.6986847822680495,-935.2136738139951,-0.23031829021608655,-5.402554316734502,-1.9978676288338926,-3.676489939217854,-988.1093660957483
9.240000000000007,-0.2676060377412001,-1.7259420842261788,-3.61669281977386,-4.704252450068119,-936.2399974505837,-0.23160879845799703,-5.412624295947003,-2.004325689671339,-3.6849490710067254,-989.6623320028049
9.250000000000009,-0.26859444834180446,-1.7285611946607413,-3.621074600415987,-4.709820124563189,-937.2667299225029,-0.23289987041984228,-5.422694960061758,-2.0107976954761657,-3.6934229093866584,-991.216264295256
9.260000000000009,-0.26958348473006927,-1.7311811097271113,-3.625456449693458,-4.715387805895567,-938.2938719266061,-0.23419150374331188,-5.43276624705586,-2.0172836492683373,-3.7019114415912404,-992.771160322654
9.270000000000008,-0.27057314603445265,-1.7338018284728391,-3.6298383675563834,-4.720955494210355,-939.3214241544138,-0.2354836960808742,-5.442838095196921,-2.023783553884187,-3.7104146546368986,-994.327017424352
9.280000000000008,-0.27156343138535444,-1.7364233499467738,-3.63422035395774,-4.7265231896554125,-940.3493872921298,-0.2367764450959285,-5.452910443045749,-2.0302974119762935,-3.718932535324353,-995.8838329295377
9.290000000000008,-0.27255433991510153,-1.7390456731990493,-3.6386024088533446,-4.732090892381326,-941.3777620206548,-0.2380697484629444,-5.462983229458887,-2.036825226013341,-3.727465070240061,-997.4416041572653
9.300000000000008,-0.2735458707579317,-1.7416687972810723,-3.642984532201826,-4.737658602541373,-942.4065490156016,-0.2393636038676021,-5.473056393591188,-2.0433669982799794,-3.736012245757665,-999.0003284164892
9.310000000000008,-0.2745380230499801,-1.7442927212455088,-3.6473667239645935,-4.743226320291499,-943.4357489473097,-0.2406580090069313,-5.483129874898348,-2.0499227308766805,-3.744574048039447,-1000.5600030060983
9.320000000000007,-0.2755307959292634,-1.7469174441462731,-3.6517489841058133,-4.748794045790276,-944.4653624808603,-0.2419529615894416,-5.493203613139363,-2.0564924257195916,-3.7531504630377794,-1002.1206252149519
9.330000000000007,-0.27652418853566557,-1.7495429650385133,-3.656131312592379,-4.754361779198877,-945.4953902760911,-0.24324845933525152,-5.503277548378992,-2.063076084540378,-3.761741476496572,-1003.6821923219165
9.340000000000009,-0.27751820001092375,-1.752169282978602,-3.6605137093938858,-4.759929520681042,-946.5258329876112,-0.24454449997621763,-5.513351620990198,-2.0696737088860626,-3.77034707395273,-1005.2447015959013
9.350000000000009,-0.2785128294986134,-1.7547963970241223,-3.6648961744826005,-4.76549727040305,-947.5566912648167,-0.24584108125605464,-5.523425771656493,-2.076285300118861,-3.7789672407375927,-1006.8081502958987
9.360000000000008,-0.2795080761441334,-1.7574243062338546,-3.669278707833435,-4.771065028533681,-948.5879657519037,-0.24713820093045263,-5.533499941374303,-2.082910859416003,-3.7876019619783845,-1008.3725356710212
9.370000000000008,-0.2805039390946934,-1.7600530096677687,-3.673661309423921,-4.776632795244198,-949.6196570878858,-0.24843585676719554,-5.543574071455274,-2.0895503877695627,-3.796251222599661,-1009.9378549605432
9.380000000000008,-0.28150041749929794,-1.7626825063870073,-3.6780439792341855,-4.782200570708303,-950.6517659066078,-0.24973404654627185,-5.5536481035285625,-2.0962038859862657,-3.804915007324743,-1011.5041053939411
9.390000000000008,-0.28249751050873356,-1.765312795453878,-3.682426717246915,-4.787768355102116,-951.684292836761,-0.2510327680599814,-5.563721979543054,-2.1028713546872964,-3.8135933006771534,-1013.0712841909357
9.400000000000007,-0.2834952172755549,-1.76794387593184,-3.6868095234473426,-4.793336148604142,-952.7172385018978,-0.2523320191130419,-5.573795641769573,-2.109552794308099,-3.822286086982051,-1014.6393885615331
9.410000000000007,-0.2844935369540698,-1.770575746885491,-3.6911923978232086,-4.798903951395241,-953.750603520448,-0.2536317975226898,-5.583869032803068,-2.1162482050981692,-3.83099335036765,-1016.2084157060713
9.420000000000009,-0.2854924687003273,-1.7732084073805596,-3.695575340364744,-4.804471763658599,-954.7843885057332,-0.2549321011187777,-5.593942095564722,-2.1229575871208417,-3.8397150747666475,-1017.778362815262
9.430000000000009,-0.28649201167210203,-1.7758418564838905,-3.69995835106464,-4.810039585579695,-955.8185940659815,-0.2562329277438683,-5.604014773304057,-2.1296809402530585,-3.848451243917625,-1019.3492270702355
9.440000000000008,-0.2874921650288825,-1.778476093263434,-3.704341429918023,-4.81560741734628,-956.8532208043439,-0.25753427525332717,-5.614087009600996,-2.136418264185148,-3.8572018413664653,-1020.9210056425896
9.450000000000008,-0.2884929279318567,-1.7811111167882376,-3.708724576922429,-4.82117525914834,-957.8882693189086,-0.2588361415154074,-5.624158748367881,-2.143169558420577,-3.8659668504677436,-1022.4936956944345
9.460000000000008,-0.28949429954389916,-1.7837469261284302,-3.713107792077781,-4.826743111178075,-958.9237402027168,-0.26013852441133656,-5.634229933851475,-2.1499348222757093,-3.8747462543861184,-1024.0672943784407
9.470000000000008,-0.29049627902955727,-1.7863835203552147,-3.71749107538636,-4.832310973629861,-959.9596340437776,-0.2614414218353947,-5.644300510634883,-2.156714054879543,-3.8835400360977124,-1025.6417988378878
9.480000000000008,-0.291498865555039,-1.7890208985408558,-3.7218744268527795,-4.837878846700228,-960.9959514250835,-0.2627448316949918,-5.654370423639481,-2.163507255173447,-3.892348178391483,-1027.2172062067148
9.490000000000007,-0.29250205828819914,-1.7916590597586692,-3.726257846483966,-4.843446730587832,-962.032692924626,-0.26404875191074223,-5.664439618126796,-2.170314421910887,-3.9011706638705825,-1028.7935136095691
9.500000000000009,-0.2935058563985264,-1.7942980030830114,-3.7306413342891283,-4.849014625493425,-963.0698591154104,-0.26535318041653555,-5.674508039700336,-2.1771355536571435,-3.9100074749537113,-1030.3707181618581
9.510000000000009,-0.2945102590571315,-1.7969377275892684,-3.735024890279737,-4.854582531619831,-964.1074505654718,-0.26665811515960114,-5.684575634307391,-2.183970648789014,-3.9188585938764535,-1031.948816969801
9.520000000000008,-0.29551526543673307,-1.7995782323538447,-3.739408514469498,-4.860150449171907,-965.1454678378896,-0.26796355410057265,-5.694642348240793,-2.190819705494512,-3.927724002692603,-1033.5278071304815
9.530000000000008,-0.296520874711646,-1.8022195164541548,-3.743792206874328,-4.865718378356532,-966.1839114908038,-0.2692694952135498,-5.704708128140663,-2.19768272177256,-3.9366036832754863,-1035.107685731901
9.540000000000008,-0.29752708605776895,-1.8048615789686109,-3.7481759675123327,-4.871286319382569,-967.2227820774301,-0.2705759364861519,-5.714772920996066,-2.20455969543266,-3.9454976173192575,-1036.6884498530333
9.550000000000008,-0.29853389865257113,-1.8075044189766136,-3.75255979640378,-4.876854272460843,-968.2620801460756,-0.27188287591957266,-5.72483667414668,-2.211450624094569,-3.95440578634019,-1038.270096563879
9.560000000000008,-0.29954131167508086,-1.8101480355585413,-3.7569436935710803,-4.882422237804107,-969.3018062401537,-0.2731903115286318,-5.73489933528442,-2.2183555051879513,-3.963328171677951,-1039.852622925522
9.570000000000007,-0.30054932430587267,-1.8127924277957401,-3.7613276590387574,-4.8879902156270285,-970.3419608982002,-0.2744982413418172,-5.744960852454984,-2.2252743359520286,-3.972264754496864,-1041.4360259901853
9.580000000000007,-0.30155793572705547,-1.8154375947705146,-3.7657116928334307,-4.893558206146149,-971.3825446538887,-0.2758066634013339,-5.755021174059411,-2.232207113435225,-3.9812155157871563,-1043.0203028012893
9.590000000000009,-0.3025671451222599,-1.8180835355661156,-3.770095794983786,-4.899126209579866,-972.4235580360449,-0.2771155757631389,-5.765080248855571,-2.239153834494783,-3.9901804363661837,-1044.6054503935072
9.600000000000009,-0.3035769516766279,-1.8207302492667337,-3.7744799655205585,-4.904694226148405,-973.4650015686645,-0.27842497649698034,-5.775138025959631,-2.2461144957963914,-3.9991594968796518,-1046.1914657928278
9.610000000000008,-0.3045873545767986,-1.8233777349574865,-3.778864204476506,-4.910262256073795,-974.5068757709272,-0.279734863686432,-5.785194454847479,-2.2530890938137897,-4.008152677802817,-1047.7783460166108
9.620000000000008,-0.3055983530108986,-1.8260259917244104,-3.783248511886387,-4.915830299579841,-975.5491811572118,-0.2810452354289218,-5.795249485356096,-2.2600776248283623,-4.017159959441662,-1049.3660880736509
9.630000000000008,-0.306609946168529,-1.8286750186544511,-3.7876328877869376,-4.9213983568921,-976.5919182371134,-0.2823560898357571,-5.805303067684904,-2.2670800849287307,-4.026181321934062,-1050.9546889642352
9.640000000000008,-0.3076221332407541,-1.8313248148354542,-3.7920173322168504,-4.9269664282378525,-977.6350875154574,-0.283667425032153,-5.815355152397097,-2.274096470010325,-4.035216745250944,-1052.5441456802075
9.650000000000007,-0.3086349134200905,-1.8339753793561535,-3.796401845216751,-4.9325345138460825,-978.6786894923162,-0.2849792391572482,-5.825405690420872,-2.28112677577495,-4.044266209197399,-1054.1344552050293
9.660000000000007,-0.3096482859004942,-1.8366267113061647,-3.800786426829176,-4.938102613947451,-979.7227246630242,-0.2862915303641246,-5.835454633050685,-2.2881709977303437,-4.053329693413808,-1055.7256145138433
9.670000000000009,-0.3106622498773514,-1.8392788097759756,-3.805171077098551,-4.9436707287742685,-980.7671935181938,-0.28760429681982214,-5.845501931948452,-2.295229131189721,-4.062407177376933,-1057.3176205735372
9.680000000000009,-0.31167680454746505,-1.8419316738569336,-3.8095557960711677,-4.949238858560472,-981.8120965437306,-0.28891753670534714,-5.855547539144666,-2.3023011712713015,-4.071498640400977,-1058.9104703428068
9.690000000000008,-0.3126919491090448,-1.844585302641241,-3.813940583795164,-4.954807003541601,-982.8574342208497,-0.2902312482156823,-5.865591407039547,-2.3093871128978414,-4.08060406163866,-1060.5041607722237
9.700000000000008,-0.3137076827616965,-1.8472396952219445,-3.818325440320502,-4.960375163954778,-983.9032070260902,-0.29154542955979074,-5.8756334884041,-2.3164869507961443,-4.0897234200822385,-1062.0986888042985
9.710000000000008,-0.31472400470641,-1.849894850692924,-3.8227103656989465,-4.965943340038674,-984.9494154313326,-0.2928600789606176,-5.885673736381169,-2.32360067949656,-4.098856694564523,-1063.6940513735492
9.720000000000008,-0.31574091414554856,-1.8525507681488875,-3.8270953599840407,-4.971511532033493,-985.9960599038129,-0.2941751946550885,-5.895712104486416,-2.3307282933324793,-4.1080038637598735,-1065.2902454065672
9.730000000000008,-0.3167584102828389,-1.855207446685359,-3.831480423231091,-4.977079740180949,-987.0431409061388,-0.2954907748941043,-5.905748546609291,-2.3378697864398177,-4.117164906185175,-1066.8872678220855
9.740000000000007,-0.3177764923233595,-1.857864885398672,-3.8358655554971404,-4.982647964724237,-988.0906588963056,-0.29680681794253616,-5.915783017013976,-2.3450251527564823,-4.1263398002007845,-1068.4851155310464
9.750000000000009,-0.31879515947352977,-1.8605230833859587,-3.840250756840949,-4.98821620590801,-989.1386143277118,-0.29812332207921005,-5.925815470340219,-2.352194386021833,-4.135528524011457,-1070.0837854366716
9.760000000000009,-0.319814410941101,-1.8631820397451446,-3.844636027322977,-4.993784463978362,-990.187007649174,-0.299440285596899,-5.935845861604239,-2.359377479776139,-4.144731055667268,-1071.683274434531
9.770000000000008,-0.32083424593514404,-1.8658417535749365,-3.84902136700536,-4.999352739182802,-991.2358393049444,-0.30075770680230246,-5.945874146199486,-2.3665744273600136,-4.153947373064487,-1073.2835794126145
9.780000000000008,-0.3218546636660399,-1.8685022239748164,-3.853406775951888,-5.004921031770227,-992.2851097347246,-0.3020755840160279,-5.955900279897435,-2.373785221913846,-4.1631774539464494,-1074.884697251401
9.790000000000008,-0.32287566334546963,-1.871163450045033,-3.8577922542279897,-5.010489341990906,-993.3348193736823,-0.303393915572569,-5.965924218848309,-2.3810098563772257,-4.172421275904394,-1076.4866248239307
9.800000000000008,-0.3238972441864035,-1.8738254308865923,-3.862177801900707,-5.016057670096454,-994.3849686524666,-0.3047126998202798,-5.97594591958177,-2.3882483234883463,-4.181678816378279,-1078.0893589958785
9.810000000000008,-0.32491940540309106,-1.87648816560125,-3.8665634190386804,-5.021626016339811,-995.4355579972241,-0.30603193512134524,-5.98596533900757,-2.3955006157834133,-4.190950052657588,-1079.6928966256255
9.820000000000007,-0.32594214621105116,-1.8791516532915042,-3.870949105712123,-5.027194380975216,-996.4865878296143,-0.30735161985175313,-5.99598243441618,-2.402766725596031,-4.200234961882087,-1081.2972345643327
9.830000000000007,-0.32696546582706215,-1.8818158930605862,-3.875334861992808,-5.032762764258196,-997.5380585668256,-0.30867175240125777,-6.005997163479348,-2.4100466450565903,-4.209533521042591,-1082.9023696560153
9.840000000000009,-0.32798936346915086,-1.8844808840124518,-3.879720687954039,-5.038331166445529,-998.58997062159,-0.30999233117334296,-6.0160094842506515,-2.4173403660916337,-4.218845706981671,-1084.5082987376163
9.850000000000009,-0.32901383835658493,-1.8871466252517766,-3.884106583670643,-5.043899587795233,-999.6423244022006,-0.3113133545851841,-6.026019355165988,-2.424647880423223,-4.228171496394371,-1086.1150186390837
9.860000000000008,-0.3300388897098607,-1.8898131158839457,-3.8884925492189413,-5.049468028566544,-1000.6951203125257,-0.3126348210676063,-6.036026735044058,-2.4319691795682994,-4.237510865828876,-1087.7225261834444
9.870000000000008,-0.3310645167506954,-1.8924803550150449,-3.8928785846767338,-5.05503648901989,-1001.7483587520252,-0.3139567290650367,-6.046031583086764,-2.43930425483802,-4.246863791687166,-1089.3308181868822
9.880000000000008,-0.3320907187020165,-1.8951483417518562,-3.8972646901232815,-5.0606049694168735,-1002.8020401157663,-0.31527907703545854,-6.056033858879604,-2.4466530973371,-4.256230250225647,-1090.9398914588135
9.890000000000008,-0.3331174947879522,-1.8978170752018482,-3.9016508656392843,-5.06617347002025,-1003.856164794439,-0.3166018634503622,-6.066033522392048,-2.4540156979631425,-4.265610217555759,-1092.549742801965
9.90000000000001,-0.3341448442338231,-1.9004865544731688,-3.906037111306866,-5.071741991093908,-1004.9107331743721,-0.3179250867946889,-6.076030533977809,-2.4613920474059583,-4.275003669644547,-1094.1603690124534
9.910000000000007,-0.33517276626613124,-1.9031567786746375,-3.9104234272095493,-5.0773105329028425,-1005.965745637548,-0.3192487455667773,-6.086024854375144,-2.468782136146875,-4.284410582315219,-1095.7717668798605
9.920000000000009,-0.3362012601125519,-1.905827746915739,-3.914809813432247,-5.082879095713144,-1007.0212025616199,-0.320572838278305,-6.0960164447070815,-2.4761859544580505,-4.293830931247684,-1097.3839331873176
9.930000000000009,-0.3372303250019244,-1.9084994583066148,-3.919196270061233,-5.088447679791974,-1008.0771043199263,-0.32189736345422704,-6.1060052664816205,-2.483603492401762,-4.303264691979046,-1098.9968647115802
9.940000000000008,-0.3382599601642423,-1.9111719119580568,-3.9235827971841335,-5.094016285407541,-1009.1334512815071,-0.32322231963271353,-6.115991281591904,-2.4910347398297015,-4.312711839904092,-1100.6105582231123
9.950000000000008,-0.3392901648306453,-1.9138451069815003,-3.9279693948899013,-5.099584912829086,-1010.1902438111188,-0.32454770536508304,-6.125974452316323,-2.498479686382259,-4.32217235027575,-1102.2250104861648
9.960000000000008,-0.34032093823340925,-1.9165190424890155,-3.932356063268803,-5.10515356232686,-1011.2474822692511,-0.325873519215733,-6.1359547413186135,-2.5059383214877946,-4.331646198205511,-1103.8402182588588
9.970000000000008,-0.3413522796059379,-1.9191937175933016,-3.9367428024123985,-5.110722234172108,-1012.305167012142,-0.3271997597620724,-6.145932111647929,-2.513410634361913,-4.341133358663842,-1105.456178293266
9.980000000000008,-0.3423841881827542,-1.92186913140768,-3.941129612413523,-5.116290928637044,-1013.3632983917927,-0.32852642559444534,-6.155906526738817,-2.5208966140067255,-4.3506338064805625,-1107.0728873354926
9.990000000000007,-0.34341666319949093,-1.924545283046086,-3.9455164933662736,-5.121859645994835,-1014.4218767559853,-0.3298535153160565,-6.165877950411224,-2.528396249210109,-4.360147516345209,-1108.6903421257612
10.000000000000009,-0.3444497038928822,-1.9272221716230642,-3.949903445365984,-5.127428386519578,-1015.4809024482958,-0.3311810275428928,-6.175846346870424,-2.5359095285449538,-4.3696744628073505,-1110.308539398495
