type,Prob. PT1,Prob. metro1,Prob. taxi1,Prob. more1,Prob. no1,Prob. PT2,Prob. metro2,Prob. taxi2,Prob. more2,Prob. no2
0.5,273.7667716048922,314.5229712119119,175.12241816748207,106.94825970449743,371.6395793112164,254.60552748167683,430.59066091521,89.28944261711554,180.9343898673478,286.5799791186498
0.51,274.0895006444738,314.3904734326273,174.68564388820099,106.5712181672678,372.26316386743014,255.3948939115347,429.8213539335819,89.30295488686355,180.46692562138324,287.0138716466366
0.52,274.4117438227839,314.25708135292854,174.24938916684425,106.19511857711984,372.8866670803235,256.1847384667256,429.0505589283044,89.31642183355117,180.00072915009957,287.44755162131923
0.53,274.73349955117425,314.1227972685136,173.81365609270267,105.81996068632793,373.51008640128157,256.97505081035723,428.2782896786743,89.32984311675278,179.5357976478324,287.88101874638323
0.54,275.0547662492506,313.987623482685,173.37844674309235,105.44574423603159,374.13341928894044,257.7658205758019,427.5045599918041,89.34321839420777,179.0721283068611,288.31427273132516
0.55,275.3755423448862,313.85156230628104,172.94376318333505,105.0724689562647,374.756663209233,258.5570373671589,426.72938370211887,89.3565473218235,178.60971831746508,288.74731329143367
0.56,275.69582627423495,313.7146160576066,172.50960746673908,104.70013456598544,375.37981563543394,259.3486907597216,425.9527746708491,89.3698295536777,178.1485648679794,289.1801401477722
0.5700000000000001,276.0156164817446,313.5767870623641,172.07598163458016,104.32874077310609,376.0028740482051,260.14077030044587,425.1747467855222,89.38306474202115,177.68866514484986,289.6127530271609
0.5800000000000001,276.3349114201693,313.4380776535845,171.64288771608335,103.95828727452353,376.6258359356393,260.9332655084236,424.395313959449,89.39625253728036,177.23001633268726,290.0451516621598
0.5900000000000001,276.6537095505822,313.29849017155834,171.21032772840488,103.5887737561496,377.248698793305,261.7261658753596,423.6144901312065,89.40939258806033,176.77261561432152,290.47733579105204
0.6000000000000001,276.97200934238725,313.15802696376625,170.7783036766147,103.2201998929425,377.87146012428934,262.51946086605074,422.8322892641197,89.42248454114707,176.316460170855,290.9093051578275
0.6100000000000001,277.2898092733313,313.01669038481,170.3468175536795,102.85256534893729,378.494117439242,263.31313991887026,422.04872534573695,89.43552804151038,175.86154718171545,291.34105951216696
0.6200000000000001,277.6071078295151,312.87448279634333,169.91587134044573,102.48586977727818,379.1166682564177,264.10719244625307,421.2638123873056,89.44852273230681,175.40787382470776,291.7725986094267
0.6300000000000001,277.9239035054051,312.73140656700264,169.4854670056238,102.12011282024957,379.73911010171884,264.90160783518655,420.4775644232414,89.46146825488218,174.95543727606633,292.2039222106235
0.6400000000000001,278.24019480384374,312.587464072338,169.05560650577192,101.75529410930888,380.3614405087375,265.69637544770296,419.6899955105968,89.47436424877466,174.5042347105058,292.6350300824197
0.6500000000000001,278.5559802360601,312.44265769474356,168.62629178528104,101.39141326511813,380.98365701879715,266.4914846213767,418.90111972852463,89.48721035171741,174.054263301272,293.06592199710934
0.6600000000000001,278.87125832168056,312.2969898233886,168.19752477635961,101.02846989757735,381.60575718099386,267.2869246698224,418.11095117774033,89.50000619964167,173.60552022019172,293.4965977326039
0.6700000000000002,279.1860275887381,312.15046285414815,167.76930739901937,100.66646360585696,382.2277385522374,268.0826848831986,417.31950397997986,89.5127514266795,173.15800263772294,293.9270570724191
0.6800000000000002,279.50028657368233,312.0030791895339,167.34164156106115,100.30539397843138,382.84959869729124,268.8787545287124,416.5267922774557,89.5254456651669,172.7117077230034,294.35729980566157
0.6900000000000002,279.8140338213888,311.85484123862454,166.91452915806124,99.94526059311215,383.4713351888132,269.6751228511286,415.73283023230874,89.53808854564674,172.26663264389964,294.78732572701625
0.7000000000000002,280.12726788516784,311.7057514169971,166.4879720733582,99.58606301708217,384.0929456073947,270.47177907328114,414.93763202605817,89.5506796968718,171.8227745670549,295.21713463673404
0.7100000000000002,280.43998732677346,311.5558121466571,166.06197217804015,99.22780080692921,384.71442754160006,271.2687123965871,414.14121185904844,89.56321874580797,171.38013065793686,295.6467263406196
0.7200000000000002,280.7521907164115,311.40502585596994,165.63653133093226,98.87047350868083,385.33577858800544,272.06591200156436,413.34358394989357,89.57570531763719,170.938698080885,296.0761006500199
0.7300000000000002,281.06387663274796,311.25339497959135,165.21165137858506,98.51408065783838,385.95699635123725,272.86336704835196,412.5447625349174,89.58813903576073,170.49847399915706,296.50525738181284
0.7400000000000002,281.37504366291694,311.10092195839786,164.78733415526276,98.15862177941239,386.5780784440101,273.66106667723227,411.74476186759347,89.6005195218023,170.05945557497571,296.9341963583962
0.7500000000000002,281.6856904025276,310.9476092394183,164.3635814829324,97.80409638795726,387.1990224871644,274.45900000915765,410.94359621797963,89.61284639561158,169.62163996957378,297.3629174076773
0.7600000000000002,281.9958154556718,310.79345927576423,163.94039517125304,97.45050398760704,387.8198261097039,275.25715614627745,410.1412798721527,89.62511927526711,169.18502434324034,297.7914203630624
0.7700000000000002,282.3054174349311,310.6384745265608,163.51777701756563,97.0978440721107,388.4404869488318,276.0555241724702,409.33782713163794,89.63733777708003,168.74960585536496,298.21970506344684
0.7800000000000002,282.6144949613831,310.48265745687746,163.09572880688324,96.74611612486846,389.0610026499877,276.8540931538761,408.53325231283833,89.64950151559718,168.31538166448274,298.6477713532057
0.7900000000000003,282.92304666460757,310.32601053765967,162.67425231188176,96.39531961896756,389.68137086688347,277.6528521394335,407.7275697464598,89.66161010360467,167.88234892831818,299.0756190821839
0.8000000000000003,283.2310711826929,310.1685362456588,162.25334929289087,96.04545401721899,390.3015892615384,278.45179016141725,406.9207937769348,89.67366315213152,167.45050480382864,299.5032481056878
0.8100000000000003,283.5385671622415,310.01023706336383,161.8330214978857,95.69651877219394,390.92165550431497,279.2508962359799,406.1129387618429,89.68566027045284,167.01984644724814,299.93065828447624
0.8200000000000003,283.8455332583756,309.851115478932,161.41327066247865,95.34851332626097,391.5415672739528,280.0501593636943,405.30401907133034,89.69760106609394,166.59037101412946,300.3578494847519
0.8300000000000003,284.1519681347415,309.6911739861202,160.99409850991177,95.00143711162293,392.1613222576036,280.84956853009976,404.4940490875257,89.70948514483348,166.16207565938726,300.7848215781538
0.8400000000000003,284.45787046351523,309.53041508421586,160.5755067510495,94.65528955035465,392.7809181508648,281.64911270624924,403.6830432039546,89.72131211070759,165.73495753733977,301.2115744417488
0.8500000000000003,284.76323892540694,309.368841277968,160.15749708437198,94.31007005444032,393.4003526578128,282.44878084926063,402.871015824951,89.7330815660133,165.30901380175055,301.63810795802453
0.8600000000000003,285.0680722096648,309.2064550775186,159.7400711959686,93.9657780258116,394.0196234910363,283.2485619028675,402.05798136506786,89.74479311131283,164.8842416058697,302.06442201488215
0.8700000000000003,285.372369014079,309.04325899833424,159.323230759532,93.6224128563858,394.63872837166895,284.0484447979737,401.24395424848547,89.75644634543686,164.46063810247512,302.4905165056288
0.8800000000000003,285.67612804498583,308.8792555611364,158.90697743635266,93.27997392810404,395.2576650294211,284.8484184532104,400.42894890841626,89.76804086548917,164.03820044391247,302.9163913289717
0.8900000000000003,285.9793480172703,308.71444729183384,158.4913128753136,92.93846061297012,395.87643120261214,285.6484717754937,399.6129797865092,89.77957626685009,163.61692578213604,303.342046389011
0.9000000000000004,286.28202765437,308.5488367214535,158.07623871288595,92.59787227308914,396.49502463820147,286.44859366058535,398.796061332252,89.79105214318082,163.19681126874812,303.7674815952338
0.9100000000000004,286.584165688277,308.38242638607227,157.66175657312436,92.25820826070684,397.11344309181953,287.24877299365414,397.97820800237133,89.80246808642771,162.77785405503866,304.19269686250817
0.9200000000000004,286.8857608595411,308.2152188267484,157.24786806766335,91.91946791824859,397.7316843277986,288.04899864984037,397.1594342602314,89.8138236868262,162.36005129202454,304.6176921110775
0.9300000000000004,287.1868119172718,308.047216589453,156.83457479571376,91.58165057835927,398.34974611920217,288.84925949482124,396.33975457523036,89.8251185329053,161.9434001304883,305.0424672665548
0.9400000000000004,287.48731761913984,307.8784222250021,156.4218783440598,91.2447555639427,398.9676262478555,289.64954438537836,395.51918342219557,89.83635221149176,161.5278977210167,305.46702225991754
0.9500000000000004,287.78727673137905,307.70883828898843,156.00978028705637,90.90878218820188,399.58532250437423,290.44984216996687,394.69773528077695,89.84752430771479,161.11354121403875,305.89135702750264
0.9600000000000004,288.0866880287883,307.5384673417124,155.59828218662685,90.57372975467892,400.2028326881935,291.2501416892856,393.8754246348389,89.85863440501014,160.70032775986405,306.31547151100136
0.9700000000000004,288.38555029473116,307.3673119481156,155.18738559226134,90.23959755729578,400.82015460759607,292.05043177684917,393.0522659718511,89.86968208512518,160.28825450871966,306.73936565745487
0.9800000000000004,288.68386232113824,307.1953746777114,154.77709204101524,89.90638488039447,401.43728607974066,292.8507012595623,392.2282737822767,89.88066692812289,159.87731861078825,307.16303941924986
0.9900000000000004,288.9816229085062,307.02265810451786,154.36740305750826,89.57409099877835,402.0542249306893,293.65093895829364,391.4034625589609,89.89158851238717,159.4675172162443,307.586492754114
1.0000000000000004,289.27883086589924,306.8491648069897,153.95832015392398,89.24271517775269,402.6709689954344,294.45113368845296,390.57784679651627,89.90244641462738,159.05884747529126,308.0097256251121
1.0100000000000005,289.57548501094817,306.67489736795034,153.5498448300095,88.9122566731664,403.28751611792563,295.25127426056855,389.75144099070826,89.91324020988311,158.65130653819787,308.43273800064225
1.0200000000000005,289.8715841698503,306.499858374525,153.14197857307587,88.58271473145292,403.90386415109595,296.0513494808652,388.9242596378394,89.92396947152942,158.24489155533416,308.85552985443184
1.0300000000000005,290.1671271773687,306.3240504180724,152.73472285799863,88.25408858967255,404.52001095688775,296.8513481518453,388.09631723413116,89.93463377128148,157.83959967720773,309.27810116553434
1.0400000000000005,290.46211287683184,306.1474760941176,152.3280791472189,87.92637747555352,405.13595440627813,297.65125907286904,387.2676282751065,89.94523267920015,157.43542805449874,309.7004519183256
1.0500000000000005,290.7565401201316,305.9701380022849,151.9220488907448,87.59958060753476,405.7516923793039,298.451071040737,386.4382072549694,89.95576576369662,157.03237383809608,310.1225821025009
1.0600000000000005,291.050407767722,305.7920387462308,151.51663352615344,87.27369719480757,406.36722276508624,299.25077285027305,385.60806866598534,89.96623259153827,156.63043417913164,310.5444917130717
1.0700000000000005,291.34371468861815,305.6131809335756,151.1118344785931,86.94872643735845,406.9825434618547,300.05035329490823,384.7772269978596,89.97663272785354,156.22960622901587,310.96618075036275
1.0800000000000005,291.63645976039317,305.4335671758385,150.70765316078578,86.62466752601136,407.59765237697115,300.84980116726547,383.94569673711555,89.98696573613776,155.82988713947196,311.3876492200092
1.0900000000000005,291.92864186917683,305.25320008836877,150.3040909730305,86.30151964247091,408.212547426953,301.6491052597453,383.11349236647163,89.99723117825846,155.43127406257048,311.80889713295414
1.1000000000000005,292.22025990965227,305.07208229028015,149.90114930320658,85.97928195936493,408.8272265374961,302.4482543651115,382.28062836421816,90.00742861446098,155.03376415076363,312.2299245054457
1.1100000000000005,292.51131278505363,304.8902164043838,149.49882952677757,85.65795364028799,409.441687643497,303.24723727707953,381.44711920359225,90.01755760337444,154.63735455691887,312.65073135903486
1.1200000000000006,292.8017994071629,304.7076050571217,149.0971330067955,85.33753383984444,410.0559286890755,304.0460427909032,380.6129793521534,90.02761770201724,154.2420424343529,313.07131772057323
1.1300000000000006,293.09171869630615,304.5242508785006,148.69606109390543,85.01802170369224,410.6699476275956,304.8446597039617,379.7782232711594,90.03760846580326,153.8478249368651,313.4916836222105
1.1400000000000006,293.3810695813506,304.340156502025,148.29561512635067,84.69941636858628,411.2837424216874,305.6430768163499,378.94286541493904,90.04752944854751,153.45469921877108,313.91182910139247
1.1500000000000006,293.66985099970015,304.15532456463194,147.89579642997793,84.38171696242266,411.89731104326734,306.44128293146696,378.106920230266,90.05738020247264,153.06266243493536,314.33175420085905
1.1600000000000006,293.95806189729126,303.9697577066243,147.49660631824344,84.06492260428226,412.5106514735587,307.23926685660416,377.27040215573396,90.06716027821476,152.6717117408048,314.75145896864234
1.1700000000000006,294.2457012285891,303.7834585716048,147.09804609221896,83.74903240447541,413.1237617031117,308.0370174035361,376.4333256211284,90.07686922483002,152.2818442924409,315.17094345806464
1.1800000000000006,294.53276795658195,303.596429806411,146.7001170405984,83.43404546458585,413.73663973182283,308.8345233891093,375.5957050468006,90.08650658980068,151.89305724655287,315.5902077277366
1.1900000000000006,294.8192610527769,303.4086740610489,146.3028204397048,83.11996087751544,414.349283568954,309.631773635833,374.75755484303994,90.09607191904186,151.5053477605295,316.00925184155574
1.2000000000000006,295.1051794971946,303.2201939886277,145.90615755349765,82.80677772752887,414.96169123315116,310.4287569724682,373.91888940944744,90.10556475690815,151.11871299247167,316.4280758687045
1.2100000000000006,295.39052227836356,303.0309922452947,145.5101296335807,82.49449509029833,415.5738607524627,311.2254622346184,373.0797231343082,90.11498464620009,150.73315010122434,316.84667988364896
1.2200000000000006,295.6752883933145,302.8410714901696,145.11473791921009,82.1831120329487,416.18579016435706,312.0218782653188,372.24007039396497,90.12433112817105,150.3486562464085,317.26506396613667
1.2300000000000006,295.95947684757454,302.6504343852798,144.71998363730268,81.87262761410247,416.79747751574047,312.8179939156266,371.39994555219073,90.1336037425342,149.96522858845282,317.6832282011957
1.2400000000000007,296.2430866551609,302.45908359549526,144.3258680024451,81.56304088392521,417.4089208629735,313.6137980452101,370.5593629595624,90.14280202746954,149.58286428862516,318.1011726791328
1.2500000000000007,296.52611683857407,302.2670217884641,143.93239221690294,81.25435088417089,418.020118271888,314.4092795229385,369.71833695283425,90.15192551963071,149.2015605090643,318.5188974955322
1.2600000000000007,296.8085664287916,302.07425163454747,143.5395574706303,80.94655664822747,418.6310678178031,315.20442722747055,368.876881854312,90.16097375415274,148.82131441281084,318.93640275125387
1.2700000000000007,297.09043446526084,301.88077580675554,143.14736494127993,80.6396572011626,419.241767585541,315.99923004784347,368.03501197122677,90.1699462646588,148.4421231638386,319.35368855243235
1.2800000000000007,297.3717199958919,301.68659698068274,142.7558157942134,80.33365155976959,419.85221566944233,316.79367688406046,367.1927415951107,90.17884258326816,148.06398392708564,319.770755010475
1.2900000000000007,297.6524220770498,301.4917178344441,142.36491118251206,80.02853873261316,420.46241017338093,317.58775664767916,366.3500850011714,90.18766224060332,147.68689386848513,320.18760224206096
1.3000000000000007,297.93253977354675,301.2961410486111,141.9746522469879,79.72431772007583,421.0723492107784,318.3814582623977,365.5070564476689,90.19640476579782,147.31085015499613,320.6042303691395
1.3100000000000007,298.2120721586351,301.09986930614735,141.58504011619527,79.42098751440385,421.6820309046184,319.1747706646425,364.6636701752908,90.20506968650422,146.93584995463408,321.0206395189284
1.3200000000000007,298.4910183139979,300.9029052923457,141.19607590644247,79.118547099754,422.2914533874599,319.9676828041524,363.8199404065312,90.21365652890167,146.56189043650164,321.4368298239131
1.3300000000000007,298.7693773297409,300.70525169476446,140.80776072180413,78.81699545223958,422.900614801451,320.7601836445648,362.9758813450676,90.22216481770415,146.1889687708188,321.8528014218447
1.3400000000000007,299.0471483043841,300.50691120316367,140.4200956541336,78.51633153997756,423.50951329834106,321.55226216399814,362.1315071751412,90.2305940761684,145.81708212895367,322.2685544557385
1.3500000000000008,299.32433034485257,300.3078865094427,140.03308178307609,78.21655432313476,424.1181470394939,322.3439073556368,361.28683206093575,90.23894382610237,145.44622768345207,322.68408907387294
1.3600000000000008,299.60092256646755,300.1081803075763,139.64672017608163,77.91766275397532,424.7265141958992,323.1351082283126,360.4418701459583,90.24721358787333,145.0764026080683,323.09940542978745
1.3700000000000008,299.8769240929364,299.9077952935529,139.261011888419,77.6196557769071,425.33461294818454,323.92585380708437,359.59663555242304,90.25540288041661,144.70760407779468,323.51450368228126
1.3800000000000008,300.1523340563435,299.7067341653114,138.8759579631895,77.32253232852926,425.94244148662636,324.71613313382056,358.751142380632,90.26351122124393,144.33982926889186,323.9293839954116
1.3900000000000008,300.42715159714066,299.50499962267804,138.49155943134144,77.02629133767896,426.5499980111609,325.5059352677753,357.9054047083618,90.2715381264525,143.97307535891835,324.344046538492
1.4000000000000008,300.70137586413597,299.3025943673057,138.10781731168458,76.73093172547922,427.15728073139456,326.2952492861685,357.0594365902469,90.2794831107333,143.60733952676074,324.7584914860906
1.4100000000000008,300.9750060144842,299.09952110261054,137.7247326109055,76.43645240538577,427.7642878666139,327.08406428475985,356.2132520571685,90.28734568738052,143.242618952663,325.1727190180281
1.4200000000000008,301.2480412136766,298.8957825337104,137.34230632358268,76.14285228323504,428.37101764579523,327.87236937842465,355.3668651156424,90.29512536830046,142.87891081825637,325.5867293193761
1.4300000000000008,301.52048063552894,298.6913813673636,136.96053943220238,75.85013025729134,428.9774683076138,328.6601537017274,354.5202897472079,90.30282166402075,142.51621230658878,326.00052258045514
1.4400000000000008,301.7923234621717,298.48632031190635,136.57943290717463,75.55828521829504,429.5836381004523,329.44740640949277,353.67353990782067,90.31043408369972,142.1545206021545,326.41409899683237
1.4500000000000008,302.06356888403764,298.2806020771928,136.1989877068497,75.26731604950984,430.18952528241,330.2341166773765,352.8266295272447,90.31796213513576,141.79383289092343,326.8274587693196
1.4600000000000009,302.33421609985146,298.0742293745327,135.8192047775348,74.97722162677114,430.7951281213099,331.02027370243434,351.97957250844684,90.32540532477714,141.4341463603706,327.2406021039711
1.4700000000000009,302.60426431661745,297.8672049166309,135.4400850535111,74.68800081853365,431.4004448947069,331.8058667036876,351.13238272699425,90.3327631577313,141.07545819950562,327.65352921208114
1.4800000000000009,302.8737127496076,297.6595314175268,135.06162945705134,74.3996524859198,432.00547388989446,332.5908849226906,350.2850740304509,90.34003513777527,140.71776559890165,328.0662403101816
1.4900000000000009,303.1425606223495,297.4512115925335,134.6838388984374,74.11217548276755,432.61021340391204,333.37531762409094,349.4376602377797,90.34722076736516,140.3610657507249,328.47873562003934
1.5000000000000009,303.4108071666144,297.2422481581774,134.30671427597832,73.82556865567894,433.21466174355095,334.15915409619356,348.5901551387427,90.35431954764643,140.00535584876377,328.89101536865354
1.510000000000001,303.678451622404,297.0326438321384,133.93025647602903,73.53983084406808,433.81881722536053,334.94238365151887,347.74257249330583,90.36133097846425,139.65063308845785,329.3030797882532
1.520000000000001,303.9454932379378,296.82240133318965,133.55446637300872,73.2549608802099,434.4226781756539,335.72499562736056,346.8949260310447,90.36825455837365,139.29689466692741,329.7149291162937
1.530000000000001,304.2119312696408,296.61152338113766,133.1793448294202,72.97095758928825,435.0262429305131,336.50697938634033,346.04722945055323,90.37508978465024,138.94413778300205,330.1265635954542
1.540000000000001,304.4777649821292,296.4000126967633,132.80489269586897,72.68781978944479,435.6295098357937,337.2883243169618,345.1994964188534,90.38183615330064,138.59235963724998,330.53798347363414
1.550000000000001,304.742993648198,296.1878720017617,132.4311108110833,72.40554629182726,436.23247724712974,338.0690198341605,344.35174057080866,90.38849315907333,138.2415574320072,330.9491890039503
1.560000000000001,305.00761654880637,295.97510401868414,132.05800000193398,72.12413590063845,436.8351435299371,338.849055379854,343.5039755085372,90.3950602954696,137.89172837140617,331.360180444733
1.570000000000001,305.2716329730648,295.76171147087786,131.6855610834547,71.84358741318466,437.4375070594179,339.62842042348643,342.6562148008316,90.40153705475461,137.54286966140492,331.7709580595224
1.580000000000001,305.5350422182206,295.5476970824285,131.3137948588629,71.56389961992481,438.03956622056324,340.4071044625737,341.8084719825764,90.40792292796829,137.1949785098163,332.18152211706524
1.590000000000001,305.7978435896433,295.33306357810096,130.94270211958045,71.28507130451894,438.6413194081564,341.18509702324405,340.96076055417205,90.41421740493699,136.84805212633657,332.59187289131035
1.600000000000001,306.0600364008108,295.1178136832813,130.57228364525523,71.00710124387744,439.24276502677515,341.96238766077676,340.11309398095926,90.42041997428478,136.50208772257434,333.0020106614049
1.610000000000001,306.3216199732948,294.9019501239188,130.20254020378246,70.7299882082098,439.84390149079417,342.7389659601401,339.2654856926452,90.42653012344499,136.15708251207982,333.41193571168986
1.620000000000001,306.582593636745,294.68547562646796,129.83347255132682,70.4537309610738,440.44472722438644,343.51482153652273,338.41794908273596,90.43254733867202,135.81303371037342,333.8216483316958
1.630000000000001,306.8429567288754,294.4683929178307,129.4650814323445,70.17832825942442,441.045240661525,344.2899440358665,337.5704975079671,90.43847110505308,135.46993853497486,334.23114881613844
1.640000000000001,307.1027085954479,294.25070472529956,129.09736757960582,69.90377885366304,441.6454402459837,345.0643231353918,336.72314428774274,90.44430090652037,135.12779420543194,334.64043746491313
1.650000000000001,307.36184859025747,294.03241377650005,128.73033171421795,69.63008148768664,442.2453244313379,345.8379485441269,335.87590270356986,90.45003622586286,134.78659794334973,335.0495145830907
1.660000000000001,307.6203760751167,293.8135227993335,128.36397454564806,69.3572348989369,442.84489168096485,346.6108100034266,335.0287859985037,90.4556765447391,134.44634697241904,335.45838048091156
1.670000000000001,307.8782904198392,293.5940345219212,127.99829677174671,69.08523781844954,443.4441404680434,347.382897287494,334.18180737659014,90.46122134368913,134.10703851844582,335.86703547378085
1.680000000000001,308.1355910022244,293.3739516725469,127.63329907877164,68.81408897090347,444.0430692755536,348.15420020389547,333.33498000231464,90.46667010214732,133.76866980937973,336.2754798822628
1.690000000000001,308.39227720804115,293.153276979601,127.26898214141157,68.54378707467033,444.64167659627594,348.9247085940751,332.4883170000521,90.47202229845492,133.43123807534332,336.6837140320745
1.700000000000001,308.648348431011,292.9320131715249,126.90534662281067,68.27433084186352,445.2399609327899,349.69441233386397,331.6418314535218,90.47727740987298,133.09474054866087,337.0917382540804
1.710000000000001,308.903804072792,292.7101629767544,126.542393174593,68.00571897838789,445.83792079747275,350.46330133398743,330.795536405244,90.48243491259532,132.7591744638874,337.49955288428583
1.720000000000001,309.15864354296195,292.4877291236646,126.18012243688747,67.73795018398887,446.4355547124971,351.2313655405694,329.9494448560007,90.48749428176177,132.42453705783748,337.90715826383064
1.730000000000001,309.412866259001,292.2647143405148,125.81853503835289,67.47102315230218,447.0328612098291,351.99859493563235,329.1035697642993,90.49245499147104,132.0908255696146,338.3145547389826
1.740000000000001,309.66647164627557,292.0411213553926,125.45763159620341,67.20493657090299,447.6298388312254,352.7649795375942,328.257924045841,90.4973165147945,131.75803724063982,338.7217426611305
1.750000000000001,309.9194591380198,291.8169528961598,125.09741271623427,66.9396891213556,448.2264861282305,353.53050940176234,327.41252057298993,90.50207832378972,131.42616931468103,339.12872238677693
1.7600000000000011,310.171828175319,291.59221169039756,124.73787899284771,66.67527947926281,448.82280166217294,354.29517462082356,326.56737217424956,90.50673988951381,131.09521903788198,339.5354942775311
1.7700000000000011,310.4235782070917,291.3669004653517,124.37903100907927,66.41170631431555,449.4187840041618,355.0589653253316,325.7224916337384,90.51130068203774,130.76518365879122,339.9420587001011
1.7800000000000011,310.67470869007195,291.14102194787887,124.02086933662429,66.14896829034218,450.0144317350827,355.82187168418903,324.8778916906734,90.51576017045988,130.43606042839141,340.34841602628626
1.7900000000000011,310.9252190887909,290.91457886439275,123.66339453586467,65.88706406535833,450.6097434455933,356.5838839051276,324.0335850388546,90.52011782292043,130.10784660012845,340.754566632969
1.8000000000000012,311.1751088755597,290.6875739408099,123.30660715589603,65.62599229161606,451.2047177361183,357.3449922351833,323.1895843261543,90.52437310661541,129.78053942994055,341.1605109021064
1.8100000000000012,311.4243775304498,290.4600099024969,122.95050773455489,65.36575161565378,451.7993532168447,358.1051869611694,322.34590215400993,90.52852548781134,129.45413617628748,341.56624922072183
1.8200000000000012,311.6730245412758,290.2318894742166,122.5950967984464,65.10634067834546,452.39364850771574,358.86445841014415,321.5025510769204,90.53257443185964,129.1286341001797,341.9717819808961
1.8300000000000012,311.92104940357575,290.00321538007574,122.24037486297213,64.84775811495051,452.9876022384259,359.62279694987484,320.6595436019477,90.53651940321124,128.80403046520803,342.37710957975816
1.8400000000000012,312.16845162059286,289.77399034347206,121.88634243235818,64.59000255516293,453.581213048414,360.3801929892992,319.8168921882207,90.54035986543167,128.4803225375724,342.782232419476
1.8500000000000012,312.41523070325684,289.54421708704143,121.53299999968345,64.33307262316129,454.174479586857,361.1366369789815,318.97460924644423,90.54409528121573,128.15750758611165,343.18715090724686
1.8600000000000012,312.66138617016395,289.3138983326065,121.18034804690852,64.07696693765786,454.7674005126632,361.89211941156486,318.132707138412,90.54772511240296,127.83558288233256,343.59186545528763
1.8700000000000012,312.90691754755807,289.0830368011242,120.82838704490429,63.8216841119485,455.3599744944649,362.64663082222,317.2911981765235,90.55124881999251,127.51454570043965,343.9963764808243
1.8800000000000012,313.15182436931195,288.851635212634,120.4771174534811,63.56722275396184,455.95220021061107,363.4001617890913,316.45009462330347,90.55466586415898,127.19439331736429,344.4006844060819
1.8900000000000012,313.3961061769065,288.61969628620676,120.12653972141831,63.313581466309095,456.5440763491593,364.15270293373396,315.6094086909306,90.55797570426755,126.87512301279435,344.80478965827353
1.9000000000000012,313.63976251941176,288.3872227398934,119.77665428649371,63.0607588463333,457.13560160786784,364.90424492155313,314.7691525407635,90.56117779889007,126.5567320692038,345.2086926695895
1.9100000000000013,313.88279295346666,288.1542172906741,119.4274615755134,62.80875348615902,457.7267746941868,365.65477846223433,313.9293382828769,90.56427160582055,126.23921777188225,345.612393877186
1.9200000000000013,314.1251970432593,287.92068265440736,119.0789620043421,62.55756397274157,458.31759432524973,366.4042943101721,313.0899779755985,90.56725658209142,125.92257740896447,346.01589372317346
1.9300000000000013,314.3669743605063,287.68662154577993,118.73115597793308,62.30718888791667,458.90805922786404,367.15278326489124,312.25108362505387,90.57013218398956,125.60680827146021,346.4191926546051
1.9400000000000013,314.60812448443295,287.4520366782563,118.38404389035921,62.057626808449676,459.4981681385018,367.9002361714696,311.41266718470973,90.57289786707243,125.29190765328393,346.8222911234643
1.9500000000000013,314.8486470017522,287.2169307640294,118.03762612484336,61.80887630608511,460.0879198032898,368.6466439209481,310.5747405549305,90.57555308618478,124.97787285128439,347.2251895866522
1.9600000000000013,315.08854150664496,286.9813065139698,117.69190305378973,61.56093594759591,460.6773129779996,369.39199745074455,309.7373155825305,90.57809729547488,124.66470116527462,347.6278885059754
1.9700000000000013,315.3278076007378,286.74516663757765,117.34687503881494,61.313804294832835,461.26634642803674,370.1362877450572,308.90040406033717,90.58052994841154,124.35238989806169,348.0303883481324
1.9800000000000013,315.56644489308366,286.5085138429327,117.00254243077956,61.06747990477371,461.85501892843035,370.87950583526725,308.06401772675486,90.58285049780056,124.04093635547673,348.4326895847006
1.9900000000000013,315.8044530001395,286.2713508366459,116.65890556981992,60.821961329572666,462.44332926382197,371.6216428003343,307.2281682653364,90.58505839580222,123.73033784640462,348.83479269212245
2.0000000000000013,316.04183154574616,286.0336803238104,116.31596478537988,60.57724711660953,463.0312762284541,372.36268976718844,306.3928673043578,90.58715309394782,123.42059168281429,349.2366981516916
2.0100000000000016,316.2785801611062,285.7955050079534,115.97372039624312,60.33333580853871,463.6188586261585,373.1026379111183,305.558126416397,90.58913404315747,123.11169517978854,349.6384064495387
2.0200000000000014,316.51469848476313,285.5568275909882,115.63217271056557,60.090225943338716,464.2060752703444,373.84147845615274,304.72395711791927,90.59100069375707,122.80364565555438,350.0399180766165
2.030000000000001,316.75018616257915,285.3176507731661,115.29132202590773,59.8479160543609,464.7929249839861,374.5792026754394,303.8903708688662,90.59275249549607,122.49644043151288,350.4412335286855
2.0400000000000014,316.98504284771417,285.0779772530292,114.95116862926781,59.60640467037876,465.3794065996101,375.3158018916172,303.0573790722501,90.59438889756531,122.19007683226934,350.84235330629804
2.0500000000000016,317.2192682006032,284.8378097273628,114.61171279711446,59.36569031563684,465.96551895928263,376.05126747718475,302.2249930737534,90.5959093486143,121.88455218566399,351.2432779147835
2.0600000000000014,317.45286188893516,284.59715089114854,114.27295479542026,59.1257715098998,466.55126091459624,376.7855908548642,301.39322416133234,90.59731329676978,121.57986382280174,351.6440078642319
2.070000000000001,317.6858235876301,284.35600343751764,113.93489487969487,58.886646768501095,467.1366313266563,377.5187634979598,300.5620835648261,90.59860018965342,121.27600907808278,352.0445436694779
2.0800000000000014,317.9181529788175,284.11437005770426,113.5975332950188,58.648314602392134,467.7216290660673,378.2507769307105,299.731582455572,90.59976947440042,120.97298528923267,352.44488585008446
2.0900000000000016,318.14984975181363,283.87225344099954,113.26087027607737,58.410773518190865,468.3062530129186,378.9816227286407,298.90173194602295,90.60082059767717,120.67078979733347,352.84503493032577
2.1000000000000014,318.38091360309915,283.6296562747056,112.92490604719438,58.174022018230616,468.8905020567703,379.7112925189018,298.072543089374,90.60175300570069,120.36941994685326,353.2449914391702
2.110000000000001,318.6113442362966,283.38658124408954,112.58964082236676,57.9380586006087,469.47437509663837,380.43977798061286,297.24402687919024,90.60256614425649,120.06887308567742,353.644755910263
2.1200000000000014,318.8411413621479,283.1430310323384,112.2550748052986,57.7028817592352,470.05787104097993,381.16707084519237,296.416194249043,90.6032594587179,119.7691465651387,354.04432888190803
2.1300000000000017,319.070304698491,282.89900832051393,111.92120818943603,57.46848998388125,470.6409888076778,381.8931628966892,295.5890560721479,90.6038323940645,119.47023774004813,354.44371089705027
2.1400000000000015,319.29883397023747,282.65451578750765,111.58804115800199,57.234881760227914,471.223727324025,382.6180459721035,294.7626231610125,90.60428439490148,119.17214396872566,354.84290250325677
2.1500000000000012,319.52672890934946,282.4095561099962,111.25557388403097,57.00205556991424,471.8060855267092,383.34171196170826,293.9369062670844,90.60461490547883,118.87486261303056,355.241904252698
2.1600000000000015,319.75398925481613,282.16413196239694,110.92380653040443,56.770009890585904,472.3880623617966,384.0641528093594,293.11191608040895,90.60482336971016,118.57839103839262,355.6407167021288
2.1700000000000017,319.98061475263086,281.9182460168246,110.59273924988615,56.53874319594322,472.9696567847152,384.78536051280594,292.2876632292895,90.60490923119306,118.28272661384237,356.03934041286914
2.1800000000000015,320.2066051557677,281.67190094304607,110.26237218515763,56.308253955789716,473.5508677602388,385.5053271239924,291.4641582799537,90.6048719332276,117.98786671204263,356.43777595078365
2.1900000000000013,320.43196022415793,281.4250994084386,109.93270546885378,56.078540636079914,474.1316942624698,386.22404474935666,290.64141173622596,90.60471091883682,117.69380870931862,356.83602388626196
2.2000000000000015,320.65667972466645,281.17784407794517,109.60373922359894,55.849601698967604,474.7121352748219,386.94150555012163,289.81943403920485,90.6044256307861,117.40054998568938,357.23408479419805
2.2100000000000017,320.8807634310684,280.93013761403205,109.2754735620428,55.621435602853765,475.2921897900031,387.657701742583,288.99823556694537,90.60401551160334,117.1080879248986,357.6319592539697
2.2200000000000015,321.1042111240248,280.6819826766463,108.9479085868968,55.39404080243454,475.87185680999755,388.3726255983907,288.1778266341482,90.60348000359895,116.81641991444552,358.0296478494167
2.2300000000000013,321.3270225910596,280.43338192317316,108.62104439097025,55.16741574874888,476.45113534604815,389.0862694448263,287.3582174918518,90.60281854888596,116.52554334561604,358.4271511688199
2.2400000000000015,321.5491976265348,280.18433800839375,108.29488105720706,54.94155888922653,477.0300244186379,389.7986256650735,286.5394183271332,90.60203058940058,116.23545561351372,358.8244698048791
2.2500000000000018,321.7707360316268,279.9348535844435,107.96941865872253,54.71646866773543,477.6085230574717,390.50968669848277,285.7214392628132,90.60111556692237,115.94615411709091,359.2216043546908
2.2600000000000016,321.9916376143027,279.6849313007702,107.64465725884004,54.49214352462951,478.1866303014575,391.2194450408344,284.9042903571648,90.600072923095,115.65763625917995,359.6185554197258
2.2700000000000014,322.2119021892952,279.43457380409313,107.32059691112818,54.26858189679598,478.7643451986875,391.92789324459136,284.08798160363125,90.59890209944679,115.36989944652423,360.0153236058063
2.2800000000000016,322.43152957807894,279.1837837383614,106.9972376594379,54.045782217702765,479.34166680641897,392.63502391915006,283.2725229305463,90.5976025374117,115.08294108980934,360.41190952308267
2.290000000000002,322.65051960884585,278.9325637447139,106.67457953793995,53.82374291744588,479.9185941910544,393.34082973108355,282.4579242008623,90.59617367834996,114.79675860369466,360.8083137860095
2.3000000000000016,322.8688721164805,278.6809164614383,106.35262257116231,53.60246242279654,480.4951264281224,394.04530340438134,281.64419521188273,90.59461496356963,114.51134940684388,361.2045370133224
2.3100000000000014,323.0865869425358,278.428844523931,106.0313667740278,53.381939157248254,481.07126260225715,394.7484377206816,280.83134569500106,90.59292583434706,114.22671092195726,361.60057982801305
2.3200000000000016,323.3036639352085,278.1763505646569,105.71081215189187,53.16217154106383,481.647001807179,395.4502255194996,280.0193853154446,90.59110573194877,113.942840575802,361.99644285730506
2.330000000000002,323.5201029493135,277.92343721311045,105.39095870058064,52.94315799132232,482.22234314567305,396.1506596984498,279.2083236720248,90.58915409765252,113.65973579924427,362.39212673262864
2.3400000000000016,323.7359038462605,277.67010709577545,105.07180640642883,52.72489692196582,482.79728572956935,396.84973321346206,278.39817029689317,90.58707037276888,113.37739402728019,362.7876320895957
2.3500000000000014,323.9510664940276,277.41636283608653,104.75335524631812,52.50738674384605,483.37182867972166,397.5474390789943,277.5889346553016,90.58485399866291,113.09581269906725,363.1829595679739
2.3600000000000017,324.16559076713753,277.1622070543897,104.43560518771537,52.290625864771044,483.9459711259864,398.2437703682368,276.7806261453708,90.58250441677572,112.81498925795589,363.5781098116608
2.370000000000002,324.3794765466316,276.9076423679046,104.11855618871114,52.07461268955167,484.519712207201,398.9387202133121,275.97325409786333,90.58002106864657,112.53492115152063,363.97308346865736
2.3800000000000017,324.5927237200453,276.65267139068555,103.80220819805841,51.85934562004785,485.0930510711629,399.63228180547145,275.16682777596054,90.57740339593443,112.25560583159184,364.36788119104176
2.3900000000000015,324.8053321813829,276.39729673358363,103.48656115521115,51.644823055214985,485.66598687460737,400.3244483952814,274.3613563750496,90.57465084044037,111.97704075428682,364.7625036349418
2.4000000000000017,325.01730183109186,276.1415210042093,103.17161499036337,51.431043391149984,486.2385187831855,401.015213292811,273.55684902251016,90.57176284412952,111.69922338004154,365.1569514605078
2.410000000000002,325.22863257603774,275.88534680689486,102.85736962448797,51.2180050211374,486.81064597144206,401.70456986780397,272.75331477751547,90.56873884915346,111.42215117364188,365.5512253318852
2.4200000000000017,325.43932432947895,275.6287767426569,102.543824969376,51.00570633569526,487.3823676227929,402.3925115498573,271.9507626308292,90.56557829787225,111.14582160425543,365.9453259171858
2.4300000000000015,325.6493770110412,275.3718134091595,102.23098092767579,50.794145722620975,487.9536829295026,403.07903182858297,271.1492015046169,90.56228063287729,110.87023214546258,366.33925388846023
2.4400000000000017,325.85879054669135,275.1144594006783,101.91883739293229,50.58332156703686,488.52459109266124,403.76412425377265,270.34864025225676,90.5588452970137,110.59538027528814,366.7330099216687
2.450000000000002,326.0675648687128,274.8567173080631,101.60739424962678,50.37323225143594,489.0950913221614,404.44778243555083,269.54908765816106,90.55527173340286,110.32126347623296,367.12659469665226
2.4600000000000017,326.27569991567896,274.5985897187027,101.29665137321615,50.16387615572719,489.665182836675,405.130000044526,268.7505524376005,90.55155938546527,110.04787923530525,367.52000889710297
2.4700000000000015,326.4831956324283,274.3400792164884,100.98660863017277,49.955251657280975,490.2348648636295,405.8107708119347,267.95304323653494,90.54770769694333,109.77522504405215,367.9132532105349
2.4800000000000018,326.69005197003776,274.08118838177904,100.67726587802434,49.74735713097417,490.80413663918466,406.4900885297801,267.156568631451,90.54371611192443,109.50329839859108,368.30632832825336
2.490000000000002,326.8962688857974,273.8219197913655,100.36862296539364,49.54019094923535,491.3729974082081,407.16794705096584,266.3611371292041,90.53958407486358,109.23209679964141,368.69923494532503
2.5000000000000018,327.1018463431846,273.5622760184355,100.06067973203878,49.333751482089575,491.9414464242515,407.84434028942263,265.56675716686755,90.53531103060709,108.96161775255561,369.0919737605471
2.5100000000000016,327.30678431183776,273.30225963253963,99.75343600889308,49.12803709720343,492.5094829495261,408.51926222023116,264.7734371115865,90.53089642441512,108.6918587673511,369.48454547641614
2.520000000000002,327.51108276753024,273.0418731995563,99.44689161810545,48.92304615992945,493.0771062548786,409.19270687973744,263.981185260439,90.52633970198542,108.42281735874128,369.87695079909685
2.530000000000002,327.7147416921448,272.78111928165777,99.14104637308077,48.718777033350925,493.6443156197658,409.8646683656645,263.19000984030146,90.52164030947661,108.15449104616714,370.2691904383903
2.540000000000002,327.9177610736471,272.52000043727634,98.83590007852004,48.51522807832615,494.21111033223036,410.5351408372175,262.39991900772037,90.51679769353144,107.88687735382861,370.6612651077021
2.5500000000000016,328.1201409060597,272.2585192210708,98.53145253046122,48.312397653532855,494.7774896888754,411.20411851518264,261.6109208487911,90.51181130130047,107.61997381071605,371.05317552400976
2.560000000000002,328.32188118943566,271.99667818389327,98.22770351631956,48.110284115512194,495.3434529948393,411.87159568202173,260.82302337904116,90.50668058046571,107.35377795064119,371.44492240783023
2.570000000000002,328.5229819298325,271.7344798727558,97.92465281492846,47.908885818712974,495.90899956377024,412.53756668196104,260.03623454331887,90.50140497926407,107.08828731226907,371.83650648318695
2.580000000000002,328.723443139286,271.47192683079777,97.62230019658026,47.70820111553532,496.47412871780057,413.20202592107324,259.2505622156902,90.49598394651137,106.8234994391487,372.22792847757654
2.5900000000000016,328.92326483578364,271.20902159725375,97.32064542306685,47.50822835637463,497.03883978752117,413.86496786735586,258.4660141993383,90.49041693162606,106.55941187974476,372.61918912193505
2.600000000000002,329.12244704323797,270.9457667074209,97.01968824772095,47.30896588966496,497.6031321119552,414.52638705080136,257.68259822647275,90.48470338465302,106.2960221874685,373.01028915060436
2.610000000000002,329.32098979146116,270.682164692627,96.7194284154569,47.110412061922716,498.16700503853224,415.18627806346683,256.9003219582389,90.47884275628768,106.03332792070917,373.40122930129746
2.620000000000002,329.51889311613746,270.4182180801991,96.4198656628119,46.91256521778973,498.7304579230618,415.8446355595301,256.11919298464056,90.47283449789997,105.77132664286493,373.7920103150645
2.6300000000000017,329.71615705879725,270.15392939343224,96.12099971798705,46.715423700076634,499.29349012970687,416.501454255349,255.33921882446106,90.4666780615585,105.51001592237405,374.1826329362574
2.640000000000002,329.91278166679075,269.88930115155756,95.82283030088868,46.51898584980574,499.8561010309573,417.1567289295083,254.56040692519593,90.46037290005454,105.24939333274597,374.57309791249526
2.650000000000002,330.10876699326076,269.6243358697126,95.52535712316973,46.323250006254064,500.4182900076029,417.8104544228672,253.78276466298578,90.45391846692635,104.98945645259224,374.9634059946284
2.660000000000002,330.3041130971169,269.35903605890974,95.22857988827097,46.128214506995874,500.98005644870653,418.4626256385933,253.00629934256284,90.44731421648352,104.7302028656575,375.3535579367028
2.6700000000000017,330.49882004300815,269.09340422600667,94.93249829146264,45.93387768794548,501.54139975157705,419.1132375422012,252.231018197193,90.44055960383115,104.47163016085031,375.7435544959243
2.680000000000002,330.69288790129696,268.8274428736759,94.63711201988576,45.74023788339945,502.10231932174196,419.7622851615765,251.45692838863332,90.43365408489448,104.21373593227385,376.1333964326219
2.690000000000002,330.88631674803224,268.561154500375,94.34242075259401,45.5472934260791,502.66281457291973,420.40976358700016,250.68403700708848,90.426597116443,103.95651777925703,376.5230845102114
2.700000000000002,331.07910666492245,268.2945416003176,94.04842416059503,45.355042647172425,503.2228849269925,421.055667971165,249.91235107117683,90.41938815611528,103.69997330638476,376.91261949515814
2.7100000000000017,331.2712577393091,268.02760666344403,93.75512190689237,45.16348387637625,503.7825298139783,421.69999352918745,249.14187752789994,90.4120266624432,103.44410012352897,377.30200215694043
2.720000000000002,331.46277006414044,267.7603521753915,93.46251364652716,44.9726154419379,504.34174867200295,422.3427355386137,248.37262325261918,90.40451209487675,103.18889584587885,377.69123326801156
2.730000000000002,331.6536437379437,267.49278061746725,93.1705990266199,44.78243567069693,504.9005409472722,422.9838893394211,247.60459504903696,90.39684391380871,102.93435809397138,378.08031360376185
2.740000000000002,331.84387886479925,267.2248944666183,92.87937768641234,44.59294288812666,505.4589060940434,423.62345033401226,246.83779964918537,90.38902158059909,102.68048449372188,378.46924394248134
2.7500000000000018,332.0334755543131,266.9566961954046,92.58884925730936,44.40413541837544,506.0168435745975,424.2614139872077,246.07224371341712,90.38104455759998,102.42727267645424,378.85802506532104
2.760000000000002,332.22243392159044,266.6881882719706,92.29901336292109,44.21601158430794,506.5743528592099,424.89777582622895,245.3079338304056,90.37291230818032,102.17472027893103,379.24665775625414
2.7700000000000022,332.41075408720894,266.41937316001776,92.00986961910465,44.028569707546005,507.13143342612267,425.53253144067855,244.54487651714936,90.36462429675063,101.9228249433839,379.63514280203754
2.780000000000002,332.59843617719116,266.1502533187776,91.72141763400636,43.841808108509774,507.68808476151514,426.16567648251504,243.78307821898093,90.35617998878784,101.67158431754343,380.0234809921727
2.790000000000002,332.7854803229786,265.88083120298387,91.4336570081039,43.65572510645811,508.24430635947556,426.7972066660221,243.02254530958237,90.34757885086024,101.4209960546691,380.41167311886613
2.800000000000002,332.9718866614042,265.6111092628467,91.14658733424821,43.470319019529356,508.80009772197155,427.4271177677719,242.2632840910068,90.33882035065216,101.17105781357927,380.7997199769899
2.8100000000000023,333.15765533466555,265.34108994402555,90.86020819770587,43.28558816478152,509.3554583588215,428.0554056265853,241.5053007937034,90.32990395698911,100.92176725868075,381.18762236404143
2.820000000000002,333.3427864902983,265.0707756876029,90.57451917620116,43.101530858232735,509.9103877876649,428.68206614348327,240.7486015765518,90.32082913986244,100.67312205999872,381.5753810801038
2.830000000000002,333.5272802811487,264.80016893005865,90.28951983995843,42.91814541490096,510.4648855339333,429.30709528163806,239.99319252689614,90.31159537045454,100.42511989320602,381.96299692780525
2.840000000000002,333.71113686534693,264.52927210324424,90.00520975174422,42.7354301488442,511.0189511308205,429.9304890663146,239.23907966059062,90.30220212116375,100.1777584396527,382.3504707122783
2.8500000000000023,333.89435640628045,264.2580876343569,89.72158846690958,42.55338337319997,511.57258411925307,430.5522435848106,238.48626892204544,90.29264886562915,99.93103538639544,382.73780324111937
2.860000000000002,334.0769390725666,263.98661794591516,89.43865553343257,42.372003400224976,512.1257840478607,431.1723549863873,237.7347661842833,90.28293507875588,99.68494842622653,383.124995324347
2.870000000000002,334.25888503802565,263.7148654557333,89.15641049196034,42.19128854133436,512.6785504729464,431.790819482202,236.98457724899367,90.27306023673988,99.43949525770313,383.51204777436135
2.880000000000002,334.44019448165443,263.4428325768969,88.87485287585163,42.01123710714103,513.230882958456,432.4076333452258,236.23570784660302,90.26302381709311,99.19467358517615,383.8989614059019
2.8900000000000023,334.62086758759887,263.1705217177383,88.59398221121924,41.83184740749456,513.7827810759491,433.02279291016686,235.4881636363393,90.25282529866844,98.9504811188192,384.2857370360062
2.900000000000002,334.80090454512674,262.89793528181326,88.31379801697229,41.65311775152018,514.3342444045675,433.63629457338226,234.74195020630827,90.2424641616848,98.70691557465706,384.6723754839676
2.910000000000002,334.9803055486018,262.6250756678758,88.0342998048587,41.475046447657256,514.8852725310064,434.2481347927849,233.9970730735755,90.2319398877521,98.46397467459445,385.058877571293
2.920000000000002,335.15907079745557,262.35194526985566,87.75548707950766,41.29763180369807,515.435865049483,434.8583100877501,233.2535376842484,90.2212519598964,98.22165614644445,385.4452441216606
2.9300000000000024,335.3372004961616,262.0785464768343,87.47735933847207,41.120872126825844,515.9860215617063,435.4668170390108,232.51134941357034,90.21039986258484,97.97995772395667,385.83147596087736
2.940000000000002,335.5146948542072,261.8048816730221,87.19991607227105,40.9447657236532,516.5357416768463,436.0736522885557,231.77051356601254,90.19938308175078,97.73887714684544,386.21757391683553
2.950000000000002,335.69155408606775,261.5309532377359,86.92315676443226,40.76931090025986,517.0850250115042,436.678812539515,231.0310353753779,90.18820110481875,97.49841216081778,386.60353881947054
2.960000000000002,335.8677784111791,261.2567635453754,86.64708089153457,40.59450596223062,517.6338711896803,437.28229455604736,230.29292000490483,90.17685342072934,97.2585605176014,386.9893715007171
2.9700000000000024,336.0433680539106,260.9823149654018,86.37168792325046,40.42034921469295,518.1822798427442,437.884095163218,229.55617254737933,90.16533951996466,97.01931997497213,387.3750727944659
2.980000000000002,336.2183232435385,260.70760986231556,86.09697732238855,40.246838962354445,518.7302506094029,438.4842112468752,228.82079802525035,90.15365889457269,96.78068829678176,387.76064353652
2.990000000000002,336.39264421421905,260.4326505956341,85.82294854493604,40.07397350953998,519.2777831356708,439.0826397535197,228.08680139075122,90.14181103819288,96.54266325298495,388.14608456455124
3.000000000000002,336.5663312049613,260.1574395198707,85.54960104010121,39.901751160228905,519.8248770748379,439.6793776901718,227.35418752602462,90.12979544608059,96.3052426196669,388.5313967180561
3.0100000000000025,336.7393844596004,259.8819789845132,85.276934250356,39.730170218091956,520.3715320874385,440.27442212423176,226.62296124325425,90.11761161513239,96.06842417907019,388.9165808383114
3.0200000000000022,336.91180422677076,259.60627133400277,85.00494761147841,39.55922898652798,520.91774784122,440.86777018333726,225.89312728480033,90.10525904391068,95.83220571962165,389.3016377683301
3.030000000000002,337.08359075987914,259.33031890771326,84.73364055259509,39.38892576870035,521.4635240111122,441.45941905521516,225.1646903233399,90.09273723266895,95.59658503595887,389.6865683528171
3.0400000000000023,337.25474431707795,259.0541240399306,84.46301249622354,39.219258867573444,522.0088602791944,442.04936598753045,224.43765496201223,90.0800456833762,95.36155992895698,390.0713734381241
3.0500000000000025,337.42526516123826,258.77768905983237,84.19306285831506,39.05022658594886,522.5537563346654,442.6376082877286,223.71202573456935,90.067183899742,95.12712820575496,390.4560538722051
3.0600000000000023,337.5951535599227,258.50101629146843,83.92379104829669,38.881827226501294,523.0982118738109,443.22414332287497,222.98780710553103,90.05415138724132,94.89328767978147,390.8406105045712
3.070000000000002,337.7644097853599,258.22410805373994,83.65519646911407,38.714059091814406,523.6422265999718,443.8089685194909,222.2650034703429,90.04094765313913,94.66003617078117,391.2250441862459
3.0800000000000023,337.933034114416,257.9469666603809,83.38727851727359,38.54692048441642,524.1858002235131,444.39208136338306,221.5436191555421,90.02757220651525,94.42737150484018,391.60935576971946
3.0900000000000025,338.10102682856905,257.6695944199386,83.12003658288494,38.380409706815605,524.7289324617917,444.97347939946866,220.8236584189271,90.01402455828887,94.19529151441184,391.99354610890356
3.1000000000000023,338.26838821388225,257.3919936357543,82.85347004970353,38.214525061535475,525.2716230391245,445.5531602316003,220.10512544972838,90.00030422124335,93.96379403834193,392.37761605908605
3.110000000000002,338.4351185609768,257.1141666059445,82.58757829517276,38.049264851149914,525.8138716867561,446.1311215223817,219.38802436878862,89.98641071005062,93.73287692189402,392.761566476885
3.1200000000000023,338.6012181650055,256.83611562338257,82.3223606904664,37.88462737831797,526.3556781428275,446.7073609929826,218.67235922874434,89.9723435412958,93.50253801677415,393.1453982202031
3.1300000000000026,338.76668732562604,256.55784297568056,82.05781660053108,37.72061094581865,526.8970421523437,447.2818764229473,217.95813401421347,89.95810223350179,93.27277518115574,393.5291121481817
3.1400000000000023,338.93152634697424,256.27935094517085,81.79394538412839,37.5572138565853,527.4379634671412,447.85466565000155,217.2453526419861,89.94368630715343,93.0435862797041,393.9127091211548
3.150000000000002,339.09573553763806,256.0006418088882,81.53074639387725,37.394434413740086,527.9784418458564,448.4257265698539,216.5340189612203,89.92909528472201,92.8149691836008,394.29619000060296
3.1600000000000024,339.2593152106302,255.7217178385527,81.26821897629615,37.23227092062788,528.5184770538931,448.9950571359921,215.82413675364364,89.91432869068966,92.58692177056756,394.67955564910704
3.1700000000000026,339.4222656833618,255.44258130055235,81.00636247184546,37.0707216808505,529.0580688633898,449.5626553594797,215.11570973375456,89.89938605157343,92.3594419248904,395.062806930302
3.1800000000000024,339.5845872776167,255.16323445592528,80.74517621496952,36.90978499830015,529.5972170531884,450.12851930874257,214.40874154903491,89.88426689594954,92.13252753744301,395.44594470883
3.190000000000002,339.7462803195239,254.88367956034378,80.48465953413874,36.749459177193245,530.1359214088003,450.6926471093576,213.70323578015964,89.86897075447754,91.9061765057104,395.82896985029475
3.2000000000000024,339.9073451395315,254.6039188640973,80.22481175189195,36.58974252210351,530.6741817223757,451.2550369438337,212.99919594121587,89.85349715992419,91.68038673381194,396.2118832212143
3.2100000000000026,340.06778207238074,254.32395461207594,79.96563218487827,36.430633337995474,531.2119977926695,451.81568705139114,212.29662547992248,89.83784564718769,91.4551561325243,396.5946856889743
3.2200000000000024,340.2275914570789,254.0437890437547,79.70712014389932,36.2721299302571,531.74936942501,452.374595727735,211.5955277778575,89.82201575332132,91.2304826193043,396.9773781217819
3.230000000000002,340.3867736368737,253.76342439317713,79.44927493395107,36.114230604732924,532.2862964312651,452.93176132482904,210.89590615068448,89.80600701755732,91.0063641183113,397.3599613886178
3.2400000000000024,340.5453289592263,253.48286288894008,79.19209585426599,35.9569336677563,532.8227786298113,453.4871822506602,210.197763848389,89.78981898133071,90.7827985604293,397.7424363591908
3.2500000000000027,340.7032577757853,253.2021067541781,78.93558219835484,35.8002374261822,533.3588158454995,454.04085696900523,209.5011040555131,89.77345118830293,90.55978388328916,398.12480390388953
3.2600000000000025,340.8605604423609,252.9211582065481,78.67973325404857,35.644140187419055,533.8944079096234,454.59278399918924,208.8059298913988,89.75690318438524,90.33731803129021,398.5070648937365
3.2700000000000022,341.01723731889814,252.6400194582148,78.4245483035403,35.48864025946103,534.4295546598858,455.1429619158444,208.11224441043143,89.74017451776247,90.11539895562157,398.8892202003401
3.2800000000000025,341.17328876945095,252.35869271583545,78.17002662342692,35.333735950919746,534.9642559403669,455.6913893486634,207.42005060228814,89.72326473891626,89.89402461428364,399.27127069584856
3.2900000000000027,341.3287151621563,252.07718018054584,77.91616748475091,35.17942557105597,535.498511601491,456.23806498214816,206.729351392193,89.70617340064813,89.67319297210904,399.6532172529017
3.3000000000000025,341.4835168692077,251.79548404794576,77.6629701530421,35.025707429811,536.0323214999935,456.78298755535883,206.0401496411703,89.68890005810324,89.45290200078298,400.03506074458465
3.3100000000000023,341.6376942668294,251.51360650808516,77.41043388835921,34.87257983783795,536.5656854988882,457.3261558616568,205.35244814630602,89.671444268793,89.23314967886402,400.4168020443802
3.3200000000000025,341.7912477352507,251.23154974544988,77.15855794533147,34.72004110653277,537.0986034674352,457.8675687484449,204.66624964101095,89.65380559261826,89.01393399180417,400.7984420261217
3.3300000000000027,341.94417765867917,250.94931593894879,76.90734157320018,34.5680895480652,537.6310752811066,458.40722511690467,203.9815567952886,89.6359835918922,88.79525293196868,401.1799815639459
3.3400000000000025,342.0964844252759,250.6669072618997,76.65678401586023,34.41672347540931,538.1631008215548,458.9451239217311,203.29837221600462,89.61797783136315,88.57710449865574,401.5614215322454
3.3500000000000023,342.2481684271285,250.38432588201692,76.40688451190132,34.26594120237405,538.6946799765791,459.4812641708632,202.61669844716198,89.59978787823727,88.35948669811577,401.94276280562184
3.3600000000000025,342.39923006022633,250.1015739613978,76.15764229464958,34.11574104363349,539.2258126400927,460.0156449252126,201.93653797017768,89.5814133022011,88.1423975435705,402.3240062588381
3.3700000000000028,342.54966972443395,249.81865365651032,75.90905659220866,33.96612131475697,539.7564987120901,460.5482652983877,201.2578932041647,89.56285367544389,87.92583505523196,402.70515276677173
3.3800000000000026,342.69948782346586,249.53556711818058,75.6611266275011,33.817080332238845,540.2867380986136,461.07912445641654,200.58076650621572,89.54410857268039,87.70979726032053,403.0862032043668
3.3900000000000023,342.8486847648606,249.2523164915807,75.41385161830951,33.66861641352834,540.8165307117208,461.60822161746626,199.90516017169017,89.52517757117262,87.49428219308346,403.4671584465875
3.4000000000000026,342.9972609599555,248.96890391621636,75.16723077731753,33.52072787705892,541.3458764694517,462.1355560515594,199.2310764345053,89.50606025075217,87.27928789481285,403.84801936837033
3.410000000000003,343.14521682386066,248.6853315259156,74.92126331215103,33.37341304227768,541.8747752957951,462.66112708028606,198.55851746743156,89.48675619384218,87.0648124138631,404.22878684457714
3.4200000000000026,343.2925527754338,248.40160144881688,74.67594842541905,33.22667022967435,542.4032271206559,463.1849340765171,197.88748538238747,89.46726498547933,86.85085380566825,404.60946174994785
3.4300000000000024,343.43926923725473,248.11771580735777,74.4312853147546,33.08049776081032,542.9312318798226,463.70697646411,197.21798223074188,89.44758621333534,86.63741013275917,404.9900449590536
3.4400000000000026,343.58536663559966,247.83367671826383,74.18727317285574,32.93489395834722,543.4587895149335,464.2272537176175,196.55001000361455,89.4277194677388,86.42447946478009,405.3705373462491
3.450000000000003,343.7308454004164,247.5494862925377,73.94391118752606,32.789857146075605,543.9858999734442,464.7457653619866,195.8835706321858,89.40766434169649,86.21205987850526,405.7509397856258
3.4600000000000026,343.8757059652985,247.2651466354485,73.70119854171556,32.645385648943076,544.5125632085943,465.2625109722619,195.21866598800295,89.38742043091497,86.00014945785486,406.13125315096534
3.4700000000000024,344.01994876746056,246.980659846521,73.45913441356123,32.50147779308254,545.0387791793747,465.7774901732817,194.5552978832941,89.36698733382136,85.78874629391102,406.5114783156918
3.4800000000000026,344.1635742477126,246.69602801952564,73.21771797642752,32.35813190584016,545.5645478504941,466.29070263937655,193.89346807128024,89.34636465158486,85.57784848493318,406.8916161528252
3.490000000000003,344.3065828504349,246.41125324246852,72.97694839894699,32.215346315802904,546.0898691923467,466.8021480940565,193.23317824649794,89.32555198813755,85.3674541363734,407.2716675349346
3.5000000000000027,344.4489750235537,246.1263375975811,72.73682484506053,32.07311935282635,546.6147431809783,467.31182630970847,192.574430045114,89.304548950195,85.1575613608912,407.65163333409134
3.5100000000000025,344.5907512185151,245.84128316131103,72.49734647405765,31.931449348061804,547.1391697980545,467.8197371072796,191.91722504525276,89.28335514727705,84.94816827836819,408.0315144218224
3.5200000000000027,344.73191189026085,245.55609200431243,72.25851244061691,31.79033463398352,547.6631490308264,468.3258803559665,191.2615647673193,89.26197019172845,84.73927301592217,408.41131166906354
3.530000000000003,344.8724574972033,245.27076619143665,72.02032189484586,31.64977354441566,548.1866808720986,468.83025597289725,190.60745067432958,89.24039369873893,84.53087370792127,408.79102594611294
3.5400000000000027,345.0123885012004,244.98530778172344,71.78277398232127,31.509764414559065,548.7097653201959,469.33286392281457,189.9548841722397,89.21862528636356,84.32296849599753,409.17065812258465
3.5500000000000025,345.1517053675311,244.69971882839198,71.54586784412899,31.370305581017753,549.2324023789301,469.8337042177541,189.30386661028058,89.19666457554273,84.11555552906015,409.55020906736246
3.5600000000000027,345.2904085648708,244.41400137883207,71.30960261690389,31.231395381825322,549.754592057568,470.332776916724,188.65439928129223,89.17451119012215,83.90863296330828,409.9296796485533
3.570000000000003,345.4284985652659,244.12815747459632,71.07397743286971,31.093032156471075,550.276334370797,470.8300821253791,188.00648342206324,89.15216475687238,83.70219896224408,410.3090707334412
3.5800000000000027,345.56597584411037,243.84218915139118,70.83899141987878,30.95521424592607,550.7976293386936,471.32561999569464,187.3601202136707,89.12962490550865,83.49625169668462,410.6883831884414
3.5900000000000025,345.7028408801205,243.5560984390693,70.60464370145158,30.817939992668794,551.3184769866898,471.81939072563887,186.71531078182286,89.1068912687099,83.29078934477421,411.0676178790542
3.6000000000000028,345.8390941553104,243.26988736162198,70.37093339681638,30.6812077407108,551.8388773455404,472.3113945588431,186.07205619720355,89.08396348213844,83.08581009199571,411.44677566981915
3.610000000000003,345.9747361549683,242.98355793717087,70.13785962094863,30.545015835622046,552.3588304512901,472.8016317842687,185.43035747582073,89.06084118445875,82.88131213118206,411.82585742426977
3.6200000000000028,346.10976736763115,242.6971121779612,69.90542148461041,30.409362624556184,552.8783363452411,473.2901027358745,184.7902155793545,89.03752401735636,82.67729366252733,412.2048640048873
3.6300000000000026,346.24418828506094,242.41055209035454,69.6736180943896,30.274246456275396,553.3973950739195,473.7768077922811,184.15163141550923,89.01401162555678,82.47375289359715,412.5837962730557
3.640000000000003,346.37799940222123,242.12387967482087,69.44244855273907,30.139665681175355,553.9160066890435,474.2617473764343,183.51460583836607,88.9903036568439,82.27068803933913,412.96265508901655
3.650000000000003,346.5112012172516,241.837096925933,69.21191195801589,30.005618651309643,554.4341712474899,474.74492195526676,182.87913964873874,88.96639976207847,82.06809732209278,413.3414413118232
3.660000000000003,346.64379423144425,241.55020583235924,68.98200740452017,29.872103720414387,554.9518888112619,475.2263320393568,182.2452335945313,88.94229959521614,81.86597897159923,413.7201557992965
3.6700000000000026,346.77577894922047,241.26320837685705,68.75273398253402,29.73911924393225,555.4691594474563,475.7059781825878,181.61288837109657,88.91800281332569,81.66433122501043,414.09879940797947
3.680000000000003,346.90715587810587,240.97610653626674,68.52409077836029,29.6066635790366,555.9859832282305,476.18386098180446,180.98210462159753,88.89350907660675,81.4631523268981,414.4773729930932
3.690000000000003,347.0379255287071,240.68890228150565,68.29607687436135,29.47473508465524,556.5023602307707,476.65998107646965,180.3528829373694,88.8688180484075,81.26244052926225,414.8558774084912
3.700000000000003,347.16808841468776,240.401597577562,68.0686913489976,29.343332121494175,557.0182905372584,477.13433914831666,179.72522385828506,88.84392939524213,81.06219409153962,415.2343135066165
3.7100000000000026,347.29764505274494,240.11419438348938,67.84193327686602,29.212453052060837,557.5337742348388,477.606935921004,179.0991278731202,88.8188427868082,80.86241128061131,415.61268213845625
3.720000000000003,347.4265959625853,239.82669465240122,67.61580172873849,29.08209624068754,558.0488114155875,478.0777721597653,178.47459541992208,88.79355789600358,80.66309037081058,415.9909841534985
3.730000000000003,347.55494166690164,239.53910033146536,67.39029577160018,28.952260053554408,558.5634021764785,478.54684867106135,177.8516268863774,88.76807439894351,80.46422964392985,416.36922039968783
3.740000000000003,347.68268269134927,239.25141336189932,67.16541446868757,28.822942858712278,559.0775466193516,479.0141663022279,177.23022261018494,88.74239197497728,80.26582738922772,416.7473917233821
3.7500000000000027,347.80981956452285,238.96363567896483,66.94115687952677,28.694143026105344,559.5912448508802,479.4797259411251,176.6103828794261,88.71651030670476,80.06788190343526,417.12549896930875
3.760000000000003,347.9363528179327,238.67576921196334,66.71752205997122,28.565858927593666,560.1044969825391,479.9435285157828,175.99210793294046,88.69042907999274,79.87039149076227,417.50354298052173
3.770000000000003,348.0622829859818,238.38781588423143,66.49450906223971,28.438088936975404,560.6173031305716,480.4055749940493,175.37539796069828,88.66414798399084,79.6733544629032,417.88152459835834
3.780000000000003,348.1876106059423,238.0997776131367,66.27211693495417,28.310831430008957,561.1296634159579,480.86586638323325,174.7602531041803,88.63766671114794,79.47676913904219,418.25944466239633
3.7900000000000027,348.3123362179324,237.81165631007286,66.0503447231772,28.184084784434805,561.6415779643827,481.3244037297504,174.14667345675213,88.61098495722739,79.28063384585857,418.6373040104116
3.800000000000003,348.4364603648937,237.5234538804563,65.8291914684497,28.0578473799973,562.153046906203,481.7811881187648,173.53465906404585,88.58410242132275,79.08494691753137,419.0151034783352
3.810000000000003,348.55998359256756,237.2351722237222,65.6086562088282,27.93211759846607,562.664070376416,482.23622067383366,172.9242099243378,88.55701880587323,78.88970669574363,419.3928439002117
3.820000000000003,348.6829064494726,236.94681323332048,65.38873797892232,27.80689382365747,563.174648514627,482.6895025565465,172.31532598893153,88.52973381667861,78.69491152968654,419.77052610815684
3.8300000000000027,348.80522948688184,236.6583787967127,65.16943580993187,27.68217444145559,563.684781465018,483.1410349661674,171.70800716253936,88.50224716291432,78.50055977606299,420.14815093231596
3.840000000000003,348.92695325879987,236.36987079536834,64.95074872968391,27.557957839833332,564.1944693763145,483.5908191392752,171.1022533036656,88.47455855714591,78.30664979909095,420.5257192008224
3.850000000000003,349.04807832194,236.081291104762,64.73267576266984,27.43424240887305,564.7037124017551,484.0388563494027,170.498064224991,88.44666771534382,78.11317997050627,420.9032317397562
3.860000000000003,349.1686052357019,235.79264159437034,64.51521593008222,27.311026540787196,565.2125106990584,484.48514790667616,169.8954396937579,88.41857435689742,77.92014866956539,421.28068937310314
3.8700000000000028,349.28853456214875,235.50392412766897,64.29836824985146,27.188308629938664,565.7208644303921,484.92969515745295,169.2943794321565,88.39027820462921,77.72755428304748,421.6580929227139
3.880000000000003,349.40786686598534,235.21514056213022,64.0821317366825,27.066087072860956,566.228773762341,485.3724994839602,168.69488311771147,88.3617789848087,77.53539520525615,422.0354432082635
3.8900000000000032,349.52660271453504,234.92629274922038,63.86650540209136,26.94436026827828,566.736238865875,485.8135623039317,168.09695038367033,88.33307642716582,77.34366983802124,422.4127410472109
3.900000000000003,349.6447426777176,234.63738253439777,63.651488254441496,26.823126617125276,567.2432599163178,486.25288507024567,167.50058081939085,88.30417026490456,77.1523765906998,422.7899872547592
3.910000000000003,349.7622873280277,234.34841175710983,63.437079298980045,26.702384522566646,567.7498370933158,486.6904692705602,166.90577397073136,88.27506023471618,76.96151388017662,423.16718264381564
3.920000000000003,349.87923724051166,234.05938225079205,63.223277537874004,26.582132390016614,568.2559705808056,487.12631642695135,166.3125293404393,88.24574607679196,76.77108013086509,423.5443280249523
3.9300000000000033,349.995592992746,233.77029584286566,63.010081970246404,26.46236862715824,568.7616605669837,487.56042809554754,165.72084638854284,88.21622753483614,76.58107377470691,423.92142420636657
3.940000000000003,350.1113551648156,233.48115435473613,62.79749159221198,26.343091643962364,569.2669072442739,487.99280586616635,165.13072453274103,88.18650435607837,76.39149325117188,424.2984719938424
3.950000000000003,350.2265243392914,233.19195960179144,62.58550539691318,26.22429985270663,569.7717108092974,488.4234513619497,164.54216314879545,88.15657629128604,76.20233700725728,424.6754721907115
3.960000000000003,350.3411011012086,232.90271339340123,62.37412237455575,26.105991667994054,570.2760714628404,488.85236623899954,163.9551615709223,88.12644309477642,76.01360349748663,425.0524255978151
3.9700000000000033,350.45508603804535,232.61341753291515,62.16334151244428,25.988165506771615,570.7799894098237,489.27955218601255,163.36971909218477,88.09610452442836,75.82529118390859,425.42933301346574
3.980000000000003,350.56847973970036,232.32407381766237,61.953161795017714,25.870819788348573,571.283464859271,489.7050109239174,162.78583496488466,88.06556034169402,75.63739853609492,425.80619523340897
3.990000000000003,350.68128279847207,232.0346840389501,61.74358220388452,25.753952934414635,571.7864980242787,490.1287442055074,162.203508400957,88.03481031161026,75.44992403113864,426.1830130507867
4.0000000000000036,350.79349580903676,231.7452499820635,61.534601717857974,25.637563369057812,572.2890891219839,490.55075381507703,161.6227385723627,88.00385420280965,75.26286615365129,426.55978725609936
4.010000000000003,350.90511936842717,231.45577342626473,61.32621931299128,25.521649518782368,572.7912383735345,490.9710415680576,161.04352461148153,87.97269178753173,75.07622339576024,426.93651863716883
4.020000000000003,351.0161540760108,231.16625614479304,61.11843396261228,25.406209812526253,573.2929460040576,491.38960931065304,160.46586561150596,87.94132284163342,74.8899942571054,427.3132079791022
4.030000000000003,351.12660053346957,230.8766999048639,60.91124463735851,25.291242681678668,573.7942122426293,491.80645891947313,159.88976062683608,87.90974714459952,74.70417724483583,427.6898560642554
4.040000000000003,351.2364593447777,230.5871064676696,60.70465030521167,25.176746560097133,574.2950373222438,492.2215923011724,159.31520867347209,87.87796447955299,74.51877087360567,428.0664636721968
4.050000000000003,351.3457311161813,230.2974775883787,60.49864993153226,25.0627198841247,574.795421479783,492.635011392084,158.7422087294091,87.84597463326506,74.33377366556991,428.4430315796719
4.060000000000003,351.45441645617655,230.00781501613704,60.29324247909417,24.94916109260673,575.2953649559855,493.04671815785616,158.1707597350315,87.81377739616467,74.14918415037984,428.81956056056777
4.070000000000003,351.56251597549,229.71812049406714,60.08842690811859,24.836068626907657,575.7948679954167,493.4567145930904,157.6008605935056,87.78137256234838,73.96500086517794,429.1960513858777
4.080000000000004,351.6700302870564,229.42839575926962,59.88420217630851,24.72344093092737,576.2939308464381,493.8650027209763,157.03251017117472,87.74875992958933,73.78122235459259,429.5725048236671
4.090000000000003,351.776960005999,229.1386425428235,59.6805672388826,24.611276451117753,576.7925537611771,494.2715845929296,156.46570729795292,87.71593929934645,73.59784717073255,429.9489216390385
4.100000000000003,351.8833057496081,228.84886256978695,59.477521048609184,24.49957363649862,577.2907369954971,494.67646228823025,155.90045076771838,87.68291047677316,73.41487387318057,430.32530259409765
4.110000000000003,351.98906813732106,228.55905755919827,59.27506255583994,24.388330938673906,577.7884808089668,495.0796379136607,155.33673933870597,87.6496732707261,73.2323010289873,430.70164844792
4.120000000000003,352.0942477907013,228.26922922407735,59.0731907085436,24.277546811847287,578.2857854648305,495.4811136031433,154.77457173390232,87.61622749377318,73.05012721266445,431.0779599565168
4.1300000000000034,352.1988453334184,227.97937927142635,58.87190445233939,24.167219712837902,578.782651229978,495.8808915173814,154.21394664143676,87.58257296220195,72.86835100617749,431.4542378728024
4.140000000000003,352.30286139122694,227.6895094022319,58.67120273053054,24.057348101095847,579.2790783749148,496.27897384349694,153.65486271497576,87.54870949602717,72.6869709989386,431.83048294656146
4.150000000000003,352.40629659194775,227.3996213114654,58.47108448413737,23.9479304387173,579.7750671737322,496.6753627946735,153.09731857411296,87.51463691899855,72.5059857877985,432.20669592441647
4.160000000000004,352.50915156544573,227.10971668808614,58.27154865193048,23.838965190459792,580.2706179040779,497.0700606097941,152.54131280476355,87.48035505860814,72.32539397703844,432.5828775497958
4.1700000000000035,352.6114269436113,226.8197972150422,58.072594170463766,23.73045082375705,580.7657308471256,497.463069553086,151.98684395955328,87.44586374609716,72.14519417836183,432.9590285629017
4.180000000000003,352.7131233603401,226.5298645692726,57.87421997410717,23.622385808733696,581.2604062875465,497.8543919137605,151.43391055821144,87.41116281646322,71.96538501088516,433.3351497006797
4.190000000000003,352.8142414515126,226.23992042170937,57.67642499507943,23.5147686182199,581.7546445134786,498.24403000565906,150.88251108795853,87.37625210846666,71.78596510112895,433.7112416967868
4.200000000000003,352.9147818549746,225.9499664372801,57.47920816348067,23.407597727765836,582.2484458164988,498.6319861668939,150.3326440038995,87.34113146463692,71.6069330830083,434.0873052815613
4.2100000000000035,353.0147452105178,225.66000427490965,57.28256840732481,23.300871615655765,582.741810491592,499.01826275949554,149.78430772940993,87.30580073127885,71.42828759782284,434.4633411819928
4.220000000000003,353.1141321598593,225.3700355875236,57.086504652571946,23.194588762922244,583.2347388371229,499.4028621690569,149.23750065652635,87.27025975847843,71.2500272942466,434.83935012169167
4.230000000000003,353.2129433466232,225.0800620220496,56.89101582316034,23.088747653359924,583.727231154807,499.7857868043814,148.69222114633277,87.23450840010831,71.07215082831752,435.21533282086
4.240000000000004,353.31117941632004,224.7900852194214,56.696100841038636,22.98334677353934,584.2192877496806,500.16703909712794,148.14846752934977,87.19854651383329,70.89465686342659,435.5912899962624
4.2500000000000036,353.40884101632776,224.50010681458116,56.50175862619767,22.87838461282042,584.710908930073,500.54662150146214,147.60623810591895,87.16237396111548,70.71754407030642,435.967222361197
4.260000000000003,353.5059287958731,224.21012843648214,56.30798809670217,22.7738596633659,585.2020950075766,500.92453649370407,147.06553114658945,87.12599060721898,70.54081112701998,436.3431306254675
4.270000000000003,353.6024434060112,223.92015170809242,56.11478816872253,22.66977042015447,585.6928462970194,501.30078657197885,146.52634489250315,87.08939632121482,70.36445671894835,436.7190154953549
4.280000000000003,353.6983854996073,223.6301782463981,55.92215775656609,22.566115380993967,586.1831631164346,501.6753742558692,145.98867755577737,87.05259097598493,70.18847953877894,437.09487767358956
4.290000000000004,353.79375573131745,223.34020966240624,55.73009577270858,22.462893046534077,586.6730457870336,502.0483020860672,145.452527319889,87.01557444822653,70.01287828649255,437.4707178593247
4.300000000000003,353.88855475756935,223.05024756114906,55.53860112782543,22.36010192027921,587.162494633177,502.41957262402724,144.91789234005722,86.97834661845602,69.83765166935076,437.8465367481088
4.310000000000003,353.98278323654415,222.76029354168685,55.34767273082256,22.257740508600943,587.6515099823455,502.789188451624,144.3847707436216,86.94090737101227,69.66279840188263,438.2223350318595
4.320000000000004,354.07644182815676,222.47034919711234,55.15730948886758,22.15580732075045,588.1400921651128,503.1571521708046,143.85316063042626,86.90325659406057,69.48831720587097,438.5981133988376
4.330000000000004,354.16953119403763,222.18041611455462,54.967510307420454,22.054300868870726,588.6282415151165,503.52346640324834,143.32306007319647,86.86539417959509,69.31420681033902,438.9738725336211
4.340000000000003,354.2620519975145,221.89049587518235,54.778274090264034,21.953219668008668,589.1159583690304,503.88813379002505,142.79446711791678,86.82732002344216,69.1404659515358,439.3496131170802
4.350000000000003,354.3540049035932,221.60059005420882,54.589599739534776,21.852562236126868,589.6032430665363,504.25115699125433,142.267379784209,86.7890340252628,68.96709337292182,439.725335826352
4.360000000000003,354.44539057893957,221.31070022089588,54.40148615575295,21.752327094115444,590.0900959502961,504.61253868576745,141.74179606570698,86.75053608855511,68.7940878251541,440.1010413348164
4.370000000000004,354.53620969186096,221.0208279385581,54.21393223785294,21.652512765803603,590.5765173659244,504.97228157076796,141.21771393043244,86.71182612065626,68.62144806607144,440.4767303120719
4.3800000000000034,354.6264629122885,220.73097476456755,54.02693688321329,21.553117777971014,591.0625076619597,505.33038836149854,140.69513132116683,86.67290403274446,68.44917286067862,440.8524034239116
4.390000000000003,354.71615091175795,220.4411422503583,53.840498987686665,21.45414066035906,591.5480671898381,505.6868617909031,140.17404615582507,86.63376973984057,68.27726098113084,441.2280613323004
4.400000000000004,354.8052743633928,220.15133194143093,53.65461744562956,21.355579945681928,592.0331963038649,506.04170460929623,139.65445632782516,86.59442316080937,68.10571120671759,441.60370469535167
4.410000000000004,354.8938339418851,219.86154537735783,53.469291149932175,21.257434169637584,592.5178953611874,506.394919584029,139.13635970645876,86.5548642183608,67.93452232384644,441.97933416730496
4.4200000000000035,354.9818303234787,219.5717840917876,53.28451899204767,21.159701870918507,593.0021647217676,506.7465094991599,138.61975413725918,86.51509283905081,67.76369312602615,442.35495039850395
4.430000000000003,355.0692641859503,219.2820496124506,53.10029986202171,21.062381591222277,593.4860047483551,507.0964771551248,138.10463744236864,86.47510895328176,67.59322241384999,442.73055403537484
4.440000000000003,355.1561362085928,218.9923434611639,52.9166326485216,20.965471875262082,593.9694158064597,507.4448253684115,137.59100742090257,86.43491249530307,67.42310899497828,443.10614572040464
4.450000000000004,355.24244707219685,218.70266715383636,52.73351623886548,20.868971270777013,594.4523982643243,507.7915569712313,137.0788618493157,86.39450340321119,67.2533516841209,443.48172609212094
4.4600000000000035,355.3281974590337,218.41302220047444,52.55094951905116,20.77287832854218,594.9349524928986,508.1366748111963,136.5681984817636,86.35388161894944,67.08394930301945,443.8572957850712
4.470000000000003,355.4133880528376,218.12341010518725,52.368931373785,20.677191602378738,595.4170788658114,508.48018175099645,136.059015050464,86.31304708830766,66.91490068042926,444.2328554298026
4.480000000000004,355.49801953878864,217.83383236619252,52.18746068651055,20.581909649163695,595.8987777593446,508.82208066807874,135.55130926605642,86.27199976092164,66.74620465210056,444.60840565284263
4.490000000000004,355.58209260349514,217.54429047582207,52.00653633943704,20.487031028839613,596.3800495524061,509.1623744543269,135.04507881796093,86.23073959027215,66.57786006076024,444.9839470766798
4.5000000000000036,355.6656079349765,217.25478592052792,51.826157213567775,20.39255430442417,596.8608946265036,509.5010660157438,134.54032137473504,86.18926653368374,66.40986575609259,445.3594803197449
4.510000000000003,355.7485662226466,216.96532018088757,51.64632218872839,20.298478042019465,597.341313365718,509.83815827213647,134.0370345844271,86.14758055232357,66.24222059472,445.7350059963929
4.520000000000003,355.83096815729596,216.6758947316108,51.467030143594926,20.204800810821265,597.821306156677,510.1736541568009,133.53521607493164,86.10568161119971,66.0749234401835,446.11052471688424
4.530000000000004,355.91281443107556,216.38651104154522,51.28827995572171,20.11152118312819,598.3008733885293,510.50755661620894,133.03486345434055,86.06356967915906,65.90797316292296,446.4860370873685
4.540000000000004,355.99410573747934,216.09717057368292,51.11007050156929,20.018637734350484,598.780015452918,510.8398686096988,132.53597431129256,86.02124472888559,65.7413686402568,446.8615437098663
4.550000000000003,356.0748427713279,215.80787478516643,50.932400656531975,19.926149043018913,599.2587327439547,511.1705931091646,132.03854621532298,85.97870673689768,65.57510875636184,447.23704518225287
4.560000000000004,356.155026228752,215.5186251272951,50.75526929496533,19.834053690793326,599.7370256581943,511.4997330987502,131.54257671720927,85.93595568354569,65.40919240225243,447.61254209824244
4.570000000000004,356.23465680717516,215.22942304553212,50.57867529021375,19.742350262471177,600.2148945946078,511.82729157454276,131.0480633493171,85.89299155300908,65.24361847575967,447.9880350473714
4.580000000000004,356.31373520529786,214.94026997951082,50.40261751463744,19.651037345995817,600.6923399545581,512.1532715442702,130.55500362594267,85.84981433329324,65.07838588151017,448.36352461498365
4.590000000000003,356.3922621230813,214.65116736304088,50.22709483963961,19.560113532464776,601.1693621417734,512.4776760269986,130.06339504365485,85.8064240162263,64.91349353090463,448.7390113822156
4.600000000000003,356.47023826173034,214.36211662411617,50.05210613569342,19.469577416137696,601.6459615623224,512.8005080528325,129.57323508163486,85.76282059745532,64.7489403420962,449.1144959259811
4.610000000000004,356.5476643236777,214.07311918492087,49.87765027236874,19.37942759444428,602.1221386245884,513.1217706626179,129.08452120201318,85.71900407644274,64.58472523996836,449.48997881895775
4.620000000000004,356.62454101256793,213.78417646183678,49.70372611835886,19.28966266799213,602.5978937392443,513.4414669076442,128.59725085020742,85.67497445646228,64.42084715611291,449.8654606295732
4.6300000000000034,356.70086903324113,213.49528986545022,49.53033254150692,19.20028124057419,603.0732273192276,513.7595998493524,128.1114214552542,85.6307317445944,64.25730502880735,450.2409419219917
4.640000000000004,356.77664909171705,213.2064608005594,49.357468408832304,19.111281919176367,603.5481397797149,514.0761725590409,127.62703043014334,85.58627595172199,64.09409780299235,450.6164232561015
4.650000000000004,356.8518818951794,212.91769066618144,49.185132586556904,19.022663313984804,604.0226315380975,514.3911881175777,127.144075172146,85.54160709252565,63.93122443024859,450.99190518750197
4.660000000000004,356.9265681519595,212.62898085556031,49.01332394013112,18.93442403839303,604.496703013956,514.7046496151094,126.66255306314605,85.49672518547852,63.7686838687738,451.36738826749223
4.6700000000000035,357.0007085715214,212.34033275617332,48.8420413342598,18.846562709009103,604.9703546290364,515.0165601507774,126.18246146996319,85.45163025284114,63.60647508335903,451.74287304305915
4.680000000000003,357.0743038644455,212.05174774973943,48.67128363292812,18.759077945662433,605.4435868072246,515.3269228324322,125.70379774467999,85.40632232065587,63.44459704536546,452.1183600568665
4.690000000000004,357.14735474241337,211.76322721222658,48.5010496994271,18.671968371410575,605.9163999745224,515.6357407763529,125.22655922496192,85.3608014187414,63.283048732699996,452.4938498472437
4.700000000000004,357.21986191819246,211.47477251385965,48.33133839637918,18.58523261254593,606.3887945590228,515.9430171069646,124.75074323438106,85.31506758068647,63.12182912979159,452.8693429481763
4.7100000000000035,357.29182610562026,211.18638501912775,48.162148585763546,18.498869298602138,606.8607709908863,516.2487549565636,124.27634708273001,85.26912084384406,62.960937227566575,453.2448398892957
4.720000000000004,357.3632480195896,210.89806608679243,47.993479128941324,18.412877062360472,607.3323297023162,516.5529574650384,123.80336806634305,85.22296124932473,62.80037202342421,453.6203411958697
4.730000000000004,357.4341283760331,210.60981706989566,47.82532888668075,18.327254539856135,607.8034711275344,516.8556277795985,123.33180346840601,85.17658884199014,62.640132521211996,453.9958473887933
4.740000000000004,357.5044678919079,210.3216393157679,47.6576967191819,18.242000370384236,608.2741957027581,517.156769054501,122.8616505592714,85.13000367044609,62.48021773120054,454.371358984581
4.7500000000000036,357.57426728518124,210.03353416603593,47.490581486101654,18.1571131965058,608.7445038661754,517.4563844507818,122.3929065967669,85.08320578703542,62.32062667005846,454.7468764953574
4.760000000000003,357.643527274815,209.74550295663136,47.32398204657824,18.07259166405363,609.2143960579218,517.7544771359875,121.92556882650422,85.036195247831,62.16135836082674,455.1224004288506
4.770000000000004,357.71224858075135,209.45754701779862,47.157897259255705,17.988434422137907,609.6838727200565,518.0510502839111,121.45963448218376,84.98897211262761,62.002411832893436,455.49793128838405
4.780000000000004,357.78043192389714,209.16966767410383,46.99232598230841,17.904640123151847,610.1529342965388,518.3461070743277,120.9951007858997,84.94153644493481,61.84378612196757,455.87346957287014
4.790000000000004,357.84807802611033,208.8818662444426,46.827267073465016,17.821207422777025,610.621581233205,518.6396506927354,120.53196494843931,84.89388831196855,61.685480270053155,456.2490157768036
4.800000000000004,357.91518761018483,208.59414404204875,46.66271939003268,17.738134979988754,611.0898139777449,518.9316843300936,120.07022416958459,84.84602778464316,61.527493325423116,456.6245703902556
4.810000000000004,357.98176139983553,208.30650237450357,46.498681788920976,17.655421457061234,611.5576329796787,519.2222111825697,119.6098756384074,84.79795493756278,61.36982434259263,457.00013389886755
4.820000000000004,358.0478001196851,208.01894254374324,46.33515312666563,17.573065519572552,612.0250386903335,519.511234451282,119.15091653356538,84.74966984901296,61.212472382292766,457.37570678384685
4.830000000000004,358.1133044952486,207.7314658460685,46.172132259452134,17.49106583640962,612.4920315628211,519.7987573420496,118.69334402359391,84.70117260095154,61.0554365114435,457.7512895219614
4.840000000000003,358.1782752529195,207.4440735721534,46.00961804313934,17.40942107977298,612.9586120520148,520.0847830651413,118.23715526719666,84.65246327899993,60.89871580312666,458.12688258553544
4.850000000000004,358.24271311995597,207.15676700705353,45.84760933328262,17.32812992518143,613.4247806145264,520.3693148350283,117.78234741353354,84.60354197243333,60.74230933655919,458.5024864424457
4.860000000000004,358.3066188244663,206.86954743021593,45.68610498515727,17.247191051476538,613.890537708684,520.6523558701382,117.32891760250719,84.55440877417183,60.58621619706519,458.8781015561176
4.870000000000004,358.369993095395,206.58241611548735,45.525103853781445,17.166603140827135,614.355883794509,520.9339093926135,116.87686296504482,84.50506378077023,60.43043547604899,459.25372838552244
4.880000000000004,358.43283666250926,206.29537433112347,45.36460479393912,17.08636487873346,614.8208193336947,521.2139786280686,116.42618062338131,84.45550709240838,60.27496627096705,459.6293673851747
4.890000000000004,358.4951502563844,206.0084233397987,45.204606660202884,17.00647495403149,615.2853447895825,521.4925668053514,115.97686769133786,84.40573881288111,60.11980768530032,460.00501900512927
4.900000000000004,358.5569346083912,205.72156439861445,45.04510830695652,16.926932058896796,615.749460627141,521.7696771563096,115.52892127459623,84.3557590495877,59.964958828526186,460.3806836909802
4.910000000000004,358.6181904506813,205.43479875910901,44.88610858841753,16.8477348888486,616.2131673129435,522.0453129155533,115.08233847097596,84.30556791352146,59.81041881609032,460.75636188385903
4.9200000000000035,358.67891851617395,205.14812766726712,44.727606358659486,16.768882142753508,616.676465315146,522.319477320224,114.63711637070527,84.25516551925922,59.656186769378166,461.13205402043326
4.930000000000004,358.73911953854264,204.8615523635287,44.56960047163425,16.690372522829165,617.1393551034653,522.592173609767,114.19325205668953,84.20455198494999,59.50226181568683,461.5077605329067
4.940000000000004,358.7987942522017,204.57507408279912,44.412089781194055,16.612204734647865,617.6018371491573,522.8634050257019,113.75074260477987,84.15372743230431,59.34864308819599,461.88348184901787
4.950000000000004,358.8579433922927,204.28869405445818,44.25507314111336,16.534377487139963,618.0639119249958,523.133174811399,113.30958508403735,84.10269198658243,59.19532972593965,462.25921839204153
4.960000000000004,358.9165676946718,204.00241350236993,44.09854940511069,16.456889492597142,618.5255799052504,523.4014862118562,112.86977655699539,84.05144577658335,59.04232087377659,462.63497058078843
4.970000000000004,358.9746678958959,203.71623364489264,43.94251742687032,16.379739466675737,618.9868415656654,523.6683424734794,112.43131407991996,83.99998893463255,58.889615682362006,463.0107388296061
4.980000000000004,359.03224473321,203.430155694888,43.78697606006372,16.302926128399672,619.4476973834386,523.9337468438639,111.99419470306673,83.9483215965707,58.737213308117646,463.38652354838104
4.990000000000004,359.08929894453433,203.14418085973136,43.63192415837092,16.226448200163507,619.9081478371999,524.1977025715787,111.55841547093773,83.896443901741,58.58511291320296,463.7623251425396
5.0000000000000036,359.1458312684507,202.8583103413217,43.47736057550177,16.15030440773534,620.3681934069905,524.4602129059542,111.1239734225323,83.8443559929773,58.433313665485464,464.13814401305075
5.010000000000004,359.2018424441911,202.57254533609085,43.323284165216954,16.074493480259424,620.8278345742417,524.7212810968705,110.69086559159857,83.79205801659153,58.281814738511144,464.51398055642824
5.020000000000004,359.257333211623,202.28688703501462,43.16969378134908,15.99901415025891,621.2870718217544,524.9809103945491,110.25908900688147,83.73955012236098,58.13061531147484,464.88983516473354
5.030000000000004,359.3123043112388,202.00133662362165,43.01658827782334,15.92386515363827,621.7459056336779,525.2391040493468,109.82864069236776,83.68683246351566,57.979714569190264,465.2657082255795
5.0400000000000045,359.36675648414155,201.71589528200428,42.8639665086782,15.849045229685792,622.2043364954902,525.4958653115513,109.39951766752971,83.63390519672518,57.829111702060324,465.64160012213364
5.050000000000004,359.4206904720336,201.43056418482848,42.71182732808604,15.774553121075778,622.6623648939761,525.75119743118,108.97171694756511,83.58076848208553,57.67880590604681,466.01751123312255
5.060000000000004,359.4741070172032,201.1453445013444,42.560169590373405,15.7003875738708,623.1199913172081,526.0051036577815,108.54523554363614,83.52742248310585,57.528796382640465,466.393441932836
5.070000000000004,359.5270068625135,200.86023739539567,42.40899215004131,15.626547337523727,623.5772162545259,526.257587240238,108.12007046310418,83.4738673666949,57.37908233883047,466.76939259113243
5.080000000000004,359.57939075138864,200.575244025431,42.25829386178539,15.553031164879688,624.0340401965153,526.5086514265703,107.69621870976478,83.42010330314723,57.22966298707447,467.14536357344326
5.090000000000004,359.63125942780295,200.29036554451372,42.10807358051582,15.47983781217796,624.4904636349895,526.7582994637471,107.2736772840764,83.36613046612959,57.08053754526759,467.52135524077926
5.100000000000004,359.6826136362684,200.00560310033242,41.9583301613772,15.40696603905372,624.9464870629682,527.0065345974942,106.85244318339045,83.3119490326665,56.93170523671254,467.8973679497363
5.110000000000004,359.73345412182215,199.7209578352116,41.809062459768185,15.334414608539605,625.4021109746584,527.253360072108,106.43251340217594,83.25755918312647,56.783165290088334,468.27340205250135
5.1200000000000045,359.78378163001554,199.43643088612183,41.660269331361114,15.262182287067374,625.8573358654342,527.4987791302691,106.01388493224366,83.20296110120736,56.634916939420016,468.6494578968598
5.130000000000004,359.83359690690145,199.15202338469072,41.51194963212143,15.190267844469222,626.3121622318172,527.7427950128608,105.59655476296729,83.1481549739221,56.48695942404762,469.02553582620214
5.140000000000004,359.88290069902246,198.86773645721365,41.36410221832694,15.118670053979201,626.7665905714578,527.9854109587885,105.18051988150097,83.09314099158367,56.339291988595456,469.40163617953135
5.150000000000004,359.9316937534001,198.58357122466376,41.21672594658701,15.047387692234361,627.2206213831148,528.226630204802,104.76577727299555,83.03791934779076,56.19191388294084,469.77775929147094
5.160000000000004,359.97997681752236,198.29952880270335,41.06981967386149,14.976419539275936,627.6742551666368,528.4664559853185,104.35232392081286,82.98249023941226,56.04482436218353,470.1539054922729
5.170000000000004,360.02775063933234,198.01561030169455,40.923382257479695,14.905764378550334,628.1274924229431,528.7048915322514,103.94015680673546,82.92685386657256,55.8980226866142,470.53007510782635
5.180000000000004,360.07501596721715,197.73181682670983,40.777412555159145,14.835420996910084,628.5803336540038,528.9419400748383,103.52927291117604,82.87101043263601,55.75150812168349,470.90626845966625
5.190000000000004,360.1217735499959,197.4481494775433,40.63190942502416,14.76538818461459,629.032779362822,529.1776048394718,103.1196692133831,82.8149601441916,55.605279937970735,471.28248586498285
5.200000000000005,360.1680241369091,197.16460934872123,40.48687172562428,14.695664735330915,629.4848300534145,529.4118890495342,102.71134269164473,82.75870321103748,55.45933741115251,471.658727636631
5.210000000000004,360.21376847760695,196.88119752951323,40.342298315952675,14.626249446134382,629.9364862307928,529.6447959252345,102.30429032348881,82.70223984616493,55.31367982197166,472.0349940831402
5.220000000000004,360.25900732213825,196.59791510394348,40.198188055464364,14.557141117509072,630.3877484009448,529.8763286834438,101.89850908588306,82.64557026574286,55.16830645620552,472.4112855087247
5.230000000000004,360.3037414209396,196.31476315080107,40.05453980409424,14.488338553348296,630.8386170708168,530.1064905375404,101.49399595542924,82.58869468910167,55.02321660463468,472.787602213294
5.240000000000004,360.3479715248244,196.0317427436518,39.91135242227502,14.419840560954853,631.2890927482939,530.335284697249,101.09074790855816,82.53161333871702,54.87840956301148,473.16394449246434
5.250000000000004,360.39169838497116,195.74885495084922,39.768624770955086,14.351645951041336,631.7391759421831,530.5627143684883,100.68876192172033,82.4743264401939,54.73388463202834,473.5403126375691
5.260000000000004,360.43492275291413,195.46610083554512,39.62635571161617,14.283753537730233,632.1888671621944,530.7887827532185,100.28803497157429,82.41683422224978,54.58964111728649,473.91670693567096
5.270000000000004,360.4776453805309,195.1834814557019,39.48454410629084,14.216162138553962,632.6381669189225,531.0134930492917,99.88856403517235,82.35913691669859,54.445678329263984,474.29312766957344
5.280000000000005,360.519867020033,194.90099786410266,39.343188817579914,14.148870574454833,633.0870757238296,531.2368484503027,99.49034609014603,82.30123475843362,54.301995583284416,474.66957511783335
5.2900000000000045,360.56158842395456,194.61865110836328,39.20228870866989,14.081877669784914,633.5355940892273,531.4588521454459,99.09337811488473,82.24312798541128,54.15859219948498,475.0460495547731
5.300000000000004,360.602810345142,194.33644223094362,39.06184264334986,14.01518225230575,633.9837225282588,531.6795073193714,98.69765708871607,82.18481683863367,54.015467502784986,475.4225512504939
5.310000000000004,360.6435335367438,194.0543722691584,38.92184948602869,13.948783153188122,634.431461554881,531.8988171520436,98.30317999208174,82.12630156213194,53.872620822854216,475.79908047088844
5.320000000000004,360.68375875219965,193.77244225518913,38.782308101751866,13.882679207011524,634.8788116838477,532.1167848186049,97.90994380671053,82.06758240294924,53.73005149408079,476.17563747765456
5.3300000000000045,360.72348674523033,193.49065321609567,38.64321735621822,13.816869251763737,635.325773430692,532.333413489237,97.5179455157906,82.00865961112308,53.587758855540024,476.5522225283093
5.340000000000004,360.762718269828,193.20900617382677,38.504576115796645,13.751352128840205,635.7723473117084,532.5487063290298,97.12718210413729,81.94953343966853,53.445742250962184,476.92883587620224
5.350000000000004,360.8014540802448,192.92750214523295,38.3663832475425,13.686126683043325,636.2185338439364,532.7626664978472,96.73765055836068,81.89020414456043,53.30400102870099,477.3054777705307
5.360000000000005,360.839694930984,192.64614214207703,38.22863761921403,13.621191762581704,636.6643335451432,532.9752971502007,96.34934786702794,81.83067198471599,53.16253454170177,477.6821484563536
5.3700000000000045,360.8774415767897,192.36492717104585,38.09133809928855,13.55654621906931,637.1097469338066,533.1866014351206,95.96227102082547,81.77093722197702,53.02134214746986,478.0588481746071
5.380000000000004,360.9146947726361,192.0838582337624,37.954483556978666,13.492188907524493,637.5547745290983,533.3965824960308,95.57641701271874,81.71100012109241,52.88042320803865,478.4355771621194
5.390000000000004,360.9514552737187,191.80293632679695,37.81807286224811,13.428118686368938,637.9994168508673,533.6052434706285,95.19178283810727,81.65086094970015,52.73977708993784,478.8123356516263
5.400000000000004,360.9877238354438,191.52216244167883,37.68210488582778,13.364334417426623,638.443674419623,533.8125874907624,94.80836549497934,81.59051997830946,52.59940316416188,479.1891238717869
5.410000000000005,361.023501213419,191.2415375649083,37.546578499231316,13.300834965922553,638.8875477565189,534.018617682315,94.42616198406404,81.52997748028262,52.45930080613816,479.56594204720017
5.420000000000004,361.0587881634436,190.9610626779684,37.411492574770726,13.23761920048148,639.3310373833358,534.2233371650867,94.04516930898046,81.46923373181718,52.319469395695194,479.9427903984205
5.430000000000004,361.09358544149904,190.68073875733614,37.27684598557197,13.174685993126584,639.7741438224663,534.4267490526827,93.6653844763838,81.40828901192741,52.17990831703117,480.31966914197494
5.440000000000005,361.12789380373914,190.40056677449502,37.14263760559015,13.11203421927794,640.2168675968977,534.6288564524018,93.28680449611038,81.34714360242631,52.04061695868193,480.69657849037964
5.450000000000005,361.161714006481,190.12054769594627,37.008866309624906,13.049662757751104,640.6592092301967,534.8296624651265,92.90942638131935,81.28579778790711,51.90159471348979,481.07351865215725
5.460000000000004,361.1950468061954,189.8406824832212,36.875530973335366,12.987570490755381,641.1011692464926,535.0291701852168,92.5332471486327,81.2242518557249,51.76284097857148,481.4504898318541
5.470000000000004,361.2278929594975,189.56097209289277,36.742630473255204,12.925756303892204,641.5427481704623,535.2273827004043,92.15826381827266,81.1625060959782,51.6243551552868,481.827492230058
5.480000000000004,361.26025322313785,189.2814174765875,36.61016368680747,12.864219086153378,641.9839465273138,535.424303091692,91.78447341419492,81.1005608014901,51.48613664920709,482.2045260434159
5.490000000000005,361.29212835399295,189.00201958099754,36.4781294923193,12.80295772991917,642.424764842771,535.6199344332509,91.41187296422325,81.03841626779004,51.348184870083564,482.5815914646522
5.500000000000004,361.32351910905624,188.72277934789284,36.3465267690366,12.741971130956426,642.865203643058,535.8142797923238,91.04045950017851,80.97607279309476,51.21049923181607,482.95868868258685
5.510000000000004,361.35442624542924,188.44369771413247,36.215354397138405,12.681258188416592,643.3052634548833,536.007342229128,90.67023005800648,80.9135306782897,51.073079152421485,483.3358178821544
5.520000000000005,361.3848505203124,188.16477561167738,36.084611257751305,12.620817804833532,643.7449448054255,536.1991247967624,90.30118167790299,80.85079022691018,50.93592405400225,483.7129792444222
5.530000000000005,361.41479269099636,187.886013967602,35.95429623296369,12.560648886121538,644.1842482223165,536.3896305411142,89.93331140443803,80.78785174512242,50.799033362715456,484.09017294660987
5.5400000000000045,361.4442535148533,187.60741370410628,35.82440820583983,12.500750341572918,644.6231742336277,536.5788625007715,89.5666162866743,80.72471554170464,50.66240650874105,484.4673991621085
5.550000000000004,361.47323374932745,187.3289757385283,35.69494606043388,12.441121083855823,645.0617233678545,536.7668237069319,89.20109337828879,80.66138192802813,50.52604292625106,484.84465806050014
5.560000000000004,361.50173415192734,187.05070098335577,35.565908681803776,12.381760029011833,645.4998961539013,536.9535171833203,88.83673973768602,80.59785121803817,50.38994205337812,485.2219498075774
5.570000000000005,361.52975548021686,186.77259034623816,35.437294956024914,12.32266609645347,645.9376931210666,537.1389459461044,88.47355242811287,80.53412372823485,50.25410333218459,485.59927456536326
5.5800000000000045,361.5572984918064,186.4946447299996,35.30910377020391,12.263838208961722,646.3751147990283,537.3231130038121,88.1115285177709,80.47019977765424,50.1185262086313,485.9766324921315
5.590000000000004,361.5843639443451,186.21686503265002,35.181334012491924,12.205275292683448,646.8121617178296,537.5060213572534,87.750665079924,80.40607968784872,49.983210132546986,486.3540237424268
5.600000000000005,361.6109525955113,185.93925214739826,35.05398457209824,12.146976277128639,647.2488344078636,537.6876739994426,87.3909591930067,80.34176378286841,49.84815455759677,486.73144846708556
5.610000000000005,361.63706520300536,185.6618069626638,34.92705433930344,12.088940095167812,647.6851333998595,537.8680739155232,87.03240794072778,80.27725238924141,49.71335894125201,487.1089068132557
5.6200000000000045,361.66270252454103,185.38453036208875,34.80054220547255,12.031165683029078,648.1210592248686,538.0472240826942,86.67500841217316,80.21254583595471,49.57882274475911,487.4863989244188
5.630000000000004,361.6878653178368,185.10742322455084,34.67444706306809,11.973651980295347,648.5566124142489,538.2251274701387,86.31875770190692,80.14764445443504,49.444545433109035,487.8639249404104
5.640000000000004,361.7125543406082,184.83048642417518,34.54876780566307,11.916397929901349,648.9917934996522,538.4017870389548,85.96365291006792,80.08254857852927,49.310526475006704,488.2414849974413
5.650000000000005,361.7367703505598,184.55372083034638,34.42350332795365,11.859402478130637,649.4266030130095,538.5772057420895,85.60969114246544,80.01725854448539,49.17676534284032,488.61907922811935
5.660000000000005,361.7605141053768,184.27712730772154,34.29865252577195,11.802664574612518,649.8610414865173,538.751386524271,85.2568695106743,79.95177469093275,49.0432615126514,488.9967077614706
5.670000000000004,361.78378636271736,184.00070671624192,34.174214296098555,11.746183172318919,650.2951094526233,538.9243323219459,84.90518513212554,79.88609735886317,48.910014464103924,489.3743707229614
5.680000000000005,361.80658788020463,183.7244599111455,34.05018753707497,11.689957227561111,650.7288074440138,539.0960460632201,84.55463513019413,79.82022689161104,48.77702368045441,489.7520682345203
5.690000000000005,361.82891941541914,183.4483877429794,33.92657114801598,11.63398569998653,651.1621359935989,539.2665306677958,84.20521663428822,79.75416363483438,48.64428864852173,490.1298004145599
5.700000000000005,361.8507817258909,183.17249105761206,33.80336402942191,11.578267552575392,651.5950956344998,539.435789046916,83.85692677993246,79.68790793649501,48.511808858657076,490.50756737799946
5.710000000000004,361.87217556909127,182.89677069624608,33.680565082990604,11.52280175163727,652.0276869000348,539.6038241033083,83.50976270885138,79.62146014683945,48.37958380471395,490.8853692362869
5.720000000000004,361.89310170242607,182.62122749543008,33.55817321162957,11.467587266807682,652.4599103237066,539.7706387311305,83.16372156905003,79.5548206183794,48.2476129840184,491.2632060974217
5.730000000000005,361.91356088322783,182.34586228707116,33.436187319467756,11.412623071044525,652.8917664391888,539.9362358159203,82.81880051489115,79.48798970587214,48.11589589733923,491.6410780659772
5.740000000000005,361.9335538687479,182.07067589844777,33.314606311867415,11.357908140624522,653.3232557803124,540.1006182345423,82.47499670717407,79.42096776630144,47.98443204885853,492.0189852431237
5.750000000000004,361.9530814161493,181.79566915222185,33.19342909543566,11.303441455139508,653.7543788810536,540.2637888551424,82.13230731320641,79.35375515885805,47.853220946141796,492.39692772665137
5.760000000000005,361.9721442824996,181.52084286645106,33.072654578036044,11.249221997492803,654.1851362755206,540.4257505371,81.79072950687772,79.28635224492007,47.72226210010901,492.7749056109931
5.770000000000005,361.9907432247628,181.24619785460177,32.95228166880008,11.195248753895408,654.6155284979399,540.5865061309845,81.45026046872879,79.21875938803382,47.59155502500505,493.15291898724786
5.780000000000005,362.0088789997932,180.97173492556104,32.83230927813842,11.141520713862125,655.0455560826452,540.74605847851,81.11089738602095,79.15097695389443,47.46109923837047,493.5309679432042
5.7900000000000045,362.02655236432696,180.69745488364947,32.71273631775214,11.088036870207763,655.4752195640637,540.9044104124971,80.77263745280081,79.08300531032639,47.330894261012645,493.9090525633631
5.800000000000004,362.04376407497637,180.42335852863326,32.59356170064385,11.034796219043136,655.9045194767034,541.0615647568325,80.43547786996446,79.01484482726434,47.20093961697676,494.28717292896204
5.810000000000005,362.0605148882213,180.14944665573728,32.47478434112866,10.981797759771045,656.3334563551417,541.2175243264303,80.09941584532069,78.94649587673364,47.07123483351692,494.66532911799845
5.820000000000005,362.07680556040356,179.87572005565696,32.35640315484509,10.929040495082296,656.7620307340121,541.372291927199,79.76444859364895,78.87795883283124,46.941779441067574,495.0435212052532
5.8300000000000045,362.09263684771867,179.60217951457165,32.238417058765855,10.87652343095148,657.1902431479923,541.5258703560039,79.43057333676006,78.80923407170629,46.8125729732149,495.4217492623149
5.840000000000005,362.1080095062101,179.3288258141561,32.12082497120836,10.82424557663291,657.6180941317925,541.678262400638,79.09778730354932,78.7403219715409,46.68361496666844,495.8000133576033
5.850000000000005,362.12292429176193,179.05565973159375,32.003625811845566,10.772205944656296,658.0455842201425,541.8294708397896,78.76608773005299,78.67122291253116,46.5549049612327,496.1783135563935
5.860000000000005,362.1373819600918,178.7826820395892,31.88681850171621,10.72040355082254,658.4727139477802,541.9794984430132,78.43547185949959,78.60193727686797,46.42644249977899,496.5566499208403
5.8700000000000045,362.15138326674463,178.5098935063804,31.770401963235212,10.668837414199384,658.8994838494403,542.1283479707032,78.10593694235983,78.53246544871755,46.298227128217654,496.9350225100017
5.880000000000004,362.164928967086,178.23729489575155,31.654375120203863,10.617506557116977,659.3258944598416,542.2760221740674,77.77748023639587,78.46280781420286,46.170258395469794,497.313431379864
5.890000000000005,362.17801981629503,177.96488696704563,31.53873689782006,10.566410005163505,659.7519463136758,542.4225237951038,77.45009900670698,78.39296476138445,46.042535853439716,497.6918765833651
5.900000000000005,362.1906565693587,177.6926704751766,31.423486222688258,10.515546787180684,660.1776399455957,542.5678555665768,77.12379052577471,78.32293668024127,45.91505905698752,498.07035817041964
5.910000000000005,362.2028399810644,177.4206461706427,31.308622022829432,10.464915935259171,660.6029758902043,542.712020211998,76.7985520735056,78.25272396265214,45.78782756390119,498.44887618794303
5.920000000000005,362.21457080599413,177.14881479953834,31.194143227690823,10.414516484734008,661.0279546820426,542.855020445606,76.47438093727186,78.18232700237652,45.66084093486962,498.827430679876
5.930000000000005,362.2258497985182,176.87717710356696,31.080048768155738,10.364347474180004,661.4525768555791,542.9968589723495,76.1512744119501,78.11174619503609,45.534098733455345,499.20602168720893
5.940000000000005,362.23667771278826,176.6057338200538,30.966337576553094,10.314407945406996,661.8768429451978,543.13753848787,75.82922979996027,78.04098193809557,45.40760052606749,499.58464924800677
5.950000000000005,362.24705530273195,176.33448568195803,30.853008586666945,10.264696943455142,662.3007534851879,543.2770616784878,75.5082444112993,77.97003463084447,45.281345881935046,499.96331339743335
5.960000000000004,362.2569833220457,176.06343341788607,30.740060733745906,10.21521351659009,662.7243090097322,543.41543122119,75.18831556357571,77.8989046743783,45.15533437307973,500.3420141677762
5.970000000000005,362.2664625241899,175.79257775210326,30.62749295451238,10.165956716298197,663.1475100528963,543.5526497836175,74.8694405820416,77.8275924715799,45.02956557429006,500.7207515884709
5.980000000000005,362.2754936623812,175.52191940454725,30.515304187171914,10.116925597281607,663.570357148618,543.688720024056,74.5516167996224,77.75609842710134,44.90403906309433,501.09952568612596
5.990000000000005,362.2840774895879,175.2514590908404,30.403493371422122,10.06811921745334,663.9928508306963,543.8236445914258,74.23484155694659,77.68442294734503,44.77875441973484,501.4783364845477
6.000000000000005,362.2922147585231,174.9811975223022,30.292059448461746,10.019536637932275,664.4149916327807,543.9574261252773,73.91911220237085,77.61256644044587,44.653711227141414,501.8571840047646
6.010000000000005,362.2999062216391,174.71113540596198,30.181001360999627,9.971176923038193,664.8367800883611,544.0900672557829,73.60442609200639,77.54052931625284,44.528909070905684,502.2360682650522
6.020000000000005,362.30715263112165,174.44127344457158,30.07031805326339,9.92303914028666,665.2582167307567,544.2215706037342,73.29078058974176,77.46831198631071,44.40434753925533,502.61498928095796
6.030000000000005,362.313954738884,174.17161233661795,29.960008471008194,9.875122360383937,665.679302093106,544.3519387805381,72.97817306726552,77.3959148638421,44.28002622302839,502.9939470653258
6.0400000000000045,362.32031329656064,173.90215277633584,29.85007156152539,9.827425657221795,666.1000367083564,544.4811743882166,72.66660090408497,77.32333836372959,44.15594471564774,503.37294162832114
6.050000000000005,362.32622905550295,173.63289545371995,29.74050627365088,9.779948107872361,666.5204211092538,544.6092800194053,72.35606148754586,77.25058290249767,44.03210261309599,503.7519729774552
6.060000000000005,362.33170276677185,173.3638410545384,29.6313115577737,9.73268879258286,666.9404558283333,544.736258257356,72.04655221284892,77.17764889829506,43.908499513890234,504.13104111760987
6.070000000000005,362.3367351811336,173.09499026034445,29.522486365844156,9.685646794770303,667.3601413979075,544.8621116759382,71.73807048306503,77.10453677087679,43.785135019057215,504.51014605106275
6.080000000000005,362.34132704905306,172.82634374848993,29.414029651382158,9.638821201016192,667.7794783500586,544.9868428396433,71.43061370914955,77.03124694158704,43.66200873210841,504.88928777751175
6.090000000000005,362.3454791206897,172.557902192137,29.305940369485274,9.592211101061158,668.1984672166269,545.1104543035909,71.12417930995336,76.95777983334109,43.539120259015576,505.2684662940991
6.100000000000005,362.3491921458904,172.28966626027145,29.19821747683677,9.545815587799536,668.6171085292018,545.2329486135338,70.81876471223491,76.88413587060828,43.41646920818619,505.6476815954368
6.110000000000005,362.35246687418544,172.02163661771516,29.0908599317135,9.499633757273916,669.035402819112,545.3543283058664,70.5143673506687,76.81031547939466,43.29405519043926,506.02693367363105
6.1200000000000045,362.35530405478227,171.75381392513842,28.98386669399385,9.453664708669663,669.4533506174158,545.4745959076339,70.21098466785273,76.73631908722575,43.171877818981166,506.40622251830644
6.130000000000005,362.35770443656105,171.48619883907259,28.87723672516527,9.407907544309413,669.8709524548917,545.5937539365427,69.90861411431497,76.66214712312937,43.0499367093819,506.7855481166311
6.140000000000005,362.3596687680685,171.21879201192323,28.77096898833212,9.362361369647456,670.2882088620287,545.7118049009714,69.60725314851817,76.58780001761887,42.92823147955112,507.16491045334044
6.150000000000005,362.36119779751346,170.95159409198195,28.665062448223075,9.317025293264203,670.7051203690173,545.8287512999839,69.30689923686292,76.51327820267625,42.806761749714724,507.5443095107623
6.1600000000000055,362.3622922727613,170.68460572343955,28.559516071198637,9.271898426860476,671.12168750574,545.9445956233428,69.00754985368953,76.43858211173516,42.68552714239153,507.92374526884095
6.170000000000005,362.3629529413289,170.41782754639829,28.454328825258514,9.226979885251902,671.5379108017623,546.0593403515256,68.70920248127834,76.36371217966466,42.56452728236988,508.30321770516144
6.180000000000005,362.3631805503801,170.15126019688444,28.349499680048876,9.18226878636313,671.9537907863235,546.1729879557397,68.41185460984892,76.28866884275249,42.44376179668479,508.68272679497414
6.190000000000005,362.3629758467197,169.88490430686144,28.245027606869485,9.137764251222126,672.3693279883273,546.2855408979399,68.11550373755787,76.2134525386887,42.32323031459503,509.06227251121845
6.200000000000005,362.3623395767894,169.61876050424172,28.14091157868085,9.093465403954395,672.7845229363336,546.3970016308479,67.82014737049445,76.13806370654962,42.20293246756044,509.44185482454765
6.210000000000005,362.3612724866628,169.3528294128995,28.037150570111187,9.04937137177713,673.1993761585494,546.5073725979705,67.52578302267645,76.06250278678144,42.082867889219585,509.821473703352
6.220000000000005,362.35977532204004,169.0871116526838,27.93374355746336,9.005481284993374,673.6138881828194,546.6166562336211,67.23240821604318,75.98677022118454,41.96303621536721,510.2011291137839
6.230000000000005,362.3578488282434,168.82160783943044,27.830689518721666,8.961794276986154,674.0280595366183,546.7248549629418,66.94002048044781,75.91086645289735,41.843437083932486,510.58082101978056
6.2400000000000055,362.35549375021276,168.55631858497455,27.727987433558543,8.91830948421252,674.4418907470416,546.8319712019247,66.64861735364875,75.83479192638083,41.724070134956726,510.9605493830889
6.250000000000005,362.3527108325003,168.2912444971639,27.625636283341308,8.875026046197608,674.855382340797,546.9380073574373,66.35819638129944,75.75854708740287,41.604935010571836,511.3403141632885
6.260000000000005,362.34950081926627,168.02638617987031,27.523635051138584,8.831943105528683,675.2685348441961,547.042965827246,66.06875511693664,75.6821323830227,41.48603135497877,511.7201153178159
6.270000000000005,362.34586445427425,167.7617442330033,27.42198272172688,8.789059807849073,675.6813487831465,547.1468490000434,65.78029112196741,75.60554826157588,41.36735881442602,512.0999528019873
6.280000000000005,362.34180248088654,167.49731925252172,27.32067828159689,8.746375301852144,676.0938246831428,547.2496592554736,65.49280196565607,75.52879517265885,41.248917037188576,512.4798265690229
6.290000000000005,362.3373156420601,167.2331118304465,27.219720718959795,8.70388873927523,676.5059630692584,547.3513989641611,65.20628522510829,75.4518735671141,41.13070567354683,512.8597365700696
6.300000000000005,362.3324046803411,166.9691225548739,27.119109023753524,8.6615992748935,676.917764466138,547.4520704877389,64.92073848525551,75.37478389701519,41.012724375765885,513.2396827542245
6.310000000000005,362.32707033786136,166.70535200998668,27.018842187648794,8.619506066513845,677.3292293979893,547.551676178878,64.63615933883702,75.29752661565219,40.894972798074804,513.6196650685581
6.320000000000006,362.3213133563339,166.44180077606768,26.918919204055204,8.577608274968652,677.7403583885746,547.6502183813187,64.35254538638127,75.22010217751699,40.77745059664612,513.9996834581368
6.330000000000005,362.31513447704805,166.17846942951195,26.819339068127217,8.535905064109677,678.1511519612031,547.747699429902,64.06989423618663,75.14251103828899,40.66015742957587,514.3797378660465
6.340000000000005,362.30853444086574,165.91535854283893,26.7201007767699,8.49439560080178,678.5616106387237,547.8441216506009,63.788203504300235,75.06475365482066,40.54309295686329,514.7598282334149
6.350000000000005,362.30151398821704,165.65246868470527,26.62120332864484,8.45307905491664,678.9717349435163,547.9394873605548,63.507470814496514,74.98683048512378,40.42625684039092,515.139954499434
6.360000000000005,362.2940738590957,165.38980041991744,26.522645724175753,8.411954599326531,679.3815253974847,548.033798868103,63.22769379825382,74.90874198835519,40.30964874390507,515.5201166013829
6.370000000000005,362.2862147930554,165.12735430944352,26.424426965554158,8.371021409897976,679.7909825220489,548.1270584728195,62.9488700947306,74.830488624803,40.1932683329964,515.9003144746505
6.380000000000005,362.27793752920564,164.86513091042622,26.326546056744885,8.330278665485396,680.2001068381378,548.2192684655495,62.67099735074023,74.75207085587338,40.077115275080246,516.2805480527567
6.390000000000005,362.269242806207,164.6031307761954,26.22900200349155,8.289725547924798,680.6088988661813,548.3104311284444,62.39407322072572,74.67348914407656,39.96118923937802,516.6608172673753
6.400000000000006,362.2601313622683,164.34135445627948,26.13179381332189,8.249361242027298,681.0173591261031,548.4005487350012,62.11809536673112,74.59474395301402,39.84548989689775,517.0411220483559
6.4100000000000055,362.2506039351413,164.07980249641923,26.03492049555309,8.2091849355728,681.4254881373136,548.4896235500986,61.84306145837528,74.51583574736502,39.73001692041581,517.4214623237453
6.420000000000005,362.240661262118,163.81847543857904,25.93838106129697,8.169195819303496,681.8332864187024,548.5776578300365,61.56896917282192,74.43676499287385,39.61476998445806,517.8018380198097
6.430000000000005,362.2303040800255,163.55737382096012,25.84217452346512,8.129393086917405,682.2407544886319,548.6646538225762,61.295816194749925,74.35753215633692,39.49974876528169,518.1822490610554
6.440000000000005,362.21953312522305,163.29649817801226,25.74629989677397,8.089775935061907,682.6478928649287,548.7506137669795,61.023600216322365,74.27813770559031,39.38495294085687,518.5626953702508
6.4500000000000055,362.20834913359835,163.03584904044618,25.650756197749732,8.050343563327214,683.0547020648786,548.8355398940512,60.75231893715501,74.19858210949715,39.27038219084899,518.9431768684477
6.460000000000005,362.1967528405626,162.77542693524654,25.555542444733348,8.01109517423983,683.4611826052177,548.9194344261782,60.481970064284134,74.11886583793547,39.15603619660068,519.3236934750015
6.470000000000005,362.18474498104825,162.51523238568367,25.460657657885225,7.972029973255991,683.8673350021269,549.0022995773752,60.21255131213175,74.03898936178602,39.04191464111432,519.7042451075927
6.480000000000006,362.1723262895041,162.25526591132592,25.36610085919007,7.933147168755095,684.2731597712248,549.0841375533248,59.944060402472815,73.95895315292064,38.92801720903443,520.0848316822473
6.4900000000000055,362.15949749989255,161.99552802805218,25.271871072461455,7.894445972033099,684.6786574275608,549.1649505514223,59.676495064399,73.87875768419,38.81434358663091,520.4654531133579
6.500000000000005,362.14625934568505,161.73601924806434,25.177967323346472,7.85592559729585,685.0838284856083,549.2447407608199,59.40985303428352,73.79840342941252,38.70089346178144,520.8461093137026
6.510000000000005,362.13261255986004,161.47674007989855,25.084388639330218,7.817585261652508,685.4886734592587,549.3235103624717,59.144132055743604,73.7178908633628,38.587666523954994,521.2268001944669
6.520000000000005,362.1185578748973,161.21769102843908,24.991134049740204,7.779424185108828,685.8931928618146,549.4012615291781,58.87932987960365,73.63722046176035,38.474662464195184,521.6075256652628
6.530000000000006,362.10409602277656,160.95887259492918,24.898202585750813,7.741441590560464,686.297387205983,549.4779964256334,58.61544426385649,73.55639270125891,38.361880975103375,521.9882856341478
6.540000000000005,362.0892277349724,160.70028527698418,24.805593280387445,7.7036367037863185,686.7012570038696,549.5537172084712,58.35247297362435,73.4754080594351,38.249321750823086,522.3690800076463
6.550000000000005,362.07395374245186,160.44192956860326,24.713305168530812,7.666008753441745,687.1048027669723,549.628426026311,58.09041378111992,73.39426701477831,38.13698448702326,522.7499086907675
6.560000000000006,362.05827477567095,160.18380596018162,24.62133728692104,7.628556971051845,687.5080250061745,549.702125019808,57.82926446560423,73.31297004667977,38.02486888088269,523.1307715870253
6.570000000000006,362.04219156457066,159.92591493852305,24.5296886741618,7.591280591004696,687.9109242317397,549.7748163216985,57.56902281334737,73.23151763542269,37.91297463107421,523.5116685984572
6.580000000000005,362.02570483857426,159.668256986852,24.43835837072419,7.554178850544532,688.313500953305,549.8465020568503,57.30968661758574,73.14991026217196,37.80130143774904,523.892599625643
6.590000000000005,362.008815326584,159.41083258482536,24.347345418950717,7.517250989764996,688.7157556798749,549.9171843423113,57.05125367847923,73.06814840896428,37.68984900252162,524.2735645677236
6.600000000000005,361.9915237569777,159.15364220854494,24.256648863059176,7.480496251602287,689.1176889198159,549.9868652873597,56.79372180306841,72.98623255869836,37.578617028454346,524.6545633224192
6.610000000000006,361.9738308576054,158.89668633056985,24.166267749146332,7.4439138818283,689.5193011808501,550.0555469935521,56.537088805231804,72.90416319512566,37.46760522004242,525.035595786048
6.620000000000005,361.955737355787,158.63996541992773,24.076201125191716,7.4075031290438424,689.9205929700497,550.1232315547765,56.28135250563975,72.8219408028409,37.35681328319932,525.4166618535436
6.630000000000005,361.9372439783079,158.38347994212805,23.986448041061184,7.371263244671683,690.3215647938312,550.189921057301,56.026510731711,72.73956586727283,37.24624092524199,525.7977614184732
6.640000000000006,361.9183514514172,158.12723035917313,23.89700754851053,7.335193482949702,690.7222171579494,550.2556175798267,55.77256131756638,72.6570388746755,37.135887854876366,526.1788943730552
6.650000000000006,361.89906050082374,157.8712171295708,23.80787870118895,7.299293100924014,691.1225505674926,550.3203231935383,55.5195021039829,72.57436031211948,37.0257537821832,526.5600606081761
6.6600000000000055,361.87937185169346,157.6154407083464,23.71906055464251,7.263561358441988,691.5225655268756,550.3840399621569,55.2673309383477,72.49153066748303,36.915838418603926,526.9412600134085
6.670000000000005,361.8592862286466,157.3599015470544,23.630552166317447,7.227997518145374,691.9222625398361,550.4467699419915,55.01604567461015,72.40855042944419,36.80614147692671,527.3224924770274
6.680000000000005,361.8388043557546,157.10460009379105,23.542352595563436,7.192600845463311,692.3216421094277,550.5085151819931,54.76564417323485,72.32542008747211,36.69666267127279,527.7037578860272
6.690000000000006,361.8179269565366,156.849536793206,23.454460903636928,7.157370608605377,692.720704738015,550.5692777238063,54.51612430115342,72.24214013181961,36.587401717082784,528.0850561261379
6.7000000000000055,361.7966547539581,156.59471208651405,23.3668761537042,7.122306078554648,693.119450927269,550.6290596018237,54.26748393171573,72.15871105351499,36.478358331103486,528.4663870818421
6.710000000000005,361.7749884704263,156.34012641150778,23.279597410844453,7.0874065290606385,693.5178811781608,550.6878628432393,54.019720944641456,72.0751333443546,36.369532231374464,528.8477506363902
6.720000000000006,361.7529288277888,156.0857802025689,23.192623742052803,7.052671236632354,693.9159959909571,550.7456894681026,53.772833225969904,71.99140749689539,36.260923137215144,529.2291466718169
6.730000000000006,361.73047654733,155.83167389068043,23.1059542162434,7.018099480531263,694.313795865215,550.8025414893731,53.52681866801062,71.90753400444792,36.15253076921192,529.6105750689565
6.7400000000000055,361.7076323497687,155.57780790343864,23.01958790425209,6.983690542764257,694.7112812997764,550.8584209129745,53.281675169292946,71.82351336106915,36.044354849205405,529.9920357074581
6.750000000000005,361.68439695525507,155.32418266506485,22.933523878839342,6.949443708076609,695.1084527927642,550.9133297378489,53.0374006345161,71.73934606155562,35.93639510027798,530.3735284658014
6.760000000000005,361.6607710833688,155.07079859641718,22.84776121469302,6.915358263944932,695.5053108415761,550.9672699560139,52.79399297449653,71.65503260143699,35.82865124674141,530.7550532213112
6.770000000000006,361.63675545311526,154.81765611500296,22.762298988431073,6.881433500570104,695.9018559428806,551.0202435526155,52.55145010611835,71.5705734769697,35.72112301412457,531.1366098501719
6.780000000000006,361.6123507829243,154.56475563498958,22.677136278604124,6.8476687108702174,696.2980885926117,551.0722525059853,52.30976995228049,71.48596918513046,35.61381012916164,531.5181982274421
6.790000000000005,361.5875577906463,154.31209756721756,22.59227216569807,6.814063190473443,696.6940092859646,551.1232987876948,52.06895044184532,71.40122022361051,35.50671231977997,531.8998182270694
6.800000000000006,361.5623771935508,154.05968231921116,22.507705732136543,6.780616237710975,697.0896185173905,551.1733843626129,51.828989509585476,71.31632709080965,35.39982931508867,532.2814697219034
6.810000000000006,361.53680970832335,153.80751029519104,22.423436062283457,6.747327153609918,697.4849167805922,551.22251118896,51.589885096132406,71.23129028583081,35.29316084536678,532.6631525837099
6.820000000000006,361.5108560510631,153.55558189608544,22.33946224244525,6.714195241886158,697.87990456852,551.2706812183662,51.35163514792223,71.14611030847438,35.18670664205223,533.044866683185
6.830000000000005,361.4845169372809,153.30389751954232,22.255783360873266,6.681219808937235,698.2745823733663,551.317896395926,51.114237617143566,71.06078765923299,35.080466437730436,533.426611889967
6.840000000000005,361.45779308189606,153.05245755994082,22.17239850776603,6.648400163835217,698.668950686562,551.3641586602556,50.87769046168342,70.9753228392868,34.97443996612319,533.808388072651
6.850000000000006,361.4306851992347,152.801262408403,22.089306775271393,6.615735618319557,699.0630099987713,551.4094699435491,50.64199164507411,70.88971635049826,34.86862696207807,534.1901950988005
6.860000000000006,361.4031940030269,152.550312452806,22.006507257488717,6.583225486789916,699.4567607998885,551.4538321716362,50.40713913643853,70.80396869540776,34.7630271615573,534.5720328349602
6.870000000000005,361.3753202064051,152.29960807779258,21.923999050470933,6.550869086299041,699.8502035790324,551.4972472640378,50.1731309104371,70.7180803772289,34.657640301627595,534.9539011466686
6.880000000000006,361.34706452190073,152.04914966478427,21.841781252226504,6.518665736545555,700.243338824543,551.5397171340229,49.93996494721299,70.63205189984457,34.55246612044942,535.3357998984701
6.890000000000006,361.3184276614433,151.79893759199152,21.759852962721475,6.486614759866812,700.6361670239769,551.581243688667,49.70763923233729,70.54588376780251,34.447504357266936,535.7177289539263
6.900000000000006,361.2894103363571,151.54897223442632,21.678213283881288,6.454715481231679,701.0286886641037,551.6218288289074,49.47615175675518,70.45957648631178,34.342754752397745,536.099688175628
6.9100000000000055,361.2600132573593,151.29925396391351,21.59686131959267,6.42296722823338,701.4209042309012,551.6614744496012,49.245500516730985,70.37313056123881,34.23821704722299,536.481677425206
6.920000000000005,361.2302371345582,151.04978314910204,21.515796175705393,6.391369331082272,701.8128142095521,551.7001824395826,49.015683513792446,70.28654649910418,34.13389098417751,536.8636965633433
6.930000000000006,361.2000826774507,150.80056015547697,21.435016960033956,6.359921122598646,702.2044190844398,551.737954681719,48.78669875467735,70.19982480707887,34.029776306740246,537.2457454497845
6.940000000000006,361.1695505949202,150.55158534537077,21.354522782359403,6.328621938205515,702.595719339144,551.7747930529697,48.558544251276736,70.11296599298184,33.92587275942459,537.6278239433472
6.9500000000000055,361.13864159523524,150.30285907797446,21.274312754430742,6.2974711159214145,702.9867154564381,551.8106994244419,48.33121802058057,70.02597056527645,33.82218008776909,538.0099319019321
6.960000000000006,361.107356386046,150.05438170934994,21.19438598996661,6.266467996353149,703.3774079182843,551.845675661448,48.10471808462256,69.93883903306799,33.71869803832829,538.3920691825331
6.970000000000006,361.0756956743837,149.8061535924407,21.114741604656746,6.235611922688578,703.7677972058302,551.8797236235629,47.87904247042482,69.85157190610127,33.615426358663434,538.7742356412476
6.980000000000006,361.0436601666581,149.55817507708355,21.03537871616344,6.204902240689393,704.1578837994055,551.9128451646816,47.65418920994173,69.7641696947581,33.51236479733359,539.156431133285
6.9900000000000055,361.0112505686555,149.31044651002003,20.95629644412291,6.174338298683872,704.5476681785177,551.9450421330758,47.43015634000529,69.67663291005502,33.40951310388702,539.5386555129768
7.000000000000005,360.9784675855369,149.06296823490766,20.877493910146626,6.143919447559615,704.9371508218492,551.9763163714508,47.20694190226958,69.58896206364152,33.30687102885217,539.920908633786
7.010000000000006,360.94531192183575,148.81574059233165,20.7989702378226,6.113645040756342,705.3263322072537,552.0066697170023,46.98454394315513,69.50115766779814,33.20443832372937,540.3031903483151
7.020000000000006,360.91178428145696,148.56876391981578,20.720724552716693,6.083514434258599,705.7152128117519,552.0361040014743,46.762960513793615,69.41322023543489,33.10221474098232,540.6855005083148
7.030000000000006,360.8778853676741,148.32203855183405,20.642755982373625,6.053526986588542,706.1037931115297,552.0646210512155,46.54218966997161,69.32515028008976,33.00020003402979,541.0678389646934
7.040000000000006,360.843615883128,148.0755648198221,20.56506365631819,6.023682058798637,706.4920735819331,552.0922226872348,46.32222947207679,69.23694831592736,32.89839395723754,541.4502055675235
7.050000000000006,360.8089765298251,147.82934305218808,20.487646706056346,5.993979014464435,706.880054697466,552.1189107252595,46.10307798504152,69.1486148577381,32.79679626591018,541.8326001660507
7.060000000000006,360.7739680091357,147.58337357432404,20.410504265076156,5.964417219677302,707.2677369317869,552.1446869757918,45.88473327828683,69.06015042093686,32.695406716283486,542.2150226087009
7.070000000000006,360.7385910217916,147.33765670861754,20.333635468848826,5.934996043037123,707.6551207577049,552.1695532441645,45.6671934256687,68.97155552156283,32.59422506551625,542.5974727430877
7.080000000000005,360.70284626788515,147.09219277446257,20.257039454829588,5.905714855645074,708.0422066471776,552.1935113305971,45.45045650542192,68.88283067627853,32.49325107168296,542.9799504160195
7.090000000000006,360.66673444686734,146.84698208827058,20.180715362458518,5.876573031096334,708.4289950713073,552.2165630302524,45.23452060010533,68.79397640236935,32.392484493766226,543.3624554735068
7.100000000000006,360.630256257546,146.60202496348177,20.104662333161404,5.847569945472806,708.815486500338,552.2387101332932,45.019383796546215,68.70499321774373,32.29192509164919,543.7449877607676
7.110000000000006,360.5934123980843,146.35732171057663,20.02887951035047,5.81870497733584,709.2016814036527,552.259954424937,44.80504418578657,68.61588164093281,32.19157262610834,544.1275471222353
7.120000000000006,360.5562035659988,146.11287263708653,19.95336603942515,5.7899775077189854,709.5875802497706,552.280297685512,44.59149986302682,68.52664219109066,32.09142685880633,544.5101334015642
7.130000000000006,360.5186304581587,145.86867804760502,19.878121067772636,5.76138692012068,709.9731835063429,552.299741690513,44.378748927572886,68.43727538799457,31.99148755228495,544.8927464416347
7.140000000000006,360.4806937707833,145.624738243799,19.803143744768587,5.732932600497001,710.3584916401521,552.3182882106561,44.16678948278026,68.34778175204542,31.891754469958087,545.2753860845602
7.150000000000006,360.44239419944097,145.3810535244198,19.72843322177768,5.704613937254352,710.7435051171072,552.335939011935,43.955619636000144,68.2581618042685,31.792227376104798,545.6580521716916
7.1600000000000055,360.40373243904793,145.13762418531383,19.65398865215407,5.676430321242223,711.1282244022419,552.3526958556749,43.7452374985254,68.16841606631401,31.69290603586289,546.0407445436228
7.170000000000006,360.36470918386607,144.89445051943412,19.579809191241907,5.648381145745897,711.512649959712,552.3685604985874,43.53564118553661,68.07854506045817,31.593790215221958,546.4234630401959
7.180000000000006,360.3253251275021,144.6515328168509,19.50589399637575,5.6204658064791575,711.8967822527921,552.3835346928253,43.32682881604801,67.98854930960445,31.49487968101696,546.8062075005053
7.190000000000006,360.28558096290556,144.40887136476297,19.432242226880927,5.592683701577027,712.2806217438736,552.3976201860374,43.11879851285372,67.89842933728444,31.39617420092189,547.1889777629025
7.200000000000006,360.24547738236794,144.16646644750824,19.358853044073843,5.565034231588486,712.6641688944615,552.4108187214213,42.91154840247502,67.80818566765966,31.297673543443327,547.5717736650007
7.210000000000006,360.20501507752124,143.92431834657475,19.285725611262343,5.537516799469198,713.0474241651725,552.4231320377781,42.705076615106414,67.71781882552293,31.199377477914254,547.9545950436782
7.220000000000006,360.16419473933604,143.68242734061172,19.21285909374583,5.51013081057423,713.4303880157322,552.4345618695666,42.499381284563086,67.62732933629995,31.10128577448803,548.3374417350824
7.230000000000006,360.12301705812075,143.44079370544034,19.140252658815534,5.482875672650768,713.8130609049725,552.4451099469551,42.29446054822775,67.53671772605146,31.003398204132132,548.7203135746336
7.2400000000000055,360.0814827235203,143.1994177140645,19.06790547575462,5.455750795830869,714.1954432908296,552.4547779958766,42.09031254699834,67.44598452147508,30.90571453862237,549.1032103970275
7.250000000000006,360.039592424514,142.95829963668203,18.995816715838306,5.428755592624166,714.5775356303415,552.4635677380794,41.88693542523646,67.35513024990738,30.80823455053713,549.4861320362396
7.260000000000006,359.9973468494159,142.71743974069452,18.923985552333907,5.401889477910616,714.959338379645,552.4714808911812,41.6843273307141,67.26415543932637,30.710958013251297,549.8690783255271
7.270000000000006,359.9547466858716,142.47683829071946,18.85241116050085,5.375151868933216,715.3408519939749,552.478519168721,41.48248641456291,67.17306061835373,30.613884700930974,550.2520490974314
7.2800000000000065,359.9117926208586,142.23649554859983,18.78109271759061,5.34854218529075,715.7220769276602,552.4846842802114,41.28141083122234,67.08184631625755,30.517014388527567,550.6350441837811
7.290000000000006,359.868485340684,141.99641177341553,18.71002940284671,5.322059848930539,716.1030136341232,552.4899779311892,41.081098738388754,66.99051306295493,30.420346851772532,551.0180634156947
7.300000000000006,359.8248255309842,141.75658722149373,18.63922039750451,5.295704284141137,716.4836625658764,552.4944018232683,40.881548296964525,66.89906138901485,30.323881867171753,551.4011066235806
7.310000000000006,359.78081387672285,141.51702214641978,18.568664884791083,5.269474917545121,716.8640241745211,552.4979576541903,40.68275767100711,66.80749182566117,30.227619212000256,551.7841736371413
7.320000000000006,359.73645106219067,141.27771679904743,18.49836204992503,5.243371178091823,717.244098910745,552.5006471178746,40.48472502767948,66.71580490477561,30.131558664297124,552.1672642853732
7.330000000000006,359.69173777100355,141.03867142751008,18.428311080116192,5.217392497050063,717.6238872243201,552.5024719044701,40.28744853719991,66.62400115890108,30.03570000286002,552.5503783965688
7.340000000000006,359.64667468610156,140.7998862772311,18.358511164565392,5.191538308000928,718.003389564101,552.5034337004046,40.09092637279233,66.5320811212452,29.940043007240224,552.9335157983177
7.350000000000006,359.6012624897484,140.56136159093396,18.288961494464115,5.165808046830516,718.382606378023,552.5035341884345,39.8951567106374,66.44004532568326,29.844587457737724,553.316676317507
7.3600000000000065,359.55550186352986,140.32309760865365,18.219661262994073,5.140201151722679,718.7615381130997,552.5027750476961,39.700137729822806,66.34789430676234,29.749333135395844,553.6998597803229
7.370000000000006,359.5093934883527,140.08509456774667,18.150609665326876,5.114717063151838,719.1401852154219,552.5011579537519,39.50586761229617,66.25562859970475,29.654279821996862,554.0830660122504
7.380000000000006,359.4629380444442,139.84735270290147,18.081805898623525,5.089355223875706,719.5185481301551,552.4986845786415,39.31234454281574,66.16324874041194,29.559427300056676,554.4662948380742
7.390000000000006,359.41613621135036,139.6098722461492,18.013249162033933,5.064115078928081,719.8966273015384,552.4953565909296,39.11956670890281,66.07075526546829,29.464775352820443,554.8495460818788
7.400000000000006,359.3689886679355,139.3726534268743,17.944938656696404,5.038996075611611,720.2744231728822,552.4911756557547,38.927532300794674,65.97814871214528,29.3703237642576,555.2328195670478
7.410000000000006,359.32149609238155,139.13569647182413,17.876873585737048,5.0139976634906045,720.6519361865667,552.4861434348757,38.736239511397166,65.88542961840574,29.27607231905718,555.6161151162643
7.420000000000006,359.273659162186,138.8990016051206,17.8090531542692,4.989119294383805,721.0291667840404,552.4802615867201,38.54568653623839,65.7925985229077,29.182020802623605,555.9994325515102
7.430000000000006,359.22547855416235,138.6625690482694,17.741476569392745,4.964360422357177,721.4061154058184,552.4735317664315,38.35587157342222,65.69965596500927,29.08816900107166,556.3827716940654
7.440000000000007,359.176954944438,138.42639902017117,17.674143040193425,4.939720503716702,721.7827824914806,552.4659556259152,38.1667928235826,65.60660248477274,28.994516701222224,556.7661323645073
7.450000000000006,359.12808900845454,138.1904917371313,17.607051777742146,4.915198997001217,722.1591684796708,552.4575348138856,37.97844848983779,65.51343862296906,28.901063690598008,557.1495143827095
7.460000000000006,359.0788814209656,137.9548474128707,17.540201995094193,4.8907953629751955,722.5352738080943,552.4482709759114,37.79083677774611,65.42016492108286,28.807809757418877,557.5329175678407
7.470000000000006,359.02933285603694,137.71946625853576,17.47359290728843,4.866509064621561,722.9110989135173,552.4381657544617,37.60395589526039,65.32678192131674,28.714754690597715,557.9163417383635
7.480000000000006,358.97944398704567,137.48434848270838,17.407223731346523,4.842339567134531,723.286644231765,552.4272207889511,37.41780405268421,65.2332901665965,28.621898279736037,558.2997867120322
7.490000000000006,358.9292154866785,137.24949429141702,17.34109368627197,4.818286337912435,723.6619101977201,552.4154377157843,37.23237946262848,65.13969020057561,28.529240315119846,558.6832523058918
7.500000000000006,358.87864802693207,137.01490388814616,17.275201993049276,4.794348846550563,724.0368972453219,552.4028181684005,37.0476803399677,65.04598256764056,28.436780587715404,559.0667383362759
7.510000000000006,358.82774227911153,136.7805774738465,17.20954787464294,4.770526564833976,724.411605807565,552.3893637773175,36.86370490179728,64.95216781291573,28.34451888916499,559.4502446188045
7.520000000000007,358.77649891382976,136.54651524694583,17.144130555996536,4.746818966730389,724.7860363164974,552.3750761701757,36.68045136739111,64.85824648226848,28.252455011782956,559.8337709683818
7.5300000000000065,358.7249186010071,136.3127174033583,17.078949264031703,4.7232255283830265,725.1601892032198,552.3599569717808,36.49791795815948,64.76421912231459,28.160588748551522,560.2173171991936
7.540000000000006,358.6730020098701,136.07918413649503,17.01400322764705,4.6997457281034505,725.5340648978844,552.3440078041464,36.31610289760793,64.67008628042338,28.06891989311671,560.6008831247057
7.550000000000006,358.6207498089512,135.84591563727403,16.949291677717063,4.6763790463644765,725.9076638296932,552.3272302865378,36.13500441129548,64.57584850472298,27.97744823978445,560.9844685576593
7.560000000000006,358.56816266608763,135.61291209413048,16.88481384709105,4.653124965793025,726.2809864268978,552.3096260355115,35.95462072679542,64.48150634410587,27.886173583516626,561.3680733100705
7.5700000000000065,358.5152412484215,135.380173693026,16.82056897059195,4.629982971163003,726.6540331167976,552.2911966649598,35.77495007365343,64.38706034823436,27.795095719926913,561.7516971932255
7.580000000000006,358.4619862223979,135.14770061746017,16.75655628501516,4.60695254938823,727.0268043257386,552.2719437861493,35.5959906833495,64.29251106754613,27.704214445277096,562.1353400176779
7.590000000000006,358.4083982537659,134.91549304847868,16.6927750291273,4.584033189515304,727.3993004791129,552.2518690077632,35.41774078925809,64.19785905325965,27.613529556473097,562.519001593246
7.600000000000007,358.35447800757646,134.6835511646845,16.62922444366496,4.561224382716525,727.7715220013575,552.2309739359412,35.24019862660932,64.10310485738002,27.52304085106107,562.9026817290085
7.6100000000000065,358.3002261481825,134.4518751422476,16.56590377133347,4.538525622282821,728.1434693159537,552.2092601743194,35.063362432451115,64.00824903270473,27.43274812722356,563.2863802333012
7.620000000000006,358.24564333923826,134.22046515491468,16.502812256805484,4.515936403616658,728.5151428454249,552.1867293240692,34.887230445612,63.913292132828985,27.342651183775786,563.670096913714
7.630000000000006,358.19073024369885,133.98932137401897,16.43994914671974,4.493456224224995,728.8865430113375,552.1633829839378,34.71180090666266,63.8182347121519,27.252749820161792,564.0538315770858
7.640000000000006,358.1354875238193,133.75844396849033,16.377313689679596,4.471084583712201,729.2576702342986,552.1392227502851,34.53707205788052,63.72307732588227,27.163043836450527,564.4375840295016
7.650000000000007,358.07991584115433,133.52783310486492,16.314905136251653,4.448820983773027,729.6285249339561,552.1142502171228,34.36304214321297,63.627820530044204,27.07353303333226,564.8213540762878
7.660000000000006,358.0240158565579,133.29748894729508,16.25272273896434,4.426664928185573,729.9991075289971,552.0884669761526,34.18970940824166,63.53246488148324,26.984217212114782,565.2051415220077
7.670000000000006,357.96778823018235,133.06741165755898,16.19076575230637,4.404615922804237,730.369418437148,552.0618746168022,34.017072100147594,63.43701093787219,26.895096174719594,565.5889461704584
7.680000000000007,357.9112336214783,132.83760139507058,16.129033432725283,4.382673475552707,730.7394580751732,552.0344747262629,33.84512846767673,63.34145925771707,26.8061697236783,565.9727678246649
7.690000000000007,357.85435268919366,132.60805831688916,16.067525038625952,4.360837096416947,731.1092268588742,552.0062688895268,33.67387676110474,63.24581040036317,26.71743766212869,566.3566062868765
7.700000000000006,357.79714609137403,132.37878257772905,16.00623983036891,4.339106297438196,731.4787252030898,551.9772586894214,33.50331523220483,63.15006492600097,26.62889979381128,566.7404613585616
7.710000000000006,357.7396144853612,132.14977432996952,15.945177070268842,4.317480592705979,731.8479535216944,551.9474457066456,33.33344213421378,63.054223395672224,26.54055592306541,567.124332840403
7.720000000000006,357.68175852779325,131.92103372366418,15.88433602259294,4.295959498351113,732.2169122275985,551.9168315198052,33.16425572179974,62.95828637127594,26.4524058548256,567.5082205322935
7.730000000000007,357.6235788746046,131.69256090655034,15.823715953559239,4.274542532538743,732.5856017327471,551.8854177054479,32.99575425102968,62.862254415574476,26.364449394617903,567.8921242333299
7.740000000000006,357.5650761810244,131.4643560240596,15.763316131334955,4.253229215461392,732.9540224481196,551.8532058380963,32.827935979338704,62.76612809219971,26.276686348556147,568.2760437418092
7.750000000000006,357.5062511015775,131.2364192193262,15.703135826034753,4.232019069331984,733.3221747837296,551.8201974902823,32.660799165498354,62.669907965658815,26.189116523338278,568.6599788552221
7.760000000000007,357.447104290083,131.00875063319725,15.64317430971902,4.210911618376905,733.6900591486238,551.7863942325811,32.49434206958655,62.5735946013407,26.101739726242567,569.0439293702491
7.770000000000007,357.38763639965435,130.7813504042425,15.583430856392113,4.1899063888290975,734.057675950882,551.7517976336429,32.328562952957476,62.47718856552183,26.014555765124054,569.4278950827538
7.7800000000000065,357.32784808269906,130.55421866876293,15.523904742000532,4.169002908921104,734.4250255976164,551.7164092602264,32.16346007821218,62.380690425372386,25.927564448410724,569.8118757877781
7.790000000000006,357.2677399909182,130.3273555608011,15.464595244431145,4.148200708878185,734.7921084949713,551.6802306772303,31.999031709169973,62.28410074896236,25.84076558509988,570.1958712795374
7.800000000000006,357.20731277530615,130.10076121215013,15.405501643509284,4.127499320911388,735.158925048123,551.6432634477245,31.8352761108399,62.187420105267606,25.75415898475431,570.5798813514136
7.810000000000007,357.14656708615024,129.8744357523631,15.346623220996923,4.106898279210691,735.5254756612791,551.6055091329816,31.672191549393197,62.09064906417594,25.66774445749862,570.9639057959506
7.8200000000000065,357.08550357303056,129.64837930876274,15.28795926059074,4.086397119938104,735.8917607376778,551.5669692925087,31.509776292135275,61.99378819649294,25.581521814015602,571.3479444048476
7.830000000000006,357.02412288481935,129.42259200645074,15.2295090479202,4.0659953812208025,736.2577806795889,551.5276454840749,31.34802860748046,61.89683807394832,25.49549086554222,571.731996968954
7.840000000000007,356.9624256696813,129.1970739683166,15.171271870545638,4.045692603144276,736.6235358883122,551.4875392637435,31.186946764924667,61.799799269201785,25.409651423866098,572.1160632782639
7.850000000000007,356.90041257507266,128.97182531504774,15.113247017956208,4.025488327745488,736.989026764178,551.4466521859007,31.026529035019976,61.70267235584883,25.324003301321586,572.500143121909
7.8600000000000065,356.83808424774156,128.7468461651379,15.055433781567933,4.005382099006029,737.3542537065466,551.4049858032834,30.866773689350072,61.60545790842703,25.238546310786063,572.8842362881535
7.870000000000006,356.7754413337274,128.52213663489732,14.997831454721657,3.9853734628452933,737.7192171138083,551.3625416670093,30.70767900050514,61.508156502421656,25.153280265676038,573.2683425643878
7.880000000000006,356.71248447836064,128.29769683846126,14.940439332680992,3.965461967113688,738.0839173833834,551.3193213266037,30.549243242058377,61.41076871427186,25.06820497994328,573.6524617371227
7.890000000000007,356.64921432626295,128.0735268877994,14.88325671263023,3.945647161585814,738.4483549117216,551.2753263300272,30.39146468854229,61.31329512137618,24.98332026807119,574.0365935919832
7.900000000000007,356.58563152134644,127.84962689272538,14.82628289367228,3.9259285979536895,738.8125300943022,551.2305582237035,30.234341615425652,61.21573630209873,24.89862594507062,574.4207379137015
7.910000000000006,356.5217367068139,127.62599696090554,14.769517176826477,3.9063058298199653,739.1764433256341,551.1850185525452,30.07787229909162,61.118092835774775,24.814121826476192,574.8048944861122
7.920000000000007,356.45753052515886,127.40263719786795,14.712958865026463,3.886778412691169,739.5400949992556,551.1387088599805,29.922055016815566,61.02036530271635,24.729807728342372,575.1890630921451
7.930000000000007,356.3930136181645,127.17954770701218,14.656607263118035,3.8673459039709597,739.9034855077343,551.0916306879787,29.766888046744004,60.92255428421832,24.645683467239355,575.5732435138196
7.940000000000007,356.32818662690437,126.95672858961775,14.600461677856892,3.8480078629533634,740.2666152426676,551.0437855770757,29.612369667873782,60.82466036256372,24.561748860249278,575.9574355322376
7.950000000000006,356.26305019174214,126.73417994485325,14.544521417906461,3.828763850816071,740.629484594682,550.9951750663989,29.458498160031848,60.72668412102937,24.478003724962093,576.3416389275778
7.960000000000006,356.19760495233095,126.51190186978587,14.488785793835627,3.8096134306137164,740.9920939534338,550.9458006936916,29.3052718038559,60.628626143891495,24.39444787947169,576.7258534790893
7.970000000000007,356.1318515476138,126.28989445938969,14.433254118116468,3.7905561672711685,741.3544437076089,550.8956639953366,29.15268888077512,60.53048701643124,24.311081142371684,577.1100789650854
7.980000000000007,356.0657906158234,126.06815780655518,14.377925705122,3.7715916275768473,741.7165342449226,550.8447665063809,29.000747672991427,60.43226732493991,24.227903332751406,577.4943151629363
7.990000000000006,355.99942279448186,125.84669200209801,14.322799871123799,3.7527193801760435,742.0783659521203,550.7931097605576,28.849446463461955,60.33396765672452,24.14491427019183,577.8785618490641
8.000000000000007,355.93274872040047,125.62549713476797,14.267875934289721,3.7339389955642557,742.4399392149776,550.7406952903091,28.698783535881365,60.23558860011291,24.06211377476134,578.2628187989353
8.010000000000007,355.8657690296804,125.4045732912577,14.213153214681538,3.715250046080536,742.8012544182999,550.6875246268098,28.54875717466449,60.137130744459114,23.979501667011583,578.647085787055
8.020000000000007,355.7984843577115,125.18392055621203,14.158631034252542,3.696652105900855,743.1623119459231,550.6335992999868,28.39936566493112,60.038594680148364,23.897077767973304,579.0313625869604
8.030000000000006,355.7308953391732,124.96353901223632,14.10430871684516,3.6781447510314753,743.5231121807138,550.5789208385429,28.250607292488574,59.93998099860229,23.81484189915201,579.4156489712142
8.040000000000006,355.663002608034,124.74342873990548,14.050185588188551,3.659727559302324,743.8836555045697,550.5234907699762,28.10248034381766,59.8412902922838,23.732793882523765,579.7999447113986
8.050000000000008,355.5948067975517,124.52358981777277,13.996260975896137,3.6414001103604243,744.2439422984189,550.467310620601,27.9549831060577,59.74252315470202,23.650933540530847,580.1842495781085
8.060000000000006,355.52630854027296,124.30402232237883,13.942534209463181,3.6231619856632813,744.6039729422217,550.4103819155685,27.80811386699158,59.643680180417284,23.56926069607737,580.5685633409453
8.070000000000007,355.4575084680338,124.08472632825989,13.88900462026423,3.6050127684723074,744.9637478149698,550.3527061788863,27.661870915032615,59.54476196504551,23.48777517252487,580.9528857685108
8.080000000000007,355.38840721195925,123.86570190795695,13.83567154155074,3.5869520438462903,745.3232672946868,550.2942849334365,27.51625253921165,59.44576910526328,23.40647679368802,581.3372166284005
8.090000000000007,355.3190054024635,123.64694913202429,13.782534308448453,3.568979398634814,745.6825317584289,550.2351197009972,27.371257029163484,59.34670219881223,23.32536538382986,581.7215556871972
8.100000000000007,355.24930366924974,123.42846806903823,13.729592257954904,3.5510944214717455,746.0415415822854,550.175212002258,27.226882675115654,59.247561844503416,23.244440767657622,582.1059027104653
8.110000000000007,355.1793026413106,123.21025878560555,13.676844728936848,3.53329670276871,746.4002971413784,550.1145633568398,27.083127767876373,59.14834864222178,23.163702770317993,582.4902574627441
8.120000000000006,355.1090029469275,122.99232134637256,13.624291062127693,3.5155858347085704,746.7587988098637,550.0531752833122,26.939990598823428,59.049063192930575,23.083151217392434,582.8746197075415
8.130000000000006,355.03840521367175,122.77465581403298,13.571930600124885,3.497961411238972,747.1170469609315,549.9910492992103,26.79746945989384,58.949706098675264,23.00278593489283,583.2589892073278
8.140000000000008,354.9675100684032,122.55726224933737,13.519762687387324,3.480423028065814,747.4750419668063,549.9281869210516,26.65556264357374,58.85027796258788,22.922606749256484,583.6433657235302
8.150000000000006,354.8963181372717,122.34014071110109,13.467786670232748,3.462970282646835,747.8327841987476,549.8645896643533,26.51426844288862,58.75077938889087,22.842613487341666,584.0277490165255
8.160000000000007,354.82483004571606,122.12329125621298,13.416001896834986,3.4456027741851156,748.1902740270509,549.8002590436469,26.373585151394632,58.651210982900835,22.762805976422637,584.4121388456351
8.170000000000007,354.7530464184649,121.90671393964381,13.364407717221413,3.428320103622681,748.5475118210471,549.735196572494,26.233511063170006,58.551573351032616,22.683184044184994,584.7965349691183
8.180000000000007,354.6809678795365,121.69040881445488,13.313003483270176,3.4111218736340545,748.9044979491043,549.6694037635034,26.094044472806825,58.451867100802644,22.603747518720724,585.1809371441665
8.190000000000007,354.6085950522386,121.47437593180635,13.26178854870755,3.394007688619849,749.2612327786277,549.6028821283429,25.955183675403944,58.35209284083257,22.52449622852331,585.5653451268973
8.200000000000006,354.53592855916895,121.2586153409656,13.210762269105178,3.376977154700381,749.6177166760599,549.5356331777565,25.816926966559297,58.25225118085276,22.44543000248286,585.9497586723487
8.210000000000008,354.462969022215,121.04312708931583,13.159924001877332,3.360029879709296,749.9739500068825,549.4676584215761,25.67927264236448,58.152342731705495,22.36654866988099,586.3341775344729
8.220000000000006,354.3897170625547,120.82791122236421,13.109273106278227,3.343165473187187,750.3299331356156,549.3989593687375,25.542218999397523,58.052368105348236,22.28785206038597,586.7186014661308
8.230000000000008,354.3161733006555,120.61296778375043,13.058808943399118,3.326383546375239,750.6856664258197,549.3295375272908,25.40576433471862,57.95232791485648,22.20934000404741,587.1030302190867
8.240000000000007,354.242338356276,120.39829681525482,13.008530876165656,3.3096837122089204,751.0411502400946,549.2593944044163,25.269906945864076,57.85222277442704,22.1310123312913,587.4874635440013
8.250000000000007,354.1682128484646,120.1838983568067,12.958438269335009,3.29306558531163,751.396384940082,549.1885315064346,25.134645130842234,57.75205329938046,22.05286887291487,587.8719011904278
8.260000000000007,354.0937973955608,119.96977244649268,12.908530489493044,3.2765287819883953,751.7513708864651,549.1169503388203,24.999977188129606,57.65182010616405,21.97490946008109,588.2563429068049
8.270000000000007,354.0190926151944,119.75591912056512,12.858806905051514,3.2600729202195917,752.1061084389694,549.0446524062123,24.86590141666714,57.55152381235415,21.897133924313756,588.6407884404526
8.280000000000006,353.9440991242865,119.54233841344994,12.809266886245197,3.2436976196546516,752.4605979563637,548.9716392124266,24.73241611585696,57.451165036658736,21.81954209749193,589.0252375375659
8.290000000000006,353.8688175390495,119.32903035775482,12.759909805129041,3.227402501605792,752.8148397964609,548.897912260466,24.59951958556009,57.35074439891957,21.74213381184462,589.4096899432097
8.300000000000008,353.7932484749868,119.11599498427782,12.710735035575247,3.2111871890417905,753.1688343161184,548.8234730525317,24.46721012609421,57.25026252011439,21.664908899945473,589.7941454013143
8.310000000000006,353.71739254689356,118.90323232201519,12.661741953270468,3.1950513065817248,753.5225818712391,548.7483230900332,24.335486038231863,57.149720022359006,21.587867194707172,590.1786036546688
8.320000000000007,353.6412503688564,118.69074239816945,12.61292993571276,3.1789944804887504,753.8760828167726,548.672463873598,24.204345623199526,57.04911752890896,21.511008529375957,590.5630644449176
8.330000000000007,353.5648225542541,118.47852523815772,12.564298362208781,3.163016338663932,754.2293375067154,548.5958969030814,24.07378718267644,56.94845566416145,21.434332737526198,590.9475275125544
8.340000000000007,353.4881097157578,118.26658086561946,12.515846613870785,3.1471165106399983,754.582346294112,548.5186236775758,23.943809018795054,56.84773505365689,21.35783965305455,591.3319925969178
8.350000000000007,353.41111246533023,118.05490930242502,12.46757407361369,3.1312946275752096,754.9351095310559,548.4406456954184,23.814409434140664,56.74695632408015,21.281529110174514,591.7164594361863
8.360000000000007,353.3338314142278,117.84351056868275,12.419480126152111,3.1155503222471785,755.2876275686901,548.3619644542025,23.685586731751556,56.646120103262035,21.205400943410677,592.1009277673733
8.370000000000008,353.2562671729989,117.63238468274817,12.37156415799737,3.0998832290467138,755.6399007572089,548.2825814507819,23.5573392151216,56.545227020180484,21.129454987592815,592.4853973263232
8.380000000000006,353.17842035148556,117.42153166123101,12.323825557454544,3.084292983971729,755.9919294458572,548.2024981812818,23.42966518820015,56.44427770496131,21.053691077850395,592.8698678477064
8.390000000000008,353.10029155882273,117.21095151900363,12.276263714619363,3.0687792246210743,756.3437139829332,548.121716141104,23.302562955395302,56.343272788879204,20.978109049606434,593.2543390650151
8.400000000000007,353.02188140343907,117.00064426920883,12.228878021375328,3.053341590188473,756.6952547157883,548.0402368249363,23.176030821575225,56.242212904358624,20.902708738571697,593.6388107105582
8.410000000000007,352.94319049305744,116.79060992326743,12.181667871390548,3.0379797214564257,757.0465519908281,547.958061726757,23.050067092071565,56.14109868497384,20.827489980738925,594.0232825154586
8.420000000000007,352.8642194346944,116.58084849088672,12.134632660114766,3.022693260790131,757.397606153514,547.8751923398429,22.924670072682865,56.039930765449746,20.752452612376587,594.4077542096479
8.430000000000007,352.7849688346612,116.37135998006794,12.087771784776281,3.007481852131443,757.7484175483631,547.7916301567749,22.79983806967783,55.93870978166192,20.677596470023,594.7922255218623
8.440000000000007,352.70543929856336,116.16214439711416,12.041084644378882,2.992345140992837,758.0989865189507,547.707376669444,22.67556938979947,55.83743637063669,20.60292139048029,595.1766961796396
8.450000000000006,352.62563143130194,115.95320174663787,11.994570639698757,2.977282774451359,758.44931340791,547.6224333690566,22.551862340269732,55.73611117055101,20.528427210808115,595.5611659093146
8.460000000000008,352.5455458370729,115.74453203156921,11.948229173281417,2.962294401142639,758.7993985569337,547.5368017461392,22.428715228794804,55.63473482073236,20.454113768317587,595.945634436016
8.470000000000006,352.465183119368,115.5361352531634,11.902059649438575,2.947379671254906,759.1492423067751,547.4504832905452,22.306126363569497,55.53330796165819,20.379980900565148,596.330101483662
8.480000000000008,352.38454388097455,115.32801141100848,11.85606147424501,2.932538236522963,759.498844997249,547.3634794914562,22.18409405328412,55.4318312349554,20.30602844534599,596.7145667749581
8.490000000000007,352.30362872397626,115.12016050303322,11.810234055535483,2.9177697502222943,759.8482069672327,547.2757918373903,22.062616607129563,55.33030528339949,20.232256240688226,597.0990300313924
8.500000000000007,352.22243824975334,114.91258252551447,11.76457680290155,2.9030738671630565,760.1973285546676,547.1874218162019,21.941692334804667,55.22873075091394,20.158664124846098,597.4834909732334
8.510000000000007,352.140973058983,114.70527747308482,11.719089127688447,2.8884502436841797,760.5462100965595,547.0983709150888,21.821319546522478,55.127108282568784,20.085251936293854,597.867949319526
8.520000000000007,352.0592337516391,114.49824533874084,11.673770442991907,2.8738985376474444,760.8948519289806,547.0086406205934,21.7014965530181,55.02543852457971,20.012019513719192,598.2524047880896
8.530000000000006,351.9772209269936,114.29148611384979,11.628620163654984,2.859418408431572,761.2432543870701,546.9182324186063,21.582221665556098,54.92372212430644,19.93896669601679,598.6368570955143
8.540000000000006,351.894935183616,114.08499978815767,11.583637706264875,2.845009516926353,761.5914178050351,546.82714779437,21.463493195938458,54.82195973025125,19.866093322281817,599.0213059571585
8.550000000000008,351.8123771193738,113.87878634979698,11.538822489149727,2.8306715255267774,761.9393425161527,546.73538823248,21.34530945651332,54.72015199205714,19.79339923180343,599.4057510871462
8.560000000000008,351.7295473314334,113.6728457852938,11.49417393237544,2.816404098127171,762.2870288527702,546.6429552168877,21.227668760183594,54.61829956050615,19.720884264058018,599.7901921983645
8.570000000000007,351.6464464162598,113.46717807957559,11.449691457742432,2.8022069001153587,762.6344771463068,546.5498502309028,21.11056942041605,54.51640308751708,19.648548258702622,600.1746290024614
8.580000000000007,351.56307496961745,113.26178321597838,11.405374488782423,2.788079598366852,762.9816877272549,546.4560747571941,20.994009751251014,54.41446322614321,19.576391055568372,600.5590612098433
8.590000000000007,351.47943358657034,113.05666117625465,11.361222450755227,2.7740218612390377,763.3286609251808,546.3616302777908,20.87798806731231,54.312480630570164,19.50441249465358,600.9434885296731
8.600000000000007,351.3955228614822,112.85181194058049,11.317234770645435,2.760033358565377,763.6753970687265,546.2665182740845,20.762502683817196,54.21045595611302,19.43261241611706,601.3279106698682
8.610000000000007,351.31134338801775,112.64723548756271,11.273410877159252,2.746113761649655,764.0218964856107,546.1707402268302,20.647551916586888,54.10838985921365,19.360990660271383,601.7123273370979
8.620000000000008,351.2268957591416,112.4429317942471,11.229750200721192,2.7322627432601934,764.36815950263,546.0742976161448,20.53313408205816,54.006282997437935,19.289547067575906,602.0967382367832
8.630000000000008,351.14218056712025,112.2389008361248,11.186252173470793,2.71847997762413,764.7141864456601,545.9771919215104,20.419247497293593,53.90413602947249,19.218281478630054,602.4811430730933
8.640000000000008,351.0571984035214,112.03514258714033,11.142916229259347,2.7047651404216784,765.0599776396573,545.8794246217722,20.30589047999411,53.80194961512133,19.147193734166347,602.8655415489461
8.650000000000007,350.9719498592144,111.83165701969871,11.09974180364663,2.6911179087804116,765.4055334086598,545.7809971951386,20.19306134851022,53.69972441530267,19.076283675043353,603.2499333660052
8.660000000000007,350.88643552437145,111.62844410467248,11.056728333897581,2.6775379612695875,765.7508540757889,545.6819111191822,20.08075842185435,53.59746109204507,19.00555114223886,603.6343182246794
8.670000000000007,350.800655988467,111.42550381140934,11.01387525897899,2.6640249778944525,766.0959399632502,545.5821678708376,19.968980019713705,53.49516030848367,18.93499597684288,604.0186958241221
8.680000000000007,350.7146118402789,111.22283610773924,10.971182019556212,2.6505786400905715,766.4407913923351,545.4817689264013,19.857724462462674,53.39282272885637,18.86461802005042,604.4030658622293
8.690000000000007,350.6283036678885,111.02044095998147,10.928648057989824,2.637198630718202,766.785408683422,545.3807157615299,19.74699007117643,53.290449018499494,18.79441711315459,604.7874280356396
8.700000000000006,350.54173205868085,110.8183183329521,10.8862728183323,2.6238846340566453,767.1297921559781,545.27900985124,19.63677516764399,53.188039843843505,18.7243930975395,605.171782039733
8.710000000000008,350.45489759934566,110.6164681899711,10.844055746324651,2.6106363357986253,767.47394212856,545.1766526699046,19.527078074382384,53.08559587240866,18.654545814672897,605.5561275686315
8.720000000000008,350.36780087587755,110.4148904928692,10.801996289393154,2.597453423044721,767.8178589188154,545.0736456912539,19.41789711465016,52.983117772800114,18.584875106099386,605.9404643151964
8.730000000000008,350.2804424735758,110.21358520199551,10.760093896645893,2.5843355842977354,768.161542843485,544.9699903883703,19.309230612462372,52.880606214703306,18.51538081343281,606.3247919710311
8.740000000000007,350.1928229770459,110.01255227622426,10.718348018869454,2.571282509457163,768.5049942184032,544.8656882336888,19.20107689260473,52.77806186887864,18.446062778349415,606.7091102264783
8.750000000000007,350.1049429701992,109.8117916729619,10.676758108525565,2.5582938898136267,768.8482133584997,544.760740698993,19.093434280648705,52.6754854071565,18.376920842580382,607.0934187706215
8.760000000000007,350.0168030362537,109.61130334815412,10.635323619747696,2.54536941804333,769.1912005778012,544.6551492554127,18.986301102966365,52.57287750243187,18.30795484790457,607.4777172912846
8.770000000000007,349.9284037577341,109.41108725629336,10.594044008337697,2.5325087882025645,769.5339561894323,544.5489153734205,18.879675686746634,52.47023882865877,18.239164636141357,607.8620054750327
8.780000000000008,349.83974571647286,109.21114335042502,10.552918731762384,2.519711695722177,769.8764805056176,544.4420405228311,18.77355636000977,52.36757006084442,18.17055004914317,608.2462830071714
8.790000000000008,349.7508294936102,109.01147158215528,10.511947249150172,2.506977837402096,770.2187738376822,544.3345261727943,18.667941451624635,52.26487187504351,18.102110928788274,608.6305495717493
8.800000000000008,349.66165566959467,108.8120719016573,10.471129021287656,2.4943069114058605,770.5608364960545,544.2263737917945,18.56282929132387,52.162144948351994,18.03384711697332,609.0148048515564
8.810000000000008,349.5722248241836,108.61294425767868,10.430463510616207,2.48169861725516,770.9026687902664,544.1175848476454,18.458218209720872,52.059389958900965,17.96575845560605,609.3990485281267
8.820000000000007,349.4825375364435,108.41408859754833,10.389950181228544,2.4691526558243884,771.2442710289553,544.008160807487,18.354106538326494,51.956607585850136,17.897844786597805,609.7832802817385
8.830000000000007,349.3925943847507,108.215504867183,10.349588498865337,2.4566687293352394,771.5856435198657,543.8981031377809,18.25049260956583,51.85379850938136,17.830105951856194,610.1674997914157
8.840000000000007,349.3023959467917,108.01719301109462,10.30937793091176,2.4442465413512817,771.9267865698506,543.7874133043064,18.147374756795475,51.75096341069174,17.762541793277666,610.5517067349288
8.850000000000007,349.2119427995637,107.81915297239676,10.269317946394068,2.4318857967725673,772.2677004848729,543.6760927721558,18.044751314321,51.64810297198676,17.695152152739986,610.9359007887964
8.860000000000007,349.12123551937503,107.62138469281163,10.229408015976158,2.419586201830269,772.6083855700069,543.5641430057304,17.94262061741434,51.545217876473274,17.627936872094832,611.3200816282871
8.870000000000008,349.0302746818455,107.42388811267705,10.189647611956113,2.407347464081307,772.9488421294401,543.4515654687355,17.840981002331844,51.44230880835203,17.560895793160352,611.7042489274203
8.880000000000008,348.9390608619072,107.22666317095286,10.150036208262792,2.3951692924030183,773.2890704664741,543.3383616241741,17.739830806332613,51.33937645281046,17.494028757713583,612.0884023589692
8.890000000000008,348.84759463380476,107.029709805228,10.110573280452314,2.3830513969878186,773.6290708835271,543.2245329343442,17.639168367696087,51.23642149601483,17.42733560748307,612.4725415944619
8.900000000000007,348.7558765710957,106.8330279517271,10.07125830570465,2.370993489337897,773.9688436821347,543.1100808608318,17.538992025741166,51.133444625102655,17.360816184141267,612.8566663041831
8.910000000000007,348.6639072466513,106.63661754531724,10.032090762820125,2.358995282259915,774.3083891629514,542.9950068645056,17.43930012084459,51.03044652817464,17.294470329297038,613.2407761571781
8.920000000000007,348.571687232657,106.44047851951433,9.993070132215985,2.3470564898597366,774.647707625753,542.8793124055122,17.34009099445995,50.92742789428666,17.228297884488175,613.624870821253
8.930000000000007,348.47921710061246,106.24461080649046,9.954195895922876,2.3351768275371594,774.9867993694371,542.76299894327,17.24136298913648,50.824389413441246,17.16229869117388,614.0089499629784
8.940000000000008,348.38649742133254,106.04901433707987,9.915467537581403,2.3233560119806675,775.3256646920255,542.6460679364627,17.1431144485387,50.72133177657952,17.09647259072711,614.393013247692
8.950000000000008,348.2935287649478,105.85368904078602,9.876884542438638,2.311593761162207,775.6643038906653,542.5285208430342,17.045343717465684,50.61825567557213,17.030819424427232,614.7770603395007
8.960000000000008,348.20031170090454,105.65863484578794,9.838446397344612,2.2998897943319636,776.0027172616309,542.4103591201816,16.948049141870605,50.515161803210894,16.96533903345232,615.1610909012845
8.970000000000008,348.1068467979661,105.46385167894674,9.800152590748844,2.2882438320131633,776.3409051003251,542.2915842243499,16.851229068880457,50.41205085319958,16.90003125887163,615.5451045946985
8.980000000000008,348.01313462421246,105.26933946581256,9.762002612696843,2.276655595996899,776.6788677012812,542.1721976112242,16.754881846816254,50.308923520144845,16.834895941638187,615.9291010801765
8.990000000000007,347.9191757470411,105.07509813063088,9.723995954826599,2.2651248093369616,777.0166053581645,542.0522007357245,16.659005825212972,50.205780499547096,16.769932922581095,616.3130800169344
9.000000000000007,347.8249707331682,104.8811275963486,9.68613211036508,2.253651196344679,777.3541183637734,541.9315950519976,16.563599354839837,50.102622487790946,16.705142042398034,616.6970410629734
9.010000000000007,347.7305201486281,104.68742778462126,9.648410574124737,2.242234482583796,777.6914070100421,541.8103820134119,16.46866078772063,49.999450182135696,16.640523141647805,617.0809838750839
9.020000000000007,347.6358245587742,104.49399861581928,9.610830842499974,2.2308743948653516,778.0284715880413,541.6885630725484,16.374188477154664,49.89626428070547,16.57607606074272,617.4649081088488
9.030000000000008,347.5408845282799,104.30084000903393,9.573392413463646,2.219570661242567,778.36531238798,541.5661396811959,16.2801807777367,49.79306548247956,16.511800639941004,617.8488134186468
9.040000000000008,347.44570062113837,104.10795188208462,9.536094786563542,2.208323011005777,778.7019296992077,541.4431132903414,16.18663604537888,49.689854487282076,16.447696719339508,618.232699457658
9.050000000000008,347.3502734006641,103.9153341515243,9.498937462918843,2.1971311746773527,779.0383238102154,541.3194853501656,16.093552637330628,49.58663199577194,16.383764138865953,618.6165658778659
9.060000000000008,347.25460342949214,103.72298673264685,9.461919945216614,2.1859948840066408,779.3744950086378,541.1952573100323,16.00092891220053,49.48339870943244,16.320002738271576,619.0004123300632
9.070000000000007,347.15869126957966,103.53090953949258,9.425041737708293,2.1749138719649284,779.7104435812546,541.0704306184836,15.908763229977097,49.3801553305608,16.25641235712351,619.384238463855
9.080000000000007,347.0625374822062,103.33910248485495,9.388302346206116,2.1638878727404305,780.0461698139923,540.9450067232304,15.81705395205042,49.27690256225731,16.192992834797487,619.7680439276643
9.090000000000007,346.9661426279739,103.14756548028713,9.351701278079618,2.152916621733277,780.381673991926,540.8189870711461,15.725799441233455,49.173641108414735,16.12974401047023,620.1518283687353
9.100000000000009,346.86950726680845,102.95629843610773,9.315238042252084,2.1419998555505164,780.7169563992812,540.6923731082575,15.63499806178374,49.070371673707285,16.06666572311198,620.5355914331395
9.110000000000008,346.7726319579593,102.76530126140769,9.27891214919701,2.1311373120011594,781.0520173194349,540.565166279738,15.544648179424772,48.96709496357933,16.00375781147922,620.9193327657787
9.120000000000008,346.67551726000045,102.57457386405589,9.24272311093457,2.1203287300912037,781.3868570349179,540.4373680298987,15.454748161368203,48.86381168423444,15.941020114107063,621.3030520103915
9.130000000000008,346.57816373083097,102.38411615070586,9.206670441028063,2.1095738500187045,781.7214758274164,540.3089798021806,15.36529637633555,48.76052254262374,15.878452469302031,621.686748809558
9.140000000000008,346.4805719276754,102.1939280268018,9.170753654580361,2.0988724131688357,782.0558739777737,540.1800030391472,15.276291194579791,48.6572282464344,15.81605471513446,622.0704228047041
9.150000000000007,346.3827424070841,102.00400939658495,9.13497226823037,2.0882241621089928,782.3900517659916,540.0504391824747,15.187730987908223,48.553929504078,15.75382668943138,622.4540736361078
9.160000000000007,346.2846757249343,101.81436016309937,9.099325800149483,2.077628840583899,782.7240094712329,539.9202896729447,15.09961412970393,48.45062702467872,15.691768229769,622.8377009429037
9.170000000000007,346.1863724364307,101.62498022819828,9.063813770038017,2.067086193510711,783.0577473718223,539.7895559504357,15.011938994948068,48.34732151806132,15.629879173465413,623.2213043630895
9.180000000000007,346.0878330961052,101.4358694925505,9.028435699121653,2.056595966974176,783.3912657452485,539.6582394539146,14.924703960242525,48.24401369473896,15.568159357573407,623.6048835335306
9.190000000000008,345.9890582578182,101.24702785564602,8.993191110147903,2.046157908221774,783.7245648681661,539.5263416214277,14.837907403831974,48.14070426590101,15.506608618873068,623.9884380899663
9.200000000000008,345.890048474759,101.05845521580247,8.958079527382544,2.0357717656588923,784.057645016397,539.3938638900928,14.751547705626308,48.03739394340087,15.445226793864615,624.3719676670155
9.210000000000008,345.79080429944605,100.87015147017111,8.923100476606047,2.025437288844015,784.3905064649327,539.2608076960893,14.665623247223543,47.93408343974308,15.384013718761196,624.7554718981829
9.220000000000008,345.6913262837282,100.68211651474249,8.888253485109987,2.015154228483909,784.7231494879354,539.1271744746513,14.580132411931473,47.830773468070845,15.322969229481616,625.1389504158648
9.230000000000008,345.5916149787843,100.494350244353,8.853538081693566,2.004922336428858,785.0555743587403,538.992965660057,14.495073584791198,47.72746474215348,15.262093161643236,625.5224028513551
9.240000000000007,345.4916709351245,100.30685255269078,8.818953796659992,1.994741365667891,785.3877813498569,538.858182685621,14.410445152599447,47.62415797637307,15.20138535055493,625.9058288348515
9.250000000000007,345.3914947025906,100.1196233323012,8.78450016181288,1.9846110703240227,785.7197707329713,538.7228269836847,14.326245503930922,47.5208538857117,15.140845631209839,626.2892279954627
9.260000000000009,345.2910868303565,99.93266247459334,8.75017671045276,1.974531205649531,786.0515427789478,538.5868999856076,14.242473029161573,47.41755318573834,15.08047383827842,626.672599961214
9.270000000000008,345.19044786692893,99.74596986984595,8.715982977373477,1.9645015280212332,786.3830977578303,538.4504031217585,14.159126120490965,47.31425659259541,15.020269806101407,627.0559443590537
9.280000000000008,345.08957836014787,99.55954540721294,8.681918498858607,1.954521794935777,786.7144359388449,538.3133378215061,14.076203171965311,47.210964822985446,14.960233368682783,627.4392608148604
9.290000000000008,344.98847885718726,99.37338897472942,8.647982812677915,1.9445917650049598,787.0455575904004,538.1757055132098,13.993702579500194,47.10767859415747,14.900364359682925,627.8225489534497
9.300000000000008,344.8871499045553,99.18750045931803,8.614175458083768,1.9347111979510485,787.3764629800918,538.0375076242113,13.911622740903319,47.00439862389354,14.840662612411535,628.2058083985802
9.310000000000008,344.7855920480953,99.0018797467942,8.580495975807574,1.9248798546021335,787.7071523747009,537.8987455808243,13.82996205589779,46.90112563049484,14.781127959820921,628.5890387729622
9.320000000000007,344.6838058329862,98.81652672187204,8.546943908056209,1.9150974968874803,788.037626040198,537.7594208083267,13.748718926144276,46.797860332767684,14.721760234499143,628.9722396982622
9.330000000000007,344.5817918037431,98.63144126817059,8.513518798508438,1.9053638878329069,788.367884241745,537.6195347309499,13.667891755264623,46.694603450009815,14.66255926866308,629.3554107951126
9.340000000000007,344.47955050421785,98.44662326821916,8.480220192311375,1.8956787915561744,788.6979272436954,537.4790887718705,13.58747894886438,46.591355701996115,14.603524894151878,629.7385516831172
9.350000000000009,344.37708247759946,98.26207260346331,8.447047636076865,1.8860419732623925,789.027755309598,537.3380843532005,13.507478914555797,46.48811780896428,14.54465694242012,630.1216619808592
9.360000000000008,344.27438826641475,98.07778915427076,8.414000677877942,1.8764531992394473,789.3573687021972,537.196522895979,13.427890061980657,46.38489049160068,14.48595524453129,630.5047413059084
9.370000000000008,344.1714684125291,97.89377279993667,8.381078867245252,1.8669122368534226,789.6867676834355,537.054405820161,13.348710802833313,46.281674471025845,14.427419631150935,630.8877892748288
9.380000000000008,344.0683234571472,97.71002341868959,8.348281755163471,1.8574188545440773,790.0159525144556,536.9117345446098,13.269939550883496,46.17847046877983,14.369049932540381,631.2708055031865
9.390000000000008,343.9649539408128,97.52654088769751,8.315608894067763,1.847972821820293,790.3449234556017,536.768510487087,13.191574721999153,46.07527920680772,14.31084597855001,631.6537896055561
9.400000000000007,343.86136040341,97.34332508307281,8.283059837840172,1.8385739092555662,790.6736807664215,536.6247350642427,13.11361473416949,45.97210140744474,14.252807598612856,632.0367411955302
9.410000000000007,343.75754338416374,97.16037587987842,8.250634141806064,1.829221888483511,791.0022247056683,536.480409691607,13.036058007527483,45.868937793401486,14.194934621738232,632.4196598857258
9.420000000000009,343.6535034216402,96.97769315213343,8.21833136273056,1.819916532193369,791.3305555313025,536.3355357835795,12.958902964373252,45.765789087748814,14.137226876505311,632.8025452877931
9.430000000000009,343.54924105374766,96.79527677281838,8.186151058814977,1.8106576141255473,791.6586735004935,536.1901147534214,12.882148029196156,45.66265601390309,14.079684191056815,633.1853970124225
9.440000000000008,343.44475681773656,96.61312661388128,8.154092789693228,1.801444909067157,791.9865788696218,536.0441480132444,12.805791628698206,45.559539295610634,14.022306393092798,633.568214669354
9.450000000000008,343.34005125020053,96.4312425462427,8.12215611642828,1.7922781928475748,792.3142718942809,535.8976369740025,12.729832191816392,45.456439656932815,13.965093309864335,633.950997867384
9.460000000000008,343.23512488707684,96.24962443980193,8.09034060150857,1.7831572423340276,792.6417528292786,535.7505830454818,12.65426814974574,45.3533578222305,13.90804476816753,634.3337462143744
9.470000000000008,343.129978263647,96.0682721634419,8.05864580884444,1.7740818354271812,792.9690219286394,535.6029876362923,12.579097935961448,45.25029451614874,13.851160594337273,634.7164593172603
9.480000000000008,343.0246119145373,95.88718558503494,8.027071303764577,1.765051751056743,793.2960794456064,535.4548521538568,12.504319986242031,45.14725046360116,13.794440614241259,635.0991367820587
9.490000000000007,342.9190263737193,95.70636457144846,7.995616653012438,1.7560667691770917,793.6229256326427,535.3061780044033,12.429932738691525,45.04422638975437,13.737884653274044,635.4817782138767
9.500000000000007,342.8132221745108,95.52580898855008,7.964281424742689,1.74712667076292,793.9495607414334,535.156966592954,12.35593463376224,44.94122302001236,13.681492536351064,635.8643832169204
9.510000000000009,342.7071998495759,95.34551870121334,7.933065188517634,1.7382312378048717,794.2759850228882,535.0072193233168,12.282324114277115,44.838241080000586,13.62526408790275,636.2469513945027
9.520000000000008,342.6009599309259,95.16549357332309,7.90196751530367,1.7293802533052307,794.6021987271422,534.8569375980763,12.209099625452104,44.73528129555015,13.56919913186885,636.6294823490525
9.530000000000008,342.4945029499197,94.9857334677808,7.870987977467713,1.720573501273593,794.9282021035582,534.7061228185839,12.136259614918536,44.632344392681944,13.513297491692573,637.011975682123
9.540000000000008,342.3878294372647,94.80623824650992,7.840126148773628,1.7118107667225642,795.2539954007291,534.5547763849484,12.063802532745418,44.529431097590454,13.457558990314878,637.3944309944009
9.550000000000008,342.2809399230171,94.62700777046166,7.809381604378679,1.7030918356634894,795.5795788664791,534.4028996960267,11.991726831461794,44.42654213662777,13.401983450169027,637.7768478857148
9.560000000000008,342.1738349365824,94.4480418996197,7.778753920829978,1.6944164951021683,795.9049527478658,534.2504941494147,11.920030966078698,44.32367823628745,13.346570693174872,638.1592259550442
9.570000000000007,342.06651500671643,94.26934049300597,7.748242676060918,1.6857845330346022,796.2301172911821,534.0975611414392,11.8487133941109,44.220840123188125,13.291320540733395,638.5415648005284
9.580000000000009,341.9589806615255,94.09090340868596,7.7178474493876195,1.6771957384427605,796.5550727419582,533.9441020671462,11.77777257559987,44.11802852405723,13.236232813721372,638.9238640194753
9.590000000000009,341.851232428467,93.91273050377391,7.6875678215053975,1.6686499012903555,796.8798193449634,533.7901183202938,11.707206973134689,44.0152441657147,13.181307332485954,639.3061232083708
9.600000000000009,341.7432708343505,93.73482163443788,7.657403374485174,1.6601468125186296,797.2043573442078,533.6356112933425,11.637015051874341,43.91248777505638,13.126543916839346,639.6883419628874
9.610000000000008,341.63509640533744,93.55717665590569,7.627353691769955,1.6516862640421557,797.5286869829448,533.4805823774453,11.567195279569736,43.809760079037524,13.071942386053617,640.0705198778938
9.620000000000008,341.52670966694257,93.37979542246934,7.597418358171276,1.6432680487446691,797.8528085036721,533.3250329624396,11.497746126584632,43.707061804656185,13.017502558855604,640.4526565474639
9.630000000000008,341.4181111440343,93.20267778749063,7.5675969598656545,1.634891960474897,798.1767221481346,533.1689644368379,11.42866606591787,43.60439367893661,12.963224253421732,640.8347515648859
9.640000000000008,341.30930136083487,93.02582360340652,7.537889084391045,1.6265577940424045,798.5004281573251,533.0123781878185,11.35995357322463,43.50175642891241,12.909107287373013,641.2168045226715
9.650000000000007,341.2002808409215,92.849232721734,7.508294320643301,1.6182653452134683,798.8239267714878,532.8552756012166,11.29160712683764,43.39915078160986,12.855151477770194,641.5988150125658
9.660000000000007,341.0910501072266,92.67290499307533,7.478812258872643,1.6100144107069572,799.1472182301185,532.6976580615159,11.223625207788645,43.29657746403095,12.801356641108786,641.9807826255558
9.670000000000009,340.98160968203837,92.49684026712356,7.4494424906801004,1.601804788190215,799.4703027719678,532.5395269518384,11.156006299829816,43.19403720313662,12.747722593314256,642.3627069518809
9.680000000000009,340.87196008700187,92.321038392667,7.420184609013991,1.5936362762749847,799.7931806350422,532.3808836539379,11.088748889454179,43.09153072582958,12.694249149737397,642.744587581041
9.690000000000008,340.7621018431188,92.14549921759496,7.391038208166386,1.5855086745133258,800.1158520566065,532.2217295481884,11.021851465917218,42.98905875893754,12.640936125149553,643.1264241018073
9.700000000000008,340.65203547074884,91.9702225889023,7.362002883769581,1.5774217833935578,800.4383172731857,532.0620660135772,10.955312521257413,42.886622029195905,12.587783333738146,643.5082161022312
9.710000000000008,340.5417614896097,91.79520835269513,7.333078232792556,1.5693754043362056,800.7605765205665,531.9018944276958,10.889130550317168,42.78422126323079,12.534790589102021,643.8899631696543
9.720000000000008,340.4312804187781,91.62045635419517,7.304263853537473,1.5613693396899857,801.0826300337993,531.7412161667312,10.823304050763182,42.68185718754182,12.481957704247172,644.2716648907166
9.730000000000008,340.3205927766899,91.44596643774535,7.275559345636131,1.5534033927277733,801.4044780472009,531.5800326054572,10.75783152310719,42.579530528484824,12.429284491582258,644.6533208513686
9.740000000000009,340.20969908114137,91.27173844681451,7.24696431004644,1.5454773676426072,801.7261207943551,531.4183451172261,10.692711470726271,42.477242012254614,12.376770762914392,645.0349306368787
9.750000000000009,340.098599849289,91.0977722240026,7.218478349048959,1.5375910695437092,802.0475585081157,531.2561550739593,10.627942399883366,42.37499236486782,12.324416329444906,645.4164938318446
9.760000000000009,339.98729559765076,90.92406761104534,7.190101066243301,1.5297443044524963,802.3687914206081,531.0934638461413,10.563522819746721,42.272782312145225,12.272221001765159,645.7980100202017
9.770000000000008,339.875786842106,90.75062444881988,7.16183206654467,1.5219368792986419,802.6898197632308,530.9302728028078,10.499451242410977,42.17061257969451,12.22018458985258,646.1794787852341
9.780000000000008,339.76407409789664,90.57744257734883,7.133670956180341,1.5141686019161193,803.0106437666581,530.766583311541,10.435726182916033,42.06848389289289,12.168306903066647,646.5608997095834
9.790000000000008,339.6521578796277,90.40452183580581,7.10561734268616,1.5064392810392755,803.331263660841,530.6023967384585,10.372346159267476,41.966396976869504,12.116587750144927,646.9422723752596
9.800000000000008,339.5400387012673,90.23186206252025,7.077670834903008,1.4987487262989225,803.6516796750105,530.4377144482069,10.309309692456045,41.864352556487894,12.065026939199337,647.3235963636498
9.810000000000008,339.427717076148,90.05946309498212,7.0498310429733655,1.4910967482184343,803.9718920376781,530.272537803953,10.24661530647687,41.76235135632846,12.013624277712388,647.7048712555293
9.820000000000007,339.3151935169668,89.88732476984701,7.0220975783377515,1.4834831582098569,804.2919009766385,530.1068681673759,10.184261528349236,41.660394100670956,11.962379572533425,648.0860966310705
9.830000000000009,339.20246853578607,89.71544692294094,6.994470053731249,1.4759077685700495,804.6117067189717,529.9407068986586,10.12224688813557,41.55848151347665,11.911292629875154,648.467272069854
9.840000000000009,339.08954264403405,89.54382938926504,6.966948083180038,1.4683703924768172,804.9313094910441,529.7740553564813,10.060569918960482,41.45661431837095,11.860363255310064,648.8483971508772
9.850000000000009,338.97641635250557,89.37247200300041,6.939531281997883,1.4608708439850728,805.2507095185111,529.6069148980123,9.999229157029774,41.35479323862538,11.809591253767008,649.2294714525656
9.860000000000008,338.863090171362,89.20137459751336,6.912219266782651,1.4534089380230117,805.569907026319,529.4392868789006,9.938223141649399,41.25301899714009,11.758976429527895,649.610494552782
9.870000000000008,338.74956461013244,89.03053700535965,6.8850116554128205,1.4459844903882901,805.8889022387068,529.2711726532684,9.877550415243775,41.151292316425966,11.708518586224331,649.9914660288375
9.880000000000008,338.6358401777146,88.85995905828922,6.857908067044034,1.4385973177442408,806.2076953792078,529.1025735737037,9.81720952337452,41.0496139185869,11.658217526834518,650.3723854575004
9.890000000000008,338.52191738237457,88.68964058725153,6.830908122105604,1.4312472376160736,806.5262866706522,528.9334909912524,9.757199014758609,40.94798452530198,11.608073053680135,650.7532524150068
9.90000000000001,338.4077967317477,88.51958142239982,6.804011442297034,1.423934068387108,806.8446763351684,528.7639262554108,9.697517441286768,40.846404857807734,11.55808496842317,651.1340664770715
9.910000000000009,338.2934787328395,88.34978139309591,6.77721765058458,1.416657629295025,807.162864594185,528.5938807141184,9.638163358041394,40.744875636880046,11.508253072063242,651.5148272188969
9.920000000000009,338.17896389202576,88.18024032791499,6.750526371197758,1.4094177404281143,807.4808516684334,528.4233557137503,9.57913532331444,40.64339758281654,11.458577164934463,651.8955342151842
9.930000000000009,338.06425271505356,88.01095805465029,6.723937229625891,1.4022142227215535,807.7986377779488,528.2523525991113,9.520431898625045,40.54197141541844,11.409057046702838,652.2761870401423
9.940000000000008,337.94934570704123,87.84193440031775,6.697449852614657,1.3950468979536852,808.1162231420726,528.0808727134262,9.462051648737432,40.44059785397292,11.359692516363406,652.6567852675001
9.950000000000008,337.83424337247993,87.67316919116035,6.671063868162654,1.3879155887423256,808.4336079794547,527.9089173983352,9.403993141677756,40.33927761723485,11.310483372237792,653.0373284705144
9.960000000000008,337.71894621523313,87.50466225265352,6.644778905517911,1.3808201185410751,808.7507925080544,527.7364879938856,9.346254948752065,40.23801142340912,11.261429411971532,653.4178162219816
9.970000000000008,337.6034547385379,87.33641340950882,6.618594595174476,1.3737603116356412,809.0677769451431,527.5635858385253,9.288835644562603,40.13679999013251,11.212530432531638,653.7982480942478
9.980000000000008,337.48776944500514,87.16842248567922,6.5925105688689625,1.3667359931401861,809.3845615073064,527.3902122690961,9.231733807025288,40.03564403445568,11.163786230204302,654.1786236592187
9.990000000000009,337.3718908366203,87.0006893043634,6.56652645957711,1.3597469889936837,809.7011464104455,527.2163686208266,9.174948017386185,39.93454427282529,11.115196600592476,654.5589424883694
10.000000000000009,337.2558194147443,86.83321368801033,6.54064190151037,1.3527931259562813,810.0175318697787,527.0420562273259,9.118476860238236,39.83350142106598,11.06676133861376,654.939204152756
